Description,Manufacturer,Part Number,Conduit Designation,BRSID,,,,
AFC Cable Systems - 1/2 in FMC Conduit-Conduit,AFC Cable Systems,5602-60-00,1/2-FMC-Conduit,CONDUIT-AFC-Cable-Systems-5602-60-00,,,,
AFC Cable Systems - 1-1/4 in EMT Compression Connector-Compression Connector,AFC Cable Systems,AA125RKON,1-1/4-EMT-Compression-Connector,CONDUIT-AFC-Cable-Systems-AA125RKON,,,,
AFC Cable Systems - 1-1/4 in EMT Set Screw Connector-Set Screw Connector,AFC Cable Systems,SCI125,1-1/4-EMT-Set-Screw-Connector,CONDUIT-AFC-Cable-Systems-SCI125,,,,
AFC Cable Systems - 1-1/4 in FMC Conduit-Conduit,AFC Cable Systems,5605-40-00,1-1/4-FMC-Conduit,CONDUIT-AFC-Cable-Systems-5605-40-00,,,,
AFC Cable Systems - 1 in FMC Conduit-Conduit,AFC Cable Systems,5605-24-00,1-FMC-Conduit,CONDUIT-AFC-Cable-Systems-5605-24-00,,,,
AFC Cable Systems - 2 in EMT Compression Coupling-Compression Coupling,AFC Cable Systems,CK200RKON,2-EMT-Compression-Coupling,CONDUIT-AFC-Cable-Systems-CK200RKON,,,,
AFC Cable Systems - 2 in FMC Conduit-Conduit,AFC Cable Systems,5607-22-00,2-FMC-Conduit,CONDUIT-AFC-Cable-Systems-5607-22-00,,,,
AFC Cable Systems - 2 in RMC Conduit-Conduit,AFC Cable Systems,GALV-2,2-RMC-Conduit,CONDUIT-AFC-Cable-Systems-GALV-2,,,,
AFC Cable Systems - 3/4 in EMT Compression Connector-Compression Connector,AFC Cable Systems,RCC75ICKON,3/4-EMT-Compression-Connector,CONDUIT-AFC-Cable-Systems-RCC75ICKON,,,,
AFC Cable Systems - 3/4 in FMC Conduit-Conduit,AFC Cable Systems,5603-60-00,3/4-FMC-Conduit,CONDUIT-AFC-Cable-Systems-5603-60-00,,,,
AFC Cable Systems - 3/4 in IMC Conduit-Conduit,AFC Cable Systems,IMC-3/4,3/4-IMC-Conduit,CONDUIT-AFC-Cable-Systems-IMC-3/4,,,,
Allied Tube & Conduit - 1/2 in PVC Conduit-Conduit,Allied Tube & Conduit,8106,1/2-PVC-Conduit,CONDUIT-Allied-Tube-&-Conduit-8106,,,,
Allied Tube & Conduit - 1-1/2 in EMT Conduit-Conduit,Allied Tube & Conduit,101584,1-1/2-EMT-Conduit,CONDUIT-Allied-Tube-&-Conduit-101584,,,,
Allied Tube & Conduit - 1-1/2 in PVC Coupling-Coupling,Allied Tube & Conduit,59605,1-1/2-PVC-Coupling,CONDUIT-Allied-Tube-&-Conduit-59605,,,,
Allied Tube & Conduit - 1-1/4 in EMT Conduit-Conduit,Allied Tube & Conduit,101576,1-1/4-EMT-Conduit,CONDUIT-Allied-Tube-&-Conduit-101576,,,,
Allied Tube & Conduit - 1-1/4 in PVC Conduit-Conduit,Allied Tube & Conduit,8105,1-1/4-PVC-Conduit,CONDUIT-Allied-Tube-&-Conduit-8105,,,,
Allied Tube & Conduit - 1-1/4 in PVC Conduit-Conduit,Allied Tube & Conduit,9305,1-1/4-PVC-Conduit,CONDUIT-Allied-Tube-&-Conduit-9305,,,,
Allied Tube & Conduit - 1-1/4 in PVC Elbow 90-Elbow 90,Allied Tube & Conduit,59591,1-1/4-PVC-Elbow-90,CONDUIT-Allied-Tube-&-Conduit-59591,,,,
Allied Tube & Conduit - 1 in EMT Conduit-Conduit,Allied Tube & Conduit,101568,1-EMT-Conduit,CONDUIT-Allied-Tube-&-Conduit-101568,,,,
Allied Tube & Conduit - 2-1/2 in PVC Elbow 90-Elbow 90,Allied Tube & Conduit,924977,2-1/2-PVC-Elbow-90,CONDUIT-Allied-Tube-&-Conduit-924977,,,,
Allied Tube & Conduit - 2 in EMT Conduit-Conduit,Allied Tube & Conduit,101592,2-EMT-Conduit,CONDUIT-Allied-Tube-&-Conduit-101592,,,,
Allied Tube & Conduit - 2 in PVC Conduit-Conduit,Allied Tube & Conduit,8108,2-PVC-Conduit,CONDUIT-Allied-Tube-&-Conduit-8108,,,,
Allied Tube & Conduit - 3/4 in EMT Conduit-Conduit,Allied Tube & Conduit,782538,3/4-EMT-Conduit,CONDUIT-Allied-Tube-&-Conduit-782538,,,,
Allied Tube & Conduit - 3/4 in PVC Conduit-Conduit,Allied Tube & Conduit,8103,3/4-PVC-Conduit,CONDUIT-Allied-Tube-&-Conduit-8103,,,,
American Fittings - 1/2 in RMC Compression Connector-Compression Connector,American Fittings,NT2750,1/2-RMC-Compression-Connector,CONDUIT-American-Fittings-NT2750,,,,
American Fittings - 1/2 in RMC Compression Connector-Compression Connector,American Fittings,NT2750RT,1/2-RMC-Compression-Connector,CONDUIT-American-Fittings-NT2750RT,,,,
American Fittings - 1/2 in RMC Compression Coupling-Compression Coupling,American Fittings,NT2760,1/2-RMC-Compression-Coupling,CONDUIT-American-Fittings-NT2760,,,,
American Fittings - 1/2 in RMC Compression Coupling-Compression Coupling,American Fittings,NT2760RT,1/2-RMC-Compression-Coupling,CONDUIT-American-Fittings-NT2760RT,,,,
American Fittings - 1-1/2 in RMC Compression Connector-Compression Connector,American Fittings,NT2754,1-1/2-RMC-Compression-Connector,CONDUIT-American-Fittings-NT2754,,,,
American Fittings - 1-1/2 in RMC Compression Coupling-Compression Coupling,American Fittings,NT2764,1-1/2-RMC-Compression-Coupling,CONDUIT-American-Fittings-NT2764,,,,
American Fittings - 1-1/4 in RMC Compression Connector-Compression Connector,American Fittings,NT2753,1-1/4-RMC-Compression-Connector,CONDUIT-American-Fittings-NT2753,,,,
American Fittings - 1-1/4 in RMC Compression Connector-Compression Connector,American Fittings,NT2753RT,1-1/4-RMC-Compression-Connector,CONDUIT-American-Fittings-NT2753RT,,,,
American Fittings - 1-1/4 in RMC Compression Coupling-Compression Coupling,American Fittings,NT2763,1-1/4-RMC-Compression-Coupling,CONDUIT-American-Fittings-NT2763,,,,
American Fittings - 1 in EMT Compression Connector-Compression Connector,American Fittings,EC752US,1-EMT-Compression-Connector,CONDUIT-American-Fittings-EC752US,,,,
American Fittings - 1 in RMC Compression Connector-Compression Connector,American Fittings,NT2752,1-RMC-Compression-Connector,CONDUIT-American-Fittings-NT2752,,,,
American Fittings - 1 in RMC Compression Connector-Compression Connector,American Fittings,NT2752RT,1-RMC-Compression-Connector,CONDUIT-American-Fittings-NT2752RT,,,,
American Fittings - 1 in RMC Compression Coupling-Compression Coupling,American Fittings,NT2762,1-RMC-Compression-Coupling,CONDUIT-American-Fittings-NT2762,,,,
American Fittings - 1 in RMC Compression Coupling-Compression Coupling,American Fittings,NT2762RT,1-RMC-Compression-Coupling,CONDUIT-American-Fittings-NT2762RT,,,,
American Fittings - 2 in RMC Compression Connector-Compression Connector,American Fittings,NT2755,2-RMC-Compression-Connector,CONDUIT-American-Fittings-NT2755,,,,
American Fittings - 2 in RMC Compression Coupling-Compression Coupling,American Fittings,NT2755RT,2-RMC-Compression-Coupling,CONDUIT-American-Fittings-NT2755RT,,,,
American Fittings - 2 in RMC Compression Coupling-Compression Coupling,American Fittings,NT2765RT,2-RMC-Compression-Coupling,CONDUIT-American-Fittings-NT2765RT,,,,
American Fittings - 3/4 in EMT Compression Connector-Compression Connector,American Fittings,EC751USRT,3/4-EMT-Compression-Connector,CONDUIT-American-Fittings-EC751USRT,,,,
American Fittings - 3/4 in EMT Compression Coupling-Compression Coupling,American Fittings,EC761US,3/4-EMT-Compression-Coupling,CONDUIT-American-Fittings-EC761US,,,,
American Fittings - 3/4 in RMC Compression Connector-Compression Connector,American Fittings,NT2751,3/4-RMC-Compression-Connector,CONDUIT-American-Fittings-NT2751,,,,
American Fittings - 3/4 in RMC Compression Connector-Compression Connector,American Fittings,NT2751RT,3/4-RMC-Compression-Connector,CONDUIT-American-Fittings-NT2751RT,,,,
American Fittings - 3/4 in RMC Compression Coupling-Compression Coupling,American Fittings,NT2761,3/4-RMC-Compression-Coupling,CONDUIT-American-Fittings-NT2761,,,,
American Fittings - 3/4 in RMC Compression Coupling-Compression Coupling,American Fittings,NT2761RT,3/4-RMC-Compression-Coupling,CONDUIT-American-Fittings-NT2761RT,,,,
American Fittings - 3 in RMC Compression Coupling-Compression Coupling,American Fittings,ERC300CONN,3-RMC-Compression-Coupling,CONDUIT-American-Fittings-ERC300CONN,,,,
American Fittings - 3 in RMC Compression Coupling-Compression Coupling,American Fittings,ERC300CPLG,3-RMC-Compression-Coupling,CONDUIT-American-Fittings-ERC300CPLG,,,,
Anamet Electrical - 1-1/4 in RMC Compression Connector-Compression Connector,Anamet Electrical,7STR125B,1-1/4-RMC-Compression-Connector,CONDUIT-Anamet-Electrical-7STR125B,,,,
Appleton - 1/2 in EMT Compression Connector-Compression Connector,Appleton,7050GSR,1/2-EMT-Compression-Connector,CONDUIT-Appleton-7050GSR,,,,
Appleton - 1/2 in EMT Compression Coupling-Compression Coupling,Appleton,6050GSR,1/2-EMT-Compression-Coupling,CONDUIT-Appleton-6050GSR,,,,
Appleton - 1/2 in EMT Set Screw Connector-Set Screw Connector,Appleton,4050S,1/2-EMT-Set-Screw-Connector,CONDUIT-Appleton-4050S,,,,
Appleton - 1-1/2 in EMT Compression Connector-Compression Connector,Appleton,7150GSR,1-1/2-EMT-Compression-Connector,CONDUIT-Appleton-7150GSR,,,,
Appleton - 1-1/2 in EMT Compression Connector-Compression Connector,Appleton,7150GSRT,1-1/2-EMT-Compression-Connector,CONDUIT-Appleton-7150GSRT,,,,
Appleton - 1-1/2 in RMC Compression Coupling-Compression Coupling,Appleton,NTCC150,1-1/2-RMC-Compression-Coupling,CONDUIT-Appleton-NTCC150,,,,
Appleton - 1-1/4 in EMT Compression Connector-Compression Connector,Appleton,7125GSR,1-1/4-EMT-Compression-Connector,CONDUIT-Appleton-7125GSR,,,,
Appleton - 1-1/4 in EMT Compression Connector-Compression Connector,Appleton,7125GSRT,1-1/4-EMT-Compression-Connector,CONDUIT-Appleton-7125GSRT,,,,
Appleton - 1-1/4 in EMT Compression Coupling-Compression Coupling,Appleton,6125GSR,1-1/4-EMT-Compression-Coupling,CONDUIT-Appleton-6125GSR,,,,
Appleton - 1-1/4 in EMT Set Screw Connector-Set Screw Connector,Appleton,4125S,1-1/4-EMT-Set-Screw-Connector,CONDUIT-Appleton-4125S,,,,
Appleton - 1-1/4 in RMC Compression Connector-Compression Connector,Appleton,NTC125,1-1/4-RMC-Compression-Connector,CONDUIT-Appleton-NTC125,,,,
Appleton - 1-1/4 in RMC Expansion Coupling-Expansion Coupling,Appleton,XJ1254,1-1/4-RMC-Expansion-Coupling,CONDUIT-Appleton-XJ1254,,,,
Appleton - 1 in EMT Compression Connector-Compression Connector,Appleton,7100GSR,1-EMT-Compression-Connector,CONDUIT-Appleton-7100GSR,,,,
Appleton - 1 in EMT Compression Connector-Compression Connector,Appleton,7100GSRT,1-EMT-Compression-Connector,CONDUIT-Appleton-7100GSRT,,,,
Appleton - 1 in EMT Compression Connector-Compression Connector,Appleton,7100ST,1-EMT-Compression-Connector,CONDUIT-Appleton-7100ST,,,,
Appleton - 1 in EMT Compression Coupling-Compression Coupling,Appleton,6100GSR,1-EMT-Compression-Coupling,CONDUIT-Appleton-6100GSR,,,,
Appleton - 1 in EMT Compression Coupling-Compression Coupling,Appleton,6100S,1-EMT-Compression-Coupling,CONDUIT-Appleton-6100S,,,,
Appleton - 1 in EMT Set Screw Connector-Set Screw Connector,Appleton,4100S,1-EMT-Set-Screw-Connector,CONDUIT-Appleton-4100S,,,,
Appleton - 1 in EMT Set Screw Connector-Set Screw Connector,Appleton,4100ST,1-EMT-Set-Screw-Connector,CONDUIT-Appleton-4100ST,,,,
Appleton - 1 in RMC Compression Connector-Compression Connector,Appleton,NTC100,1-RMC-Compression-Connector,CONDUIT-Appleton-NTC100,,,,
Appleton - 1 in RMC Compression Connector-Compression Connector,Appleton,NTC-100,1-RMC-Compression-Connector,CONDUIT-Appleton-NTC-100,,,,
Appleton - 1 in RMC Compression Coupling-Compression Coupling,Appleton,NTCC100,1-RMC-Compression-Coupling,CONDUIT-Appleton-NTCC100,,,,
Appleton - 1 in RMC Compression Coupling-Compression Coupling,Appleton,NTCC-100,1-RMC-Compression-Coupling,CONDUIT-Appleton-NTCC-100,,,,
Appleton - 1 in RMC Expansion Coupling-Expansion Coupling,Appleton,EX-100,1-RMC-Expansion-Coupling,CONDUIT-Appleton-EX-100,,,,
Appleton - 1 in RMC Expansion Coupling-Expansion Coupling,Appleton,XJ1004,1-RMC-Expansion-Coupling,CONDUIT-Appleton-XJ1004,,,,
Appleton - 1 in RMC Expansion Coupling-Expansion Coupling,Appleton,XJ1008,1-RMC-Expansion-Coupling,CONDUIT-Appleton-XJ1008,,,,
Appleton - 2-1/2 in EMT Compression Connector-Compression Connector,Appleton,7250GSR,2-1/2-EMT-Compression-Connector,CONDUIT-Appleton-7250GSR,,,,
Appleton - 2 in EMT Compression Connector-Compression Connector,Appleton,7200GSR,2-EMT-Compression-Connector,CONDUIT-Appleton-7200GSR,,,,
Appleton - 2 in EMT Compression Connector-Compression Connector,Appleton,7200GSRT,2-EMT-Compression-Connector,CONDUIT-Appleton-7200GSRT,,,,
Appleton - 2 in EMT Compression Connector-Compression Connector,Appleton,7200S,2-EMT-Compression-Connector,CONDUIT-Appleton-7200S,,,,
Appleton - 2 in EMT Compression Coupling-Compression Coupling,Appleton,6200GSR,2-EMT-Compression-Coupling,CONDUIT-Appleton-6200GSR,,,,
Appleton - 2 in EMT Compression Coupling-Compression Coupling,Appleton,C2001R,2-EMT-Compression-Coupling,CONDUIT-Appleton-C2001R,,,,
Appleton - 2 in EMT Set Screw Connector-Set Screw Connector,Appleton,4200S,2-EMT-Set-Screw-Connector,CONDUIT-Appleton-4200S,,,,
Appleton - 2 in RMC Compression Connector-Compression Connector,Appleton,NTC200,2-RMC-Compression-Connector,CONDUIT-Appleton-NTC200,,,,
Appleton - 3/4 in EMT Compression Connector-Compression Connector,Appleton,7075GSR,3/4-EMT-Compression-Connector,CONDUIT-Appleton-7075GSR,,,,
Appleton - 3/4 in EMT Compression Connector-Compression Connector,Appleton,7075GSRT,3/4-EMT-Compression-Connector,CONDUIT-Appleton-7075GSRT,,,,
Appleton - 3/4 in EMT Compression Connector-Compression Connector,Appleton,7075S,3/4-EMT-Compression-Connector,CONDUIT-Appleton-7075S,,,,
Appleton - 3/4 in EMT Compression Connector-Compression Connector,Appleton,7075ST,3/4-EMT-Compression-Connector,CONDUIT-Appleton-7075ST,,,,
Appleton - 3/4 in EMT Compression Coupling-Compression Coupling,Appleton,6075GSR,3/4-EMT-Compression-Coupling,CONDUIT-Appleton-6075GSR,,,,
Appleton - 3/4 in EMT Compression Coupling-Compression Coupling,Appleton,6075S,3/4-EMT-Compression-Coupling,CONDUIT-Appleton-6075S,,,,
Appleton - 3/4 in EMT Set Screw Connector-Set Screw Connector,Appleton,4075S,3/4-EMT-Set-Screw-Connector,CONDUIT-Appleton-4075S,,,,
Appleton - 3/4 in EMT Set Screw Connector-Set Screw Connector,Appleton,4075ST,3/4-EMT-Set-Screw-Connector,CONDUIT-Appleton-4075ST,,,,
Appleton - 3/4 in RMC Compression Connector-Compression Connector,Appleton,NTC75,3/4-RMC-Compression-Connector,CONDUIT-Appleton-NTC75,,,,
Appleton - 3/4 in RMC Compression Connector-Compression Connector,Appleton,NTC-75,3/4-RMC-Compression-Connector,CONDUIT-Appleton-NTC-75,,,,
Appleton - 3/4 in RMC Compression Coupling-Compression Coupling,Appleton,NTCC75,3/4-RMC-Compression-Coupling,CONDUIT-Appleton-NTCC75,,,,
Appleton - 3/4 in RMC Compression Coupling-Compression Coupling,Appleton,NTCC-75,3/4-RMC-Compression-Coupling,CONDUIT-Appleton-NTCC-75,,,,
Appozgcomm - 1-1/2 in EMT Compression Connector-Compression Connector,Appozgcomm,7150S,1-1/2-EMT-Compression-Connector,CONDUIT-Appozgcomm-7150S,,,,
Appozgcomm - 1-1/2 in EMT Set Screw Connector-Set Screw Connector,Appozgcomm,4150S,1-1/2-EMT-Set-Screw-Connector,CONDUIT-Appozgcomm-4150S,,,,
Appozgcomm - 1-1/4 in EMT Compression Connector-Compression Connector,Appozgcomm,7125S,1-1/4-EMT-Compression-Connector,CONDUIT-Appozgcomm-7125S,,,,
Appozgcomm - 1-1/4 in EMT Compression Connector-Compression Connector,Appozgcomm,7125UST,1-1/4-EMT-Compression-Connector,CONDUIT-Appozgcomm-7125UST,,,,
Appozgcomm - 1-1/4 in EMT Compression Coupling-Compression Coupling,Appozgcomm,6125S,1-1/4-EMT-Compression-Coupling,CONDUIT-Appozgcomm-6125S,,,,
Appozgcomm - 1 in EMT Compression Connector-Compression Connector,Appozgcomm,7100S,1-EMT-Compression-Connector,CONDUIT-Appozgcomm-7100S,,,,
Appozgcomm - 1 in RMC Compression Coupling-Compression Coupling,Appozgcomm,TPC-100,1-RMC-Compression-Coupling,CONDUIT-Appozgcomm-TPC-100,,,,
Appozgcomm - 2 in EMT Compression Coupling-Compression Coupling,Appozgcomm,6200S,2-EMT-Compression-Coupling,CONDUIT-Appozgcomm-6200S,,,,
Arlington - 1/2 in EMT Set Screw Connector-Set Screw Connector,Arlington,800ST,1/2-EMT-Set-Screw-Connector,CONDUIT-Arlington-800ST,,,,
Arlington - 1-1/2 in EMT Compression Connector-Compression Connector,Arlington,824RT,1-1/2-EMT-Compression-Connector,CONDUIT-Arlington-824RT,,,,
Arlington - 1-1/4 in EMT Compression Connector-Compression Connector,Arlington,823RT,1-1/4-EMT-Compression-Connector,CONDUIT-Arlington-823RT,,,,
"Arlington Roof Topper Conduit Support with Strut,  4"" Height, 9"" Length",Arlington,RTS4,1-5/8-Plastic-Strut-Block,CONDUIT-Arlington-RTS4,,,,
Arlington - 1 in EMT Compression Connector-Compression Connector,Arlington,822ART,1-EMT-Compression-Connector,CONDUIT-Arlington-822ART,,,,
Arlington - 1 in EMT Compression Connector-Compression Connector,Arlington,822RT,1-EMT-Compression-Connector,CONDUIT-Arlington-822RT,,,,
Arlington - 1 in EMT Compression Coupling-Compression Coupling,Arlington,832RT,1-EMT-Compression-Coupling,CONDUIT-Arlington-832RT,,,,
Arlington - 2-1/2 in EMT Compression Connector-Compression Connector,Arlington,826,2-1/2-EMT-Compression-Connector,CONDUIT-Arlington-826,,,,
Arlington - 2-1/2 in EMT Compression Connector-Compression Connector,Arlington,826RT,2-1/2-EMT-Compression-Connector,CONDUIT-Arlington-826RT,,,,
Arlington - 2 in EMT Compression Connector-Compression Connector,Arlington,825,2-EMT-Compression-Connector,CONDUIT-Arlington-825,,,,
Arlington - 2 in EMT Compression Connector-Compression Connector,Arlington,825ART,2-EMT-Compression-Connector,CONDUIT-Arlington-825ART,,,,
Arlington - 2 in EMT Compression Connector-Compression Connector,Arlington,825RT,2-EMT-Compression-Connector,CONDUIT-Arlington-825RT,,,,
Arlington - 2 in EMT Compression Coupling-Compression Coupling,Arlington,835RT,2-EMT-Compression-Coupling,CONDUIT-Arlington-835RT,,,,
Arlington - 3/4 in EMT Compression Connector-Compression Connector,Arlington,821,3/4-EMT-Compression-Connector,CONDUIT-Arlington-821,,,,
Arlington - 3/4 in EMT Compression Connector-Compression Connector,Arlington,821ART,3/4-EMT-Compression-Connector,CONDUIT-Arlington-821ART,,,,
Arlington - 3/4 in EMT Compression Connector-Compression Connector,Arlington,821RT,3/4-EMT-Compression-Connector,CONDUIT-Arlington-821RT,,,,
Arlington - 3/4 in EMT Compression Coupling-Compression Coupling,Arlington,831RT,3/4-EMT-Compression-Coupling,CONDUIT-Arlington-831RT,,,,
Arlington - 3/4 in EMT Set Screw Connector-Set Screw Connector,Arlington,801,3/4-EMT-Set-Screw-Connector,CONDUIT-Arlington-801,,,,
Atkore - Calconduit - 2 in RMC Compression Coupling-Compression Coupling,Atkore - Calconduit,PV2000CP00,2-RMC-Compression-Coupling,CONDUIT-Atkore---Calconduit-PV2000CP00,,,,
Bridgeport - 1/2 in EMT Compression Connector-Compression Connector,Bridgeport,250-DC2,1/2-EMT-Compression-Connector,CONDUIT-Bridgeport-250-DC2,,,,
Bridgeport - 1/2 in EMT Compression Connector-Compression Connector,Bridgeport,250-RT2,1/2-EMT-Compression-Connector,CONDUIT-Bridgeport-250-RT2,,,,
Bridgeport - 1/2 in EMT Compression Connector-Compression Connector,Bridgeport,250-SRTI,1/2-EMT-Compression-Connector,CONDUIT-Bridgeport-250-SRTI,,,,
Bridgeport - 1/2 in EMT Compression Coupling-Compression Coupling,Bridgeport,260-DC,1/2-EMT-Compression-Coupling,CONDUIT-Bridgeport-260-DC,,,,
Bridgeport - 1/2 in EMT Compression Coupling-Compression Coupling,Bridgeport,260RT,1/2-EMT-Compression-Coupling,CONDUIT-Bridgeport-260RT,,,,
Bridgeport - 1/2 in EMT Compression Coupling-Compression Coupling,Bridgeport,260-RT,1/2-EMT-Compression-Coupling,CONDUIT-Bridgeport-260-RT,,,,
Bridgeport - 1/2 in EMT Set Screw Connector-Set Screw Connector,Bridgeport,230,1/2-EMT-Set-Screw-Connector,CONDUIT-Bridgeport-230,,,,
Bridgeport - 1/2 in EMT Set Screw Connector-Set Screw Connector,Bridgeport,230-DC2,1/2-EMT-Set-Screw-Connector,CONDUIT-Bridgeport-230-DC2,,,,
Bridgeport - 1-1/2 in EMT Compression Connector-Compression Connector,Bridgeport,234,1-1/2-EMT-Compression-Connector,CONDUIT-Bridgeport-234,,,,
Bridgeport - 1-1/2 in EMT Compression Connector-Compression Connector,Bridgeport,254-RT2,1-1/2-EMT-Compression-Connector,CONDUIT-Bridgeport-254-RT2,,,,
Bridgeport - 1-1/2 in EMT Compression Connector-Compression Connector,Bridgeport,254-RTI2,1-1/2-EMT-Compression-Connector,CONDUIT-Bridgeport-254-RTI2,,,,
Bridgeport - 1-1/2 in EMT Compression Connector-Compression Connector,Bridgeport,254-SRT,1-1/2-EMT-Compression-Connector,CONDUIT-Bridgeport-254-SRT,,,,
Bridgeport - 1-1/2 in EMT Compression Connector-Compression Connector,Bridgeport,254-SRTI,1-1/2-EMT-Compression-Connector,CONDUIT-Bridgeport-254-SRTI,,,,
Bridgeport - 1-1/2 in EMT Compression Coupling-Compression Coupling,Bridgeport,264-SRT,1-1/2-EMT-Compression-Coupling,CONDUIT-Bridgeport-264-SRT,,,,
Bridgeport - 1-1/4 in EMT Compression Connector-Compression Connector,Bridgeport,253-RT2,1-1/4-EMT-Compression-Connector,CONDUIT-Bridgeport-253-RT2,,,,
Bridgeport - 1-1/4 in EMT Compression Connector-Compression Connector,Bridgeport,253-SRT,1-1/4-EMT-Compression-Connector,CONDUIT-Bridgeport-253-SRT,,,,
Bridgeport - 1-1/4 in EMT Compression Connector-Compression Connector,Bridgeport,253-SRTI,1-1/4-EMT-Compression-Connector,CONDUIT-Bridgeport-253-SRTI,,,,
Bridgeport - 1-1/4 in EMT Compression Connector-Compression Connector,Bridgeport,3003RT,1-1/4-EMT-Compression-Connector,CONDUIT-Bridgeport-3003RT,,,,
Bridgeport - 1-1/4 in EMT Compression Coupling-Compression Coupling,Bridgeport,263-RT,1-1/4-EMT-Compression-Coupling,CONDUIT-Bridgeport-263-RT,,,,
Bridgeport - 1-1/4 in RMC Compression Connector-Compression Connector,Bridgeport,3003-US,1-1/4-RMC-Compression-Connector,CONDUIT-Bridgeport-3003-US,,,,
Bridgeport - 1 in EMT Compression Connector-Compression Connector,Bridgeport,252,1-EMT-Compression-Connector,CONDUIT-Bridgeport-252,,,,
Bridgeport - 1 in EMT Compression Connector-Compression Connector,Bridgeport,252-DC2,1-EMT-Compression-Connector,CONDUIT-Bridgeport-252-DC2,,,,
Bridgeport - 1 in EMT Compression Connector-Compression Connector,Bridgeport,252-RT2,1-EMT-Compression-Connector,CONDUIT-Bridgeport-252-RT2,,,,
Bridgeport - 1 in EMT Compression Connector-Compression Connector,Bridgeport,252-RT2XL,1-EMT-Compression-Connector,CONDUIT-Bridgeport-252-RT2XL,,,,
Bridgeport - 1 in EMT Compression Connector-Compression Connector,Bridgeport,252-RTI2,1-EMT-Compression-Connector,CONDUIT-Bridgeport-252-RTI2,,,,
Bridgeport - 1 in EMT Compression Connector-Compression Connector,Bridgeport,252-SRT,1-EMT-Compression-Connector,CONDUIT-Bridgeport-252-SRT,,,,
Bridgeport - 1 in EMT Compression Connector-Compression Connector,Bridgeport,252-SRTI,1-EMT-Compression-Connector,CONDUIT-Bridgeport-252-SRTI,,,,
Bridgeport - 1 in EMT Compression Connector-Compression Connector,Bridgeport,292-RTNPT,1-EMT-Compression-Connector,CONDUIT-Bridgeport-292-RTNPT,,,,
Bridgeport - 1 in EMT Compression Coupling-Compression Coupling,Bridgeport,262,1-EMT-Compression-Coupling,CONDUIT-Bridgeport-262,,,,
Bridgeport - 1 in EMT Compression Coupling-Compression Coupling,Bridgeport,262-RT,1-EMT-Compression-Coupling,CONDUIT-Bridgeport-262-RT,,,,
Bridgeport - 1 in EMT Compression Coupling-Compression Coupling,Bridgeport,262-SRT,1-EMT-Compression-Coupling,CONDUIT-Bridgeport-262-SRT,,,,
Bridgeport - 1 in EMT Compression Coupling-Compression Coupling,Bridgeport,263-SRT,1-EMT-Compression-Coupling,CONDUIT-Bridgeport-263-SRT,,,,
Bridgeport - 1 in EMT Set Screw Connector-Set Screw Connector,Bridgeport,232,1-EMT-Set-Screw-Connector,CONDUIT-Bridgeport-232,,,,
Bridgeport - 1 in EMT Set Screw Connector-Set Screw Connector,Bridgeport,232-DC2,1-EMT-Set-Screw-Connector,CONDUIT-Bridgeport-232-DC2,,,,
Bridgeport - 1 in RMC Compression Connector-Compression Connector,Bridgeport,3002,1-RMC-Compression-Connector,CONDUIT-Bridgeport-3002,,,,
Bridgeport - 1 in RMC Compression Connector-Compression Connector,Bridgeport,3002-RT,1-RMC-Compression-Connector,CONDUIT-Bridgeport-3002-RT,,,,
Bridgeport - 1 in RMC Compression Coupling-Compression Coupling,Bridgeport,3102,1-RMC-Compression-Coupling,CONDUIT-Bridgeport-3102,,,,
Bridgeport - 1 in RMC Compression Coupling-Compression Coupling,Bridgeport,3102-US,1-RMC-Compression-Coupling,CONDUIT-Bridgeport-3102-US,,,,
Bridgeport - 1 in RMC Conduit-Conduit,Bridgeport,3002-US,1-RMC-Conduit,CONDUIT-Bridgeport-3002-US,,,,
Bridgeport - 1 in RMC Expansion Coupling-Expansion Coupling,Bridgeport,EC-100R,1-RMC-Expansion-Coupling,CONDUIT-Bridgeport-EC-100R,,,,
Bridgeport - 2-1/2 in EMT Compression Connector-Compression Connector,Bridgeport,256-SRTI,2-1/2-EMT-Compression-Connector,CONDUIT-Bridgeport-256-SRTI,,,,
Bridgeport - 2 in EMT Compression Connector-Compression Connector,Bridgeport,255,2-EMT-Compression-Connector,CONDUIT-Bridgeport-255,,,,
Bridgeport - 2 in EMT Compression Connector-Compression Connector,Bridgeport,255-DC2,2-EMT-Compression-Connector,CONDUIT-Bridgeport-255-DC2,,,,
Bridgeport - 2 in EMT Compression Connector-Compression Connector,Bridgeport,255-RT2,2-EMT-Compression-Connector,CONDUIT-Bridgeport-255-RT2,,,,
Bridgeport - 2 in EMT Compression Connector-Compression Connector,Bridgeport,255-SRT,2-EMT-Compression-Connector,CONDUIT-Bridgeport-255-SRT,,,,
Bridgeport - 2 in EMT Compression Connector-Compression Connector,Bridgeport,255SRTI,2-EMT-Compression-Connector,CONDUIT-Bridgeport-255SRTI,,,,
Bridgeport - 2 in EMT Compression Coupling-Compression Coupling,Bridgeport,265,2-EMT-Compression-Coupling,CONDUIT-Bridgeport-265,,,,
Bridgeport - 2 in EMT Compression Coupling-Compression Coupling,Bridgeport,265-RT,2-EMT-Compression-Coupling,CONDUIT-Bridgeport-265-RT,,,,
Bridgeport - 2 in EMT Compression Coupling-Compression Coupling,Bridgeport,265SRT,2-EMT-Compression-Coupling,CONDUIT-Bridgeport-265SRT,,,,
Bridgeport - 2 in EMT Compression Coupling-Compression Coupling,Bridgeport,265-SRT,2-EMT-Compression-Coupling,CONDUIT-Bridgeport-265-SRT,,,,
Bridgeport - 2 in EMT Set Screw Connector-Set Screw Connector,Bridgeport,235-I,2-EMT-Set-Screw-Connector,CONDUIT-Bridgeport-235-I,,,,
Bridgeport - 2 in RMC Compression Connector-Compression Connector,Bridgeport,3005,2-RMC-Compression-Connector,CONDUIT-Bridgeport-3005,,,,
Bridgeport - 2 in RMC Compression Coupling-Compression Coupling,Bridgeport,3105,2-RMC-Compression-Coupling,CONDUIT-Bridgeport-3105,,,,
Bridgeport - 2 in RMC Compression Coupling-Compression Coupling,Bridgeport,"2"" RMC COUPLING",2-RMC-Compression-Coupling,"CONDUIT-Bridgeport-2""-RMC-COUPLING",,,,
Bridgeport - 2 in RMC Compression Coupling-Compression Coupling,Bridgeport,3105-US,2-RMC-Compression-Coupling,CONDUIT-Bridgeport-3105-US,,,,
Bridgeport - 2 in RMC Elbow 90-Elbow 90,Bridgeport,"2""  RMC SWEEP ELBOW 90",2-RMC-Elbow-90,"CONDUIT-Bridgeport-2""--RMC-SWEEP-ELBOW-90",,,,
Bridgeport - 2 in RMC Expansion Coupling-Expansion Coupling,Bridgeport,EC-200,2-RMC-Expansion-Coupling,CONDUIT-Bridgeport-EC-200,,,,
Bridgeport - 3/4 in EMT Compression Connector-Compression Connector,Bridgeport,251,3/4-EMT-Compression-Connector,CONDUIT-Bridgeport-251,,,,
Bridgeport - 3/4 in EMT Compression Connector-Compression Connector,Bridgeport,251-DC2,3/4-EMT-Compression-Connector,CONDUIT-Bridgeport-251-DC2,,,,
Bridgeport - 3/4 in EMT Compression Connector-Compression Connector,Bridgeport,251-MSRTI,3/4-EMT-Compression-Connector,CONDUIT-Bridgeport-251-MSRTI,,,,
Bridgeport - 3/4 in EMT Compression Connector-Compression Connector,Bridgeport,251-RT,3/4-EMT-Compression-Connector,CONDUIT-Bridgeport-251-RT,,,,
Bridgeport - 3/4 in EMT Compression Connector-Compression Connector,Bridgeport,251-RT2,3/4-EMT-Compression-Connector,CONDUIT-Bridgeport-251-RT2,,,,
Bridgeport - 3/4 in EMT Compression Connector-Compression Connector,Bridgeport,251-RT2US,3/4-EMT-Compression-Connector,CONDUIT-Bridgeport-251-RT2US,,,,
Bridgeport - 3/4 in EMT Compression Connector-Compression Connector,Bridgeport,251-RT2XL,3/4-EMT-Compression-Connector,CONDUIT-Bridgeport-251-RT2XL,,,,
Bridgeport - 3/4 in EMT Compression Connector-Compression Connector,Bridgeport,251-RTI2,3/4-EMT-Compression-Connector,CONDUIT-Bridgeport-251-RTI2,,,,
Bridgeport - 3/4 in EMT Compression Connector-Compression Connector,Bridgeport,251-SRT,3/4-EMT-Compression-Connector,CONDUIT-Bridgeport-251-SRT,,,,
Bridgeport - 3/4 in EMT Compression Connector-Compression Connector,Bridgeport,251-SRTI,3/4-EMT-Compression-Connector,CONDUIT-Bridgeport-251-SRTI,,,,
Bridgeport - 3/4 in EMT Compression Connector-Compression Connector,Bridgeport,251-US,3/4-EMT-Compression-Connector,CONDUIT-Bridgeport-251-US,,,,
Bridgeport - 3/4 in EMT Compression Connector-Compression Connector,Bridgeport,291-RTNPT,3/4-EMT-Compression-Connector,CONDUIT-Bridgeport-291-RTNPT,,,,
Bridgeport - 3/4 in EMT Compression Coupling-Compression Coupling,Bridgeport,261,3/4-EMT-Compression-Coupling,CONDUIT-Bridgeport-261,,,,
Bridgeport - 3/4 in EMT Compression Coupling-Compression Coupling,Bridgeport,261-DC,3/4-EMT-Compression-Coupling,CONDUIT-Bridgeport-261-DC,,,,
Bridgeport - 3/4 in EMT Compression Coupling-Compression Coupling,Bridgeport,261-MSRT,3/4-EMT-Compression-Coupling,CONDUIT-Bridgeport-261-MSRT,,,,
Bridgeport - 3/4 in EMT Compression Coupling-Compression Coupling,Bridgeport,261-RT,3/4-EMT-Compression-Coupling,CONDUIT-Bridgeport-261-RT,,,,
Bridgeport - 3/4 in EMT Compression Coupling-Compression Coupling,Bridgeport,261-RTUS,3/4-EMT-Compression-Coupling,CONDUIT-Bridgeport-261-RTUS,,,,
Bridgeport - 3/4 in EMT Compression Coupling-Compression Coupling,Bridgeport,261-SRT,3/4-EMT-Compression-Coupling,CONDUIT-Bridgeport-261-SRT,,,,
Bridgeport - 3/4 in EMT Set Screw Connector-Set Screw Connector,Bridgeport,231,3/4-EMT-Set-Screw-Connector,CONDUIT-Bridgeport-231,,,,
Bridgeport - 3/4 in EMT Set Screw Connector-Set Screw Connector,Bridgeport,231-DC2,3/4-EMT-Set-Screw-Connector,CONDUIT-Bridgeport-231-DC2,,,,
Bridgeport - 3/4 in RMC Compression Connector-Compression Connector,Bridgeport,3001,3/4-RMC-Compression-Connector,CONDUIT-Bridgeport-3001,,,,
Bridgeport - 3/4 in RMC Compression Connector-Compression Connector,Bridgeport,3001-RT,3/4-RMC-Compression-Connector,CONDUIT-Bridgeport-3001-RT,,,,
Bridgeport - 3/4 in RMC Compression Connector-Compression Connector,Bridgeport,3001-US,3/4-RMC-Compression-Connector,CONDUIT-Bridgeport-3001-US,,,,
Bridgeport - 3/4 in RMC Compression Coupling-Compression Coupling,Bridgeport,3101,3/4-RMC-Compression-Coupling,CONDUIT-Bridgeport-3101,,,,
Bridgeport - 3/4 in RMC Compression Coupling-Compression Coupling,Bridgeport,3100-RT,3/4-RMC-Compression-Coupling,CONDUIT-Bridgeport-3100-RT,,,,
Bridgeport - 3/4 in RMC Compression Coupling-Compression Coupling,Bridgeport,3101-US,3/4-RMC-Compression-Coupling,CONDUIT-Bridgeport-3101-US,,,,
Bridgeport - 3/4 in RMC Expansion Coupling-Expansion Coupling,Bridgeport,EC-075R,3/4-RMC-Expansion-Coupling,CONDUIT-Bridgeport-EC-075R,,,,
"Caddy Pyramid ST Strut Block, 10"" Overall Length",Caddy,PSF10C,13/16-Plastic-Strut-Block,CONDUIT-Caddy-PSF10C,,,,
"Caddy Pyramid ST Strut Block, 6"" Overall Length",Caddy,PSF6C,13/16-Plastic-Strut-Block,CONDUIT-Caddy-PSF6C,,,,
Cantex - 1/2 in PVC Terminal Adapter-Terminal Adapter,Cantex,5140103,1/2-PVC-Terminal-Adapter,CONDUIT-Cantex-5140103,,,,
Cantex - 1-1/2 in PVC Cap-Cap,Cantex,5140035,1-1/2-PVC-Cap,CONDUIT-Cantex-5140035,,,,
Cantex - 1-1/2 in PVC Coupling-Coupling,Cantex,6141627,1-1/2-PVC-Coupling,CONDUIT-Cantex-6141627,,,,
Cantex - 1-1/2 in PVC Elbow 90-Elbow 90,Cantex,5121057,1-1/2-PVC-Elbow-90,CONDUIT-Cantex-5121057,,,,
Cantex - 1-1/2 in PVC Elbow 90-Elbow 90,Cantex,5133827,1-1/2-PVC-Elbow-90,CONDUIT-Cantex-5133827,,,,
Cantex - 1-1/2 in PVC Expansion Coupling-Expansion Coupling,Cantex,5144018,1-1/2-PVC-Expansion-Coupling,CONDUIT-Cantex-5144018,,,,
Cantex - 1-1/2 in PVC Expansion Coupling-Expansion Coupling,Cantex,5144035,1-1/2-PVC-Expansion-Coupling,CONDUIT-Cantex-5144035,,,,
Cantex - 1-1/2 in PVC Female Adapter-Female Adapter,Cantex,5121047,1-1/2-PVC-Female-Adapter,CONDUIT-Cantex-5121047,,,,
Cantex - 1-1/2 in PVC Terminal Adapter-Terminal Adapter,Cantex,5140107,1-1/2-PVC-Terminal-Adapter,CONDUIT-Cantex-5140107,,,,
Cantex - 1-1/4 in PVC Coupling-Coupling,Cantex,6141626,1-1/4-PVC-Coupling,CONDUIT-Cantex-6141626,,,,
Cantex - 1-1/4 in PVC Elbow 22-1/2-Elbow 22-1/2,Cantex,5236403,1-1/4-PVC-Elbow-22-1/2,CONDUIT-Cantex-5236403,,,,
Cantex - 1-1/4 in PVC Elbow 45-Elbow 45,Cantex,5133766,1-1/4-PVC-Elbow-45,CONDUIT-Cantex-5133766,,,,
Cantex - 1-1/4 in PVC Elbow 90-Elbow 90,Cantex,5133826,1-1/4-PVC-Elbow-90,CONDUIT-Cantex-5133826,,,,
Cantex - 1-1/4 in PVC Expansion Coupling-Expansion Coupling,Cantex,5144017,1-1/4-PVC-Expansion-Coupling,CONDUIT-Cantex-5144017,,,,
Cantex - 1-1/4 in PVC Expansion Coupling-Expansion Coupling,Cantex,5144034,1-1/4-PVC-Expansion-Coupling,CONDUIT-Cantex-5144034,,,,
Cantex - 1-1/4 in PVC Terminal Adapter-Terminal Adapter,Cantex,5140106,1-1/4-PVC-Terminal-Adapter,CONDUIT-Cantex-5140106,,,,
Cantex - 1 in PVC Conduit-Conduit,Cantex,A53BA12,1-PVC-Conduit,CONDUIT-Cantex-A53BA12,,,,
Cantex - 1 in PVC Coupling-Coupling,Cantex,6141625,1-PVC-Coupling,CONDUIT-Cantex-6141625,,,,
Cantex - 1 in PVC Elbow 45-Elbow 45,Cantex,5133765,1-PVC-Elbow-45,CONDUIT-Cantex-5133765,,,,
Cantex - 1 in PVC Elbow 90-Elbow 90,Cantex,5121055,1-PVC-Elbow-90,CONDUIT-Cantex-5121055,,,,
Cantex - 1 in PVC Elbow 90-Elbow 90,Cantex,5133825,1-PVC-Elbow-90,CONDUIT-Cantex-5133825,,,,
Cantex - 1 in PVC Expansion Coupling-Expansion Coupling,Cantex,5144016,1-PVC-Expansion-Coupling,CONDUIT-Cantex-5144016,,,,
Cantex - 1 in PVC Expansion Coupling-Expansion Coupling,Cantex,5144033,1-PVC-Expansion-Coupling,CONDUIT-Cantex-5144033,,,,
Cantex - 1 in PVC Female Adapter-Female Adapter,Cantex,5140045,1-PVC-Female-Adapter,CONDUIT-Cantex-5140045,,,,
Cantex - 1 in PVC Terminal Adapter-Terminal Adapter,Cantex,5140105,1-PVC-Terminal-Adapter,CONDUIT-Cantex-5140105,,,,
Cantex - 2-1/2 in PVC Terminal Adapter-Terminal Adapter,Cantex,5140109,2-1/2-PVC-Terminal-Adapter,CONDUIT-Cantex-5140109,,,,
Cantex - 2 in PVC Cap-Cap,Cantex,5140037,2-PVC-Cap,CONDUIT-Cantex-5140037,,,,
Cantex - 2 in PVC Coupling-Coupling,Cantex,6141628,2-PVC-Coupling,CONDUIT-Cantex-6141628,,,,
Cantex - 2 in PVC Elbow 45-Elbow 45,Cantex,5133768,2-PVC-Elbow-45,CONDUIT-Cantex-5133768,,,,
Cantex - 2 in PVC Elbow 45-Elbow 45,Cantex,5233768,2-PVC-Elbow-45,CONDUIT-Cantex-5233768,,,,
Cantex - 2 in PVC Elbow 90-Elbow 90,Cantex,5133828,2-PVC-Elbow-90,CONDUIT-Cantex-5133828,,,,
Cantex - 2 in PVC Expansion Coupling-Expansion Coupling,Cantex,5144019,2-PVC-Expansion-Coupling,CONDUIT-Cantex-5144019,,,,
Cantex - 2 in PVC Expansion Coupling-Expansion Coupling,Cantex,5144028,2-PVC-Expansion-Coupling,CONDUIT-Cantex-5144028,,,,
Cantex - 2 in PVC Expansion Coupling-Expansion Coupling,Cantex,5144036,2-PVC-Expansion-Coupling,CONDUIT-Cantex-5144036,,,,
Cantex - 2 in PVC Female Adapter-Female Adapter,Cantex,5140048,2-PVC-Female-Adapter,CONDUIT-Cantex-5140048,,,,
Cantex - 2 in PVC Terminal Adapter-Terminal Adapter,Cantex,5140108,2-PVC-Terminal-Adapter,CONDUIT-Cantex-5140108,,,,
Cantex - 3/4 in PVC Cap-Cap,Cantex,5140032,3/4-PVC-Cap,CONDUIT-Cantex-5140032,,,,
Cantex - 3/4 in PVC Coupling-Coupling,Cantex,6141624,3/4-PVC-Coupling,CONDUIT-Cantex-6141624,,,,
Cantex - 3/4 in PVC Elbow 90-Elbow 90,Cantex,5133824,3/4-PVC-Elbow-90,CONDUIT-Cantex-5133824,,,,
Cantex - 3/4 in PVC Expansion Coupling-Expansion Coupling,Cantex,5144015,3/4-PVC-Expansion-Coupling,CONDUIT-Cantex-5144015,,,,
Cantex - 3/4 in PVC Expansion Coupling-Expansion Coupling,Cantex,5144032,3/4-PVC-Expansion-Coupling,CONDUIT-Cantex-5144032,,,,
Cantex - 3/4 in PVC Female Adapter-Female Adapter,Cantex,5140044,3/4-PVC-Female-Adapter,CONDUIT-Cantex-5140044,,,,
Cantex - 3/4 in PVC Terminal Adapter-Terminal Adapter,Cantex,5140104,3/4-PVC-Terminal-Adapter,CONDUIT-Cantex-5140104,,,,
Cantex - 3 in PVC Expansion Coupling-Expansion Coupling,Cantex,5144038,3-PVC-Expansion-Coupling,CONDUIT-Cantex-5144038,,,,
Cantex - 3 in PVC Terminal Adapter-Terminal Adapter,Cantex,5140110,3-PVC-Terminal-Adapter,CONDUIT-Cantex-5140110,,,,
Carlon - 1/2 in PVC Cap-Cap,Carlon,E958E,1/2-PVC-Cap,CONDUIT-Carlon-E958E,,,,
Carlon - 1/2 in PVC Terminal Adapter-Terminal Adapter,Carlon,E943D,1/2-PVC-Terminal-Adapter,CONDUIT-Carlon-E943D,,,,
Carlon - 1-1/4 in PVC Elbow 90-Elbow 90,Carlon,UB9AG,1-1/4-PVC-Elbow-90,CONDUIT-Carlon-UB9AG,,,,
Carlon - 1 in PVC Conduit-Conduit,Carlon,15008100,1-PVC-Conduit,CONDUIT-Carlon-15008100,,,,
Carlon - 1 in PVC Coupling-Coupling,Carlon,CPLG1,1-PVC-Coupling,CONDUIT-Carlon-CPLG1,,,,
Carlon - 1 in PVC Elbow 45-Elbow 45,Carlon,UA7AF,1-PVC-Elbow-45,CONDUIT-Carlon-UA7AF,,,,
Carlon - 1 in PVC Elbow 45-Elbow 45,Carlon,UA7AFB,1-PVC-Elbow-45,CONDUIT-Carlon-UA7AFB,,,,
Carlon - 1 in PVC Elbow 90-Elbow 90,Carlon,UA9AFB,1-PVC-Elbow-90,CONDUIT-Carlon-UA9AFB,,,,
Carlon - 1 in PVC Elbow 90-Elbow 90,Carlon,UA9AFB-CTN,1-PVC-Elbow-90,CONDUIT-Carlon-UA9AFB-CTN,,,,
Carlon - 1 in PVC Terminal Adapter-Terminal Adapter,Carlon,E943F,1-PVC-Terminal-Adapter,CONDUIT-Carlon-E943F,,,,
Carlon - 2 in PVC Elbow 45-Elbow 45,Carlon,UA7AJ,2-PVC-Elbow-45,CONDUIT-Carlon-UA7AJ,,,,
Carlon - 3/4 in PVC Elbow 90-Elbow 90,Carlon,UA9AE,3/4-PVC-Elbow-90,CONDUIT-Carlon-UA9AE,,,,
Carlon - 3/4 in PVC Terminal Adapter-Terminal Adapter,Carlon,E943E,3/4-PVC-Terminal-Adapter,CONDUIT-Carlon-E943E,,,,
Carlon - 3 in PVC Coupling-Coupling,Carlon,E940L,3-PVC-Coupling,CONDUIT-Carlon-E940L,,,,
Carlon - 3 in PVC Terminal Adapter-Terminal Adapter,Carlon,E943L,3-PVC-Terminal-Adapter,CONDUIT-Carlon-E943L,,,,
Conduit - 1/2 in EMT Conduit-Conduit,Conduit,1/2-EMT,1/2-EMT-Conduit,CONDUIT-Conduit-1/2-EMT,,,,
Conduit - 1/2 in FMC Conduit-Conduit,Conduit,1/2-FMC,1/2-FMC-Conduit,CONDUIT-Conduit-1/2-FMC,,,,
Conduit - 1/2 in IMC Conduit-Conduit,Conduit,1/2-IMC,1/2-IMC-Conduit,CONDUIT-Conduit-1/2-IMC,,,,
Conduit - 1/2 in PVC Conduit-Conduit,Conduit,1/2-PVC,1/2-PVC-Conduit,CONDUIT-Conduit-1/2-PVC,,,,
Conduit - 1/2 in PVC Conduit-Conduit,Conduit,1/2-PVC-Coupling,1/2-PVC-Conduit,CONDUIT-Conduit-1/2-PVC-Coupling,,,,
Conduit - 1/2 in PVC Elbow 22-1/2-Elbow 22-1/2,Conduit,1/2-PVC-Elbow-22-1/2,1/2-PVC-Elbow-22-1/2,CONDUIT-Conduit-1/2-PVC-Elbow-22-1/2,,,,
Conduit - 1/2 in PVC Terminal Adapter-Terminal Adapter,Conduit,1/2-PVC-TERM-ADPT,1/2-PVC-Terminal-Adapter,CONDUIT-Conduit-1/2-PVC-TERM-ADPT,,,,
Conduit - 1/2 in RMC Conduit-Conduit,Conduit,1/2-RMC,1/2-RMC-Conduit,CONDUIT-Conduit-1/2-RMC,,,,
Conduit - 1/2 in RMC Threaded Coupling-Threaded Coupling,Conduit,1/2-GALV-CPLG,1/2-RMC-Threaded-Coupling,CONDUIT-Conduit-1/2-GALV-CPLG,,,,
Conduit - 1-1/2 in EMT Conduit-Conduit,Conduit,1-1/2-EMT,1-1/2-EMT-Conduit,CONDUIT-Conduit-1-1/2-EMT,,,,
Conduit - 1-1/2 in EMT Elbow 45-Elbow 45,Conduit,1-1/2-EMT-ELBOW-45,1-1/2-EMT-Elbow-45,CONDUIT-Conduit-1-1/2-EMT-ELBOW-45,,,,
Conduit - 1-1/2 in EMT Elbow 90-Elbow 90,Conduit,1-1/2-90DEG-EMT,1-1/2-EMT-Elbow-90,CONDUIT-Conduit-1-1/2-90DEG-EMT,,,,
Conduit - 1-1/2 in FMC Conduit-Conduit,Conduit,1-1/2-FMC,1-1/2-FMC-Conduit,CONDUIT-Conduit-1-1/2-FMC,,,,
Conduit - 1-1/2 in PVC Cap-Cap,Conduit,112P CA,1-1/2-PVC-Cap,CONDUIT-Conduit-112P-CA,,,,
Conduit - 1-1/2 in PVC Conduit-Conduit,Conduit,PVC80112,1-1/2-PVC-Conduit,CONDUIT-Conduit-PVC80112,,,,
Conduit - 1-1/2 in PVC Conduit-Conduit,Conduit,1-1/2PVC,1-1/2-PVC-Conduit,CONDUIT-Conduit-1-1/2PVC,,,,
Conduit - 1-1/2 in PVC Elbow 22-1/2-Elbow 22-1/2,Conduit,PVC ELBOW 22-1/2,1-1/2-PVC-Elbow-22-1/2,CONDUIT-Conduit-PVC-ELBOW-22-1/2,,,,
Conduit - 1-1/2 in PVC Elbow 45-Elbow 45,Conduit,1-1/2PVCELBOW45,1-1/2-PVC-Elbow-45,CONDUIT-Conduit-1-1/2PVCELBOW45,,,,
Conduit - 1-1/2 in PVC Elbow 90-Elbow 90,Conduit,1-1/2-90D-SCH-40-COND-ELL,1-1/2-PVC-Elbow-90,CONDUIT-Conduit-1-1/2-90D-SCH-40-COND-ELL,,,,
Conduit - 1-1/2 in PVC Elbow 90-Elbow 90,Conduit,1-1/2-90D-SCH-80-COND-ELL,1-1/2-PVC-Elbow-90,CONDUIT-Conduit-1-1/2-90D-SCH-80-COND-ELL,,,,
Conduit - 1-1/2 in PVC End Bell-End Bell,Conduit,1-1/2-PVC-END-BELL,1-1/2-PVC-End-Bell,CONDUIT-Conduit-1-1/2-PVC-END-BELL,,,,
Conduit - 1-1/2 in PVC Expansion Coupling-Expansion Coupling,Conduit,1-1/2PVCEXPANSION,1-1/2-PVC-Expansion-Coupling,CONDUIT-Conduit-1-1/2PVCEXPANSION,,,,
Conduit - 1-1/2 in PVC Female Adapter-Female Adapter,Conduit,1-1/2PVCFEMALEADAPTER,1-1/2-PVC-Female-Adapter,CONDUIT-Conduit-1-1/2PVCFEMALEADAPTER,,,,
Conduit - 1-1/2 in PVC Terminal Adapter-Terminal Adapter,Conduit,1-1/2-PVC-TERM-ADPT,1-1/2-PVC-Terminal-Adapter,CONDUIT-Conduit-1-1/2-PVC-TERM-ADPT,,,,
Conduit - 1-1/2 in RMC Compression Coupling-Compression Coupling,Conduit,1-1/2RMCCOMPRESSIONCONN,1-1/2-RMC-Compression-Coupling,CONDUIT-Conduit-1-1/2RMCCOMPRESSIONCONN,,,,
Conduit - 1-1/2 in RMC Conduit-Conduit,Conduit,1-1/2-GALV-STEEL,1-1/2-RMC-Conduit,CONDUIT-Conduit-1-1/2-GALV-STEEL,,,,
Conduit - 1-1/2 in RMC Elbow 90-Elbow 90,Conduit,1-1/2RMCELBOW90,1-1/2-RMC-Elbow-90,CONDUIT-Conduit-1-1/2RMCELBOW90,,,,
Conduit - 1-1/4 in EMT Compression Connector-Compression Connector,Conduit,37257,1-1/4-EMT-Compression-Connector,CONDUIT-Conduit-37257,,,,
Conduit - 1-1/4 in EMT Compression Coupling-Compression Coupling,Conduit,1-1/4EMTCOMPCONN,1-1/4-EMT-Compression-Coupling,CONDUIT-Conduit-1-1/4EMTCOMPCONN,,,,
Conduit - 1-1/4 in EMT Conduit-Conduit,Conduit,1-1/4EMT,1-1/4-EMT-Conduit,CONDUIT-Conduit-1-1/4EMT,,,,
Conduit - 1-1/4 in EMT Elbow 45-Elbow 45,Conduit,ELE-12545,1-1/4-EMT-Elbow-45,CONDUIT-Conduit-ELE-12545,,,,
Conduit - 1-1/4 in EMT Elbow 90-Elbow 90,Conduit,1-1/4-90DEG-EMT,1-1/4-EMT-Elbow-90,CONDUIT-Conduit-1-1/4-90DEG-EMT,,,,
Conduit - 1-1/4 in FMC Conduit-Conduit,Conduit,1-1/4-FMC,1-1/4-FMC-Conduit,CONDUIT-Conduit-1-1/4-FMC,,,,
Conduit - 1-1/4 in IMC Conduit-Conduit,Conduit,1-1/4IMC,1-1/4-IMC-Conduit,CONDUIT-Conduit-1-1/4IMC,,,,
Conduit - 1-1/4 in PVC Conduit-Conduit,Conduit,1-1/4-PVC,1-1/4-PVC-Conduit,CONDUIT-Conduit-1-1/4-PVC,,,,
Conduit - 1-1/4 in PVC Conduit-Conduit,Conduit,CONDUIT 1-1/4-IN PVC SCHEDULE-80,1-1/4-PVC-Conduit,CONDUIT-Conduit-CONDUIT-1-1/4-IN-PVC-SCHEDULE-80,,,,
Conduit - 1-1/4 in PVC Coupling-Coupling,Conduit,CPL1-1/4,1-1/4-PVC-Coupling,CONDUIT-Conduit-CPL1-1/4,,,,
Conduit - 1-1/4 in PVC Elbow 45-Elbow 45,Conduit,1-1/4PVCELBOW45,1-1/4-PVC-Elbow-45,CONDUIT-Conduit-1-1/4PVCELBOW45,,,,
Conduit - 1-1/4 in PVC Elbow 90-Elbow 90,Conduit,1-1/4PVCELBOW90,1-1/4-PVC-Elbow-90,CONDUIT-Conduit-1-1/4PVCELBOW90,,,,
Conduit - 1-1/4 in PVC Expansion Coupling-Expansion Coupling,Conduit,1-1/4PVCEXPANSION,1-1/4-PVC-Expansion-Coupling,CONDUIT-Conduit-1-1/4PVCEXPANSION,,,,
Conduit - 1-1/4 in PVC Female Adapter-Female Adapter,Conduit,1-1/4-PVC-FEMALE-ADPT,1-1/4-PVC-Female-Adapter,CONDUIT-Conduit-1-1/4-PVC-FEMALE-ADPT,,,,
Conduit - 1-1/4 in PVC Terminal Adapter-Terminal Adapter,Conduit,1-1/4-PVC-TERM-ADPT,1-1/4-PVC-Terminal-Adapter,CONDUIT-Conduit-1-1/4-PVC-TERM-ADPT,,,,
Conduit - 1-1/4 in RMC Compression Coupling-Compression Coupling,Conduit,1-1/4RMCCOMPCOUP,1-1/4-RMC-Compression-Coupling,CONDUIT-Conduit-1-1/4RMCCOMPCOUP,,,,
Conduit - 1-1/4 in RMC Conduit-Conduit,Conduit,1-1/4RMC,1-1/4-RMC-Conduit,CONDUIT-Conduit-1-1/4RMC,,,,
Conduit - 1-1/4 in RMC Elbow 45-Elbow 45,Conduit,1-1/4-45DEG-GALV-ELBOW,1-1/4-RMC-Elbow-45,CONDUIT-Conduit-1-1/4-45DEG-GALV-ELBOW,,,,
Conduit - 1-1/4 in RMC Elbow 90-Elbow 90,Conduit,1-1/4-90DEG-GALV-ELBOW,1-1/4-RMC-Elbow-90,CONDUIT-Conduit-1-1/4-90DEG-GALV-ELBOW,,,,
Conduit - 1-1/4 in RMC Threaded Coupling-Threaded Coupling,Conduit,1-1/4-GALV-CPLG,1-1/4-RMC-Threaded-Coupling,CONDUIT-Conduit-1-1/4-GALV-CPLG,,,,
Conduit - 1 in EMT Compression Connector-Compression Connector,Conduit,1INCOMPCONN,1-EMT-Compression-Connector,CONDUIT-Conduit-1INCOMPCONN,,,,
Conduit - 1 in EMT Conduit-Conduit,Conduit,1-IN-EMT,1-EMT-Conduit,CONDUIT-Conduit-1-IN-EMT,,,,
Conduit - 1 in EMT Elbow 90-Elbow 90,Conduit,1-IN-90DEG-EMT,1-EMT-Elbow-90,CONDUIT-Conduit-1-IN-90DEG-EMT,,,,
Conduit - 1 in FMC Conduit-Conduit,Conduit,1-FMC,1-FMC-Conduit,CONDUIT-Conduit-1-FMC,,,,
Conduit - 1 in IMC Conduit-Conduit,Conduit,IMC1,1-IMC-Conduit,CONDUIT-Conduit-IMC1,,,,
Conduit - 1 in PVC Conduit-Conduit,Conduit,1IN SCH 80,1-PVC-Conduit,CONDUIT-Conduit-1IN-SCH-80,,,,
Conduit - 1 in PVC Conduit-Conduit,Conduit,1-PVC,1-PVC-Conduit,CONDUIT-Conduit-1-PVC,,,,
Conduit - 1 in PVC Elbow 22-1/2-Elbow 22-1/2,Conduit,PVCELBOW22-1/2,1-PVC-Elbow-22-1/2,CONDUIT-Conduit-PVCELBOW22-1/2,,,,
Conduit - 1 in PVC Elbow 30-Elbow 30,Conduit,1-IN-30D-SCH-40-COND-ELL,1-PVC-Elbow-30,CONDUIT-Conduit-1-IN-30D-SCH-40-COND-ELL,,,,
Conduit - 1 in PVC Elbow 45-Elbow 45,Conduit,1PVCELBOW45,1-PVC-Elbow-45,CONDUIT-Conduit-1PVCELBOW45,,,,
Conduit - 1 in PVC Elbow 90-Elbow 90,Conduit,1IN PVC SCH80 ELBOW 90,1-PVC-Elbow-90,CONDUIT-Conduit-1IN-PVC-SCH80-ELBOW-90,,,,
Conduit - 1 in PVC Elbow 90-Elbow 90,Conduit,100P40 90D SCH40 ELB,1-PVC-Elbow-90,CONDUIT-Conduit-100P40-90D-SCH40-ELB,,,,
Conduit - 1 in PVC Expansion Coupling-Expansion Coupling,Conduit,1 IN EXP CPLNG,1-PVC-Expansion-Coupling,CONDUIT-Conduit-1-IN-EXP-CPLNG,,,,
Conduit - 1 in PVC Female Adapter-Female Adapter,Conduit,1-IN-PVC-FEMALE-ADPT,1-PVC-Female-Adapter,CONDUIT-Conduit-1-IN-PVC-FEMALE-ADPT,,,,
Conduit - 1 in PVC Terminal Adapter-Terminal Adapter,Conduit,1-IN-PVC-TERM-ADPT,1-PVC-Terminal-Adapter,CONDUIT-Conduit-1-IN-PVC-TERM-ADPT,,,,
Conduit - 1 in RMC Conduit-Conduit,Conduit,1-IN-GALV-STEEL,1-RMC-Conduit,CONDUIT-Conduit-1-IN-GALV-STEEL,,,,
Conduit - 1 in RMC Elbow 45-Elbow 45,Conduit,1-IN-45DEG-GALV-ELBOW,1-RMC-Elbow-45,CONDUIT-Conduit-1-IN-45DEG-GALV-ELBOW,,,,
Conduit - 1 in RMC Elbow 90-Elbow 90,Conduit,1-IN-90DEG-GALV-ELBOW,1-RMC-Elbow-90,CONDUIT-Conduit-1-IN-90DEG-GALV-ELBOW,,,,
Conduit - 1 in RMC Expansion Coupling-Expansion Coupling,Conduit,1IN EXP CPLNG,1-RMC-Expansion-Coupling,CONDUIT-Conduit-1IN-EXP-CPLNG,,,,
Conduit - 1 in RMC Threaded Coupling-Threaded Coupling,Conduit,1-IN-GALV-CPLG,1-RMC-Threaded-Coupling,CONDUIT-Conduit-1-IN-GALV-CPLG,,,,
Conduit - 2-1/2 in EMT Compression Connector-Compression Connector,Conduit,"2.5"" RAINTIGHT CONNE",2-1/2-EMT-Compression-Connector,"CONDUIT-Conduit-2.5""-RAINTIGHT-CONNE",,,,
Conduit - 2-1/2 in EMT Conduit-Conduit,Conduit,2-1/2-EMT,2-1/2-EMT-Conduit,CONDUIT-Conduit-2-1/2-EMT,,,,
Conduit - 2-1/2 in PVC Conduit-Conduit,Conduit,2-1/2-PVC-SCHED-40-10FT,2-1/2-PVC-Conduit,CONDUIT-Conduit-2-1/2-PVC-SCHED-40-10FT,,,,
Conduit - 2-1/2 in PVC Conduit-Conduit,Conduit,2-1/2-PVC-SCHED-80-10FT,2-1/2-PVC-Conduit,CONDUIT-Conduit-2-1/2-PVC-SCHED-80-10FT,,,,
Conduit - 2-1/2 in PVC Coupling-Coupling,Conduit,2-1/2-PVC-COND-CPLG,2-1/2-PVC-Coupling,CONDUIT-Conduit-2-1/2-PVC-COND-CPLG,,,,
Conduit - 2-1/2 in PVC Elbow 90-Elbow 90,Conduit,EL2-1/2,2-1/2-PVC-Elbow-90,CONDUIT-Conduit-EL2-1/2,,,,
Conduit - 2-1/2 in PVC Elbow 90-Elbow 90,Conduit,ELS802-1/2,2-1/2-PVC-Elbow-90,CONDUIT-Conduit-ELS802-1/2,,,,
Conduit - 2-1/2 in PVC Expansion Coupling-Expansion Coupling,Conduit,2-1/2-PVC-EXPAN-CPLG-6-IN-MAX,2-1/2-PVC-Expansion-Coupling,CONDUIT-Conduit-2-1/2-PVC-EXPAN-CPLG-6-IN-MAX,,,,
Conduit - 2-1/2 in PVC Female Adapter-Female Adapter,Conduit,2-1/2-PVC-FEMALE-ADAPTER,2-1/2-PVC-Female-Adapter,CONDUIT-Conduit-2-1/2-PVC-FEMALE-ADAPTER,,,,
Conduit - 2-1/2 in PVC Terminal Adapter-Terminal Adapter,Conduit,2-1/2-PVC-TERM-ADPT,2-1/2-PVC-Terminal-Adapter,CONDUIT-Conduit-2-1/2-PVC-TERM-ADPT,,,,
Conduit - 2-1/2 in RMC Conduit-Conduit,Conduit,2-1/2-RMC,2-1/2-RMC-Conduit,CONDUIT-Conduit-2-1/2-RMC,,,,
Conduit - 2 in EMT Conduit-Conduit,Conduit,2-IN-EMT,2-EMT-Conduit,CONDUIT-Conduit-2-IN-EMT,,,,
Conduit - 2 in EMT Elbow 45-Elbow 45,Conduit,2-IN-45DEG-EMT,2-EMT-Elbow-45,CONDUIT-Conduit-2-IN-45DEG-EMT,,,,
Conduit - 2 in EMT Elbow 90-Elbow 90,Conduit,2-IN-90DEG-EMT,2-EMT-Elbow-90,CONDUIT-Conduit-2-IN-90DEG-EMT,,,,
Conduit - 2 in FMC Conduit-Conduit,Conduit,LT2-NM,2-FMC-Conduit,CONDUIT-Conduit-LT2-NM,,,,
Conduit - 2 in IMC Conduit-Conduit,Conduit,IMC2,2-IMC-Conduit,CONDUIT-Conduit-IMC2,,,,
Conduit - 2 in PVC Cap-Cap,Conduit,200P CA,2-PVC-Cap,CONDUIT-Conduit-200P-CA,,,,
Conduit - 2 in PVC Conduit-Conduit,Conduit,"2"" SCHEDULE 80 PVC",2-PVC-Conduit,"CONDUIT-Conduit-2""-SCHEDULE-80-PVC",,,,
Conduit - 2 in PVC Conduit-Conduit,Conduit,2-IN-PVC-SCHED-40-10FT,2-PVC-Conduit,CONDUIT-Conduit-2-IN-PVC-SCHED-40-10FT,,,,
Conduit - 2 in PVC Coupling-Coupling,Conduit,2-IN-PVC-COND-CPLG,2-PVC-Coupling,CONDUIT-Conduit-2-IN-PVC-COND-CPLG,,,,
Conduit - 2 in PVC Elbow 22-1/2-Elbow 22-1/2,Conduit,EL2X22-1/2,2-PVC-Elbow-22-1/2,CONDUIT-Conduit-EL2X22-1/2,,,,
Conduit - 2 in PVC Elbow 30-Elbow 30,Conduit,EL230,2-PVC-Elbow-30,CONDUIT-Conduit-EL230,,,,
Conduit - 2 in PVC Elbow 45-Elbow 45,Conduit,2-IN-45D-SCH-40-COND-ELL,2-PVC-Elbow-45,CONDUIT-Conduit-2-IN-45D-SCH-40-COND-ELL,,,,
Conduit - 2 in PVC Elbow 90-Elbow 90,Conduit,2-IN-90D-SCH-40-BELL-END-ELL,2-PVC-Elbow-90,CONDUIT-Conduit-2-IN-90D-SCH-40-BELL-END-ELL,,,,
Conduit - 2 in PVC Elbow 90-Elbow 90,Conduit,200P80 90D SCH80 ELB,2-PVC-Elbow-90,CONDUIT-Conduit-200P80-90D-SCH80-ELB,,,,
Conduit - 2 in PVC End Bell-End Bell,Conduit,2BELLEND,2-PVC-End-Bell,CONDUIT-Conduit-2BELLEND,,,,
Conduit - 2 in PVC Expansion Coupling-Expansion Coupling,Conduit,2 IN EXPANSION COUP,2-PVC-Expansion-Coupling,CONDUIT-Conduit-2-IN-EXPANSION-COUP,,,,
Conduit - 2 in PVC Expansion Coupling-Expansion Coupling,Conduit,2-IN-PVC-FEMALE-ADPT,2-PVC-Expansion-Coupling,CONDUIT-Conduit-2-IN-PVC-FEMALE-ADPT,,,,
Conduit - 2 in PVC Terminal Adapter-Terminal Adapter,Conduit,2-IN-PVC-TERM-ADPT,2-PVC-Terminal-Adapter,CONDUIT-Conduit-2-IN-PVC-TERM-ADPT,,,,
Conduit - 2 in RMC Conduit-Conduit,Conduit,2-RMC,2-RMC-Conduit,CONDUIT-Conduit-2-RMC,,,,
Conduit - 2 in RMC Elbow 45-Elbow 45,Conduit,2-IN-45DEG-GALV-ELBOW,2-RMC-Elbow-45,CONDUIT-Conduit-2-IN-45DEG-GALV-ELBOW,,,,
Conduit - 2 in RMC Elbow 90-Elbow 90,Conduit,2-IN-90DEG-GALV-ELBOW,2-RMC-Elbow-90,CONDUIT-Conduit-2-IN-90DEG-GALV-ELBOW,,,,
Conduit - 2 in RMC Threaded Coupling-Threaded Coupling,Conduit,2-IN-GALV-CPLG,2-RMC-Threaded-Coupling,CONDUIT-Conduit-2-IN-GALV-CPLG,,,,
Conduit - 3/4 in EMT Conduit-Conduit,Conduit,EMT-3/4,3/4-EMT-Conduit,CONDUIT-Conduit-EMT-3/4,,,,
Conduit - 3/4 in EMT Elbow 90-Elbow 90,Conduit,3/4-90DEG-EMT,3/4-EMT-Elbow-90,CONDUIT-Conduit-3/4-90DEG-EMT,,,,
Conduit - 3/4 in FMC Conduit-Conduit,Conduit,3/4-FMC,3/4-FMC-Conduit,CONDUIT-Conduit-3/4-FMC,,,,
Conduit - 3/4 in IMC Conduit-Conduit,Conduit,3/4 IN IMC,3/4-IMC-Conduit,CONDUIT-Conduit-3/4-IN-IMC,,,,
Conduit - 3/4 in PVC Conduit-Conduit,Conduit,3/4-PVC-SCHED-40-10FT,3/4-PVC-Conduit,CONDUIT-Conduit-3/4-PVC-SCHED-40-10FT,,,,
Conduit - 3/4 in PVC Conduit-Conduit,Conduit,3/4 IN SCH 80 PVC,3/4-PVC-Conduit,CONDUIT-Conduit-3/4-IN-SCH-80-PVC,,,,
Conduit - 3/4 in PVC Coupling-Coupling,Conduit,3/4-PVC-COND-CPLG,3/4-PVC-Coupling,CONDUIT-Conduit-3/4-PVC-COND-CPLG,,,,
Conduit - 3/4 in PVC Elbow 45-Elbow 45,Conduit,3/4PVCELBOW45,3/4-PVC-Elbow-45,CONDUIT-Conduit-3/4PVCELBOW45,,,,
Conduit - 3/4 in PVC Elbow 90-Elbow 90,Conduit,3/4-90D-SCH-40-COND-ELL,3/4-PVC-Elbow-90,CONDUIT-Conduit-3/4-90D-SCH-40-COND-ELL,,,,
Conduit - 3/4 in PVC Elbow 90-Elbow 90,Conduit,3/4-90D-SCH-80-COND-ELL,3/4-PVC-Elbow-90,CONDUIT-Conduit-3/4-90D-SCH-80-COND-ELL,,,,
Conduit - 3/4 in PVC Expansion Coupling-Expansion Coupling,Conduit,3/4-PVC-EXPANSION-COUPLING,3/4-PVC-Expansion-Coupling,CONDUIT-Conduit-3/4-PVC-EXPANSION-COUPLING,,,,
Conduit - 3/4 in PVC Female Adapter-Female Adapter,Conduit,3/4PVCFEMALEADAPTER,3/4-PVC-Female-Adapter,CONDUIT-Conduit-3/4PVCFEMALEADAPTER,,,,
Conduit - 3/4 in PVC Terminal Adapter-Terminal Adapter,Conduit,3/4-PVC-TERM-ADPT,3/4-PVC-Terminal-Adapter,CONDUIT-Conduit-3/4-PVC-TERM-ADPT,,,,
Conduit - 3/4 in RMC Compression Connector-Compression Connector,Conduit,3/4RMCCOMPCONN,3/4-RMC-Compression-Connector,CONDUIT-Conduit-3/4RMCCOMPCONN,,,,
Conduit - 3/4 in RMC Compression Coupling-Compression Coupling,Conduit,COUP3/4,3/4-RMC-Compression-Coupling,CONDUIT-Conduit-COUP3/4,,,,
Conduit - 3/4 in RMC Conduit-Conduit,Conduit,3/4RMC,3/4-RMC-Conduit,CONDUIT-Conduit-3/4RMC,,,,
Conduit - 3/4 in RMC Elbow 45-Elbow 45,Conduit,3/4-45DEG-GALV-ELBOW,3/4-RMC-Elbow-45,CONDUIT-Conduit-3/4-45DEG-GALV-ELBOW,,,,
Conduit - 3/4 in RMC Threaded Coupling-Threaded Coupling,Conduit,3/4RMCTHREADEDCOUPLING,3/4-RMC-Threaded-Coupling,CONDUIT-Conduit-3/4RMCTHREADEDCOUPLING,,,,
Conduit - 3 in PVC Conduit-Conduit,Conduit,3-PVC-40,3-PVC-Conduit,CONDUIT-Conduit-3-PVC-40,,,,
Conduit - 3 in PVC Conduit-Conduit,Conduit,3-PVC-SCHED-80,3-PVC-Conduit,CONDUIT-Conduit-3-PVC-SCHED-80,,,,
Conduit - 3 in PVC Coupling-Coupling,Conduit,3PVCCOUPLING,3-PVC-Coupling,CONDUIT-Conduit-3PVCCOUPLING,,,,
Conduit - 3 in PVC Elbow 22-1/2-Elbow 22-1/2,Conduit,EL3X22-1/2,3-PVC-Elbow-22-1/2,CONDUIT-Conduit-EL3X22-1/2,,,,
Conduit - 3 in PVC Elbow 90-Elbow 90,Conduit,3-IN-90D-ELL-PVC-CT,3-PVC-Elbow-90,CONDUIT-Conduit-3-IN-90D-ELL-PVC-CT,,,,
Conduit - 3 in PVC Elbow 90-Elbow 90,Conduit,3-PVC-ELBOW-90-SCHED-80,3-PVC-Elbow-90,CONDUIT-Conduit-3-PVC-ELBOW-90-SCHED-80,,,,
Conduit - 3 in PVC End Bell-End Bell,Conduit,BE3,3-PVC-End-Bell,CONDUIT-Conduit-BE3,,,,
Conduit - 3 in PVC Expansion Coupling-Expansion Coupling,Conduit,3-EXPANSION-COUPLING,3-PVC-Expansion-Coupling,CONDUIT-Conduit-3-EXPANSION-COUPLING,,,,
Conduit - 3 in PVC Terminal Adapter-Terminal Adapter,Conduit,3PVCTERMINALADAPTER,3-PVC-Terminal-Adapter,CONDUIT-Conduit-3PVCTERMINALADAPTER,,,,
Conduit - 3 in RMC Conduit-Conduit,Conduit,3-IN-GALV-STEEL,3-RMC-Conduit,CONDUIT-Conduit-3-IN-GALV-STEEL,,,,
Conduit - 3 in RMC Elbow 45-Elbow 45,Conduit,3-IN-45DEG-GALV-ELBOW,3-RMC-Elbow-45,CONDUIT-Conduit-3-IN-45DEG-GALV-ELBOW,,,,
Conduit - 3 in RMC Elbow 90-Elbow 90,Conduit,3-IN-90DEG-GALV-ELBOW,3-RMC-Elbow-90,CONDUIT-Conduit-3-IN-90DEG-GALV-ELBOW,,,,
Conduit - 1-1/2 in RMC Threaded Coupling-Threaded Coupling,Conduit,1-1/2-RMC-THREAD-COUP,1-1/2-RMC-Threaded-Coupling,CONDUIT-Conduit-1-1/2-RMC-THREAD-COUP,,,,
Conduit - 3/4 in RMC Elbow 90-Elbow 90,Conduit,3/4-90DEG-GALV-ELBOW,3/4-RMC-Elbow-90,CONDUIT-Conduit-3/4-90DEG-GALV-ELBOW,,,,
Eaton - 1/2 in EMT Compression Connector-Compression Connector,Eaton,656,1/2-EMT-Compression-Connector,CONDUIT-Eaton-656,,,,
Eaton - 1/2 in EMT Compression Connector-Compression Connector,Eaton,1650RT,1/2-EMT-Compression-Connector,CONDUIT-Eaton-1650RT,,,,
Eaton - 1/2 in EMT Compression Connector-Compression Connector,Eaton,650RT,1/2-EMT-Compression-Connector,CONDUIT-Eaton-650RT,,,,
Eaton - 1/2 in EMT Compression Coupling-Compression Coupling,Eaton,660RT,1/2-EMT-Compression-Coupling,CONDUIT-Eaton-660RT,,,,
Eaton - 1/2 in EMT Set Screw Connector-Set Screw Connector,Eaton,450S,1/2-EMT-Set-Screw-Connector,CONDUIT-Eaton-450S,,,,
Eaton - 1/2 in RMC Compression Connector-Compression Connector,Eaton,CPR1,1/2-RMC-Compression-Connector,CONDUIT-Eaton-CPR1,,,,
Eaton - 1/2 in RMC Compression Coupling-Compression Coupling,Eaton,CPR21,1/2-RMC-Compression-Coupling,CONDUIT-Eaton-CPR21,,,,
Eaton - 1/2 in RMC Threaded Coupling-Threaded Coupling,Eaton,RC50,1/2-RMC-Threaded-Coupling,CONDUIT-Eaton-RC50,,,,
Eaton - 1-1/2 in EMT Compression Connector-Compression Connector,Eaton,654,1-1/2-EMT-Compression-Connector,CONDUIT-Eaton-654,,,,
Eaton - 1-1/2 in EMT Compression Connector-Compression Connector,Eaton,1654RT,1-1/2-EMT-Compression-Connector,CONDUIT-Eaton-1654RT,,,,
Eaton - 1-1/2 in EMT Compression Connector-Compression Connector,Eaton,654RT,1-1/2-EMT-Compression-Connector,CONDUIT-Eaton-654RT,,,,
Eaton - 1-1/2 in EMT Compression Coupling-Compression Coupling,Eaton,664,1-1/2-EMT-Compression-Coupling,CONDUIT-Eaton-664,,,,
Eaton - 1-1/2 in EMT Set Screw Connector-Set Screw Connector,Eaton,454,1-1/2-EMT-Set-Screw-Connector,CONDUIT-Eaton-454,,,,
Eaton - 1-1/2 in RMC Compression Connector-Compression Connector,Eaton,CPR5,1-1/2-RMC-Compression-Connector,CONDUIT-Eaton-CPR5,,,,
Eaton - 1-1/4 in EMT Compression Connector-Compression Connector,Eaton,653,1-1/4-EMT-Compression-Connector,CONDUIT-Eaton-653,,,,
Eaton - 1-1/4 in EMT Compression Connector-Compression Connector,Eaton,1653RT,1-1/4-EMT-Compression-Connector,CONDUIT-Eaton-1653RT,,,,
Eaton - 1-1/4 in EMT Compression Connector-Compression Connector,Eaton,653RT,1-1/4-EMT-Compression-Connector,CONDUIT-Eaton-653RT,,,,
Eaton - 1-1/4 in EMT Compression Coupling-Compression Coupling,Eaton,663,1-1/4-EMT-Compression-Coupling,CONDUIT-Eaton-663,,,,
Eaton - 1-1/4 in EMT Compression Coupling-Compression Coupling,Eaton,663RT,1-1/4-EMT-Compression-Coupling,CONDUIT-Eaton-663RT,,,,
Eaton - 1-1/4 in EMT Set Screw Connector-Set Screw Connector,Eaton,453,1-1/4-EMT-Set-Screw-Connector,CONDUIT-Eaton-453,,,,
Eaton - 1-1/4 in RMC Compression Connector-Compression Connector,Eaton,CPR4,1-1/4-RMC-Compression-Connector,CONDUIT-Eaton-CPR4,,,,
Eaton - 1-1/4 in RMC Compression Coupling-Compression Coupling,Eaton,CPR24,1-1/4-RMC-Compression-Coupling,CONDUIT-Eaton-CPR24,,,,
"Eaton DURA-BLOK Strut Block, 9.6"" Overall Length",Eaton,DB10,13/16-Cast-Iron-Strut-Block,CONDUIT-Eaton-DB10,,,,
"Eaton DURA-BLOK Strut Block, 4.8"" Overall Length",Eaton,DB5,13/16-Cast-Iron-Strut-Block,CONDUIT-Eaton-DB5,,,,
"Eaton Strut Channel, 12 Gauge, Pre-Galvanized, Slotted, 1-5/8"" x 1-5/8"", 10 ft",Eaton,B22S-120GLV,1-5/8-Metallic-Channel-Strut,CONDUIT-Eaton-B22S-120GLV,,,,
"Eaton Strut Channel, 12 Gauge, Pre-Galvanized, Half-Slotted, 1-5/8"" x 1-5/8"", 10 ft",Eaton,B22SH-120GLV,1-5/8-Metallic-Channel-Strut,CONDUIT-Eaton-B22SH-120GLV,,,,
"Eaton Strut Channel, 14 Gauge, Pre-Galvanized, Slotted, 1-5/8"" x 1-5/8"", 10 ft",Eaton,B24SH-120GLV,1-5/8-Metallic-Channel-Strut,CONDUIT-Eaton-B24SH-120GLV,,,,
"Eaton Strut Channel, 14 Gauge, Pre-Galvanized, Slotted, 13/16"" x 1-5/8"", 10 ft",Eaton,B54SH-120GLV,1-5/8-Metallic-Channel-Strut,CONDUIT-Eaton-B54SH-120GLV,,,,
Eaton - 1 in EMT Compression Connector-Compression Connector,Eaton,652,1-EMT-Compression-Connector,CONDUIT-Eaton-652,,,,
Eaton - 1 in EMT Compression Connector-Compression Connector,Eaton,1652,1-EMT-Compression-Connector,CONDUIT-Eaton-1652,,,,
Eaton - 1 in EMT Compression Connector-Compression Connector,Eaton,1652RT,1-EMT-Compression-Connector,CONDUIT-Eaton-1652RT,,,,
Eaton - 1 in EMT Compression Connector-Compression Connector,Eaton,652RT,1-EMT-Compression-Connector,CONDUIT-Eaton-652RT,,,,
Eaton - 1 in EMT Compression Coupling-Compression Coupling,Eaton,662,1-EMT-Compression-Coupling,CONDUIT-Eaton-662,,,,
Eaton - 1 in EMT Compression Coupling-Compression Coupling,Eaton,662RT,1-EMT-Compression-Coupling,CONDUIT-Eaton-662RT,,,,
Eaton - 1 in EMT Set Screw Connector-Set Screw Connector,Eaton,452,1-EMT-Set-Screw-Connector,CONDUIT-Eaton-452,,,,
Eaton - 1 in RMC Compression Connector-Compression Connector,Eaton,CPR13,1-RMC-Compression-Connector,CONDUIT-Eaton-CPR13,,,,
Eaton - 1 in RMC Compression Connector-Compression Connector,Eaton,CPR3,1-RMC-Compression-Connector,CONDUIT-Eaton-CPR3,,,,
Eaton - 1 in RMC Compression Coupling-Compression Coupling,Eaton,CPR23,1-RMC-Compression-Coupling,CONDUIT-Eaton-CPR23,,,,
Eaton - 1 in RMC Expansion Coupling-Expansion Coupling,Eaton,XJG34,1-RMC-Expansion-Coupling,CONDUIT-Eaton-XJG34,,,,
Eaton - 1 in RMC Expansion Coupling-Expansion Coupling,Eaton,XJG38 HDG,1-RMC-Expansion-Coupling,CONDUIT-Eaton-XJG38-HDG,,,,
Eaton - 1 in RMC Threaded Coupling-Threaded Coupling,Eaton,192,1-RMC-Threaded-Coupling,CONDUIT-Eaton-192,,,,
Eaton - 2-1/2 in EMT Compression Connector-Compression Connector,Eaton,1656,2-1/2-EMT-Compression-Connector,CONDUIT-Eaton-1656,,,,
Eaton - 2-1/2 in EMT Compression Connector-Compression Connector,Eaton,1656RT,2-1/2-EMT-Compression-Connector,CONDUIT-Eaton-1656RT,,,,
Eaton - 2-1/2 in EMT Compression Connector-Compression Connector,Eaton,656RT,2-1/2-EMT-Compression-Connector,CONDUIT-Eaton-656RT,,,,
Eaton - 2-1/2 in EMT Compression Coupling-Compression Coupling,Eaton,666RT,2-1/2-EMT-Compression-Coupling,CONDUIT-Eaton-666RT,,,,
Eaton - 2-1/2 in EMT Set Screw Connector-Set Screw Connector,Eaton,456,2-1/2-EMT-Set-Screw-Connector,CONDUIT-Eaton-456,,,,
Eaton - 2-1/2 in RMC Compression Connector-Compression Connector,Eaton,CPR7,2-1/2-RMC-Compression-Connector,CONDUIT-Eaton-CPR7,,,,
Eaton - 2 in EMT Compression Connector-Compression Connector,Eaton,655,2-EMT-Compression-Connector,CONDUIT-Eaton-655,,,,
Eaton - 2 in EMT Compression Connector-Compression Connector,Eaton,1655,2-EMT-Compression-Connector,CONDUIT-Eaton-1655,,,,
Eaton - 2 in EMT Compression Connector-Compression Connector,Eaton,1655RT,2-EMT-Compression-Connector,CONDUIT-Eaton-1655RT,,,,
Eaton - 2 in EMT Compression Connector-Compression Connector,Eaton,655RT,2-EMT-Compression-Connector,CONDUIT-Eaton-655RT,,,,
Eaton - 2 in EMT Compression Coupling-Compression Coupling,Eaton,665,2-EMT-Compression-Coupling,CONDUIT-Eaton-665,,,,
Eaton - 2 in EMT Compression Coupling-Compression Coupling,Eaton,665RT,2-EMT-Compression-Coupling,CONDUIT-Eaton-665RT,,,,
Eaton - 2 in EMT Set Screw Connector-Set Screw Connector,Eaton,455,2-EMT-Set-Screw-Connector,CONDUIT-Eaton-455,,,,
Eaton - 2 in RMC Compression Connector-Compression Connector,Eaton,CPR6,2-RMC-Compression-Connector,CONDUIT-Eaton-CPR6,,,,
Eaton - 2 in RMC Compression Coupling-Compression Coupling,Eaton,CPR26,2-RMC-Compression-Coupling,CONDUIT-Eaton-CPR26,,,,
Eaton - 2 in RMC Threaded Coupling-Threaded Coupling,Eaton,195,2-RMC-Threaded-Coupling,CONDUIT-Eaton-195,,,,
Eaton - 3/4 in EMT Compression Connector-Compression Connector,Eaton,1651,3/4-EMT-Compression-Connector,CONDUIT-Eaton-1651,,,,
Eaton - 3/4 in EMT Compression Connector-Compression Connector,Eaton,1651RT,3/4-EMT-Compression-Connector,CONDUIT-Eaton-1651RT,,,,
Eaton - 3/4 in EMT Compression Connector-Compression Connector,Eaton,651RT,3/4-EMT-Compression-Connector,CONDUIT-Eaton-651RT,,,,
Eaton - 3/4 in EMT Compression Connector-Compression Connector,Eaton,651S,3/4-EMT-Compression-Connector,CONDUIT-Eaton-651S,,,,
Eaton - 3/4 in EMT Compression Coupling-Compression Coupling,Eaton,661RT,3/4-EMT-Compression-Coupling,CONDUIT-Eaton-661RT,,,,
Eaton - 3/4 in EMT Compression Coupling-Compression Coupling,Eaton,661S,3/4-EMT-Compression-Coupling,CONDUIT-Eaton-661S,,,,
Eaton - 3/4 in EMT Compression Coupling-Compression Coupling,Eaton,664RT,3/4-EMT-Compression-Coupling,CONDUIT-Eaton-664RT,,,,
Eaton - 3/4 in EMT Set Screw Connector-Set Screw Connector,Eaton,451,3/4-EMT-Set-Screw-Connector,CONDUIT-Eaton-451,,,,
Eaton - 3/4 in EMT Set Screw Connector-Set Screw Connector,Eaton,1451,3/4-EMT-Set-Screw-Connector,CONDUIT-Eaton-1451,,,,
Eaton - 3/4 in RMC Compression Connector-Compression Connector,Eaton,CPR12,3/4-RMC-Compression-Connector,CONDUIT-Eaton-CPR12,,,,
Eaton - 3/4 in RMC Compression Connector-Compression Connector,Eaton,CPR2,3/4-RMC-Compression-Connector,CONDUIT-Eaton-CPR2,,,,
Eaton - 3/4 in RMC Compression Coupling-Compression Coupling,Eaton,CPR22,3/4-RMC-Compression-Coupling,CONDUIT-Eaton-CPR22,,,,
Eaton - 3/4 in RMC Expansion Coupling-Expansion Coupling,Eaton,XJG24,3/4-RMC-Expansion-Coupling,CONDUIT-Eaton-XJG24,,,,
Eaton - 3/4 in RMC Threaded Coupling-Threaded Coupling,Eaton,RC75,3/4-RMC-Threaded-Coupling,CONDUIT-Eaton-RC75,,,,
Eaton - 3 in EMT Compression Connector-Compression Connector,Eaton,1657RT,3-EMT-Compression-Connector,CONDUIT-Eaton-1657RT,,,,
Eaton - 3 in EMT Compression Connector-Compression Connector,Eaton,657RT,3-EMT-Compression-Connector,CONDUIT-Eaton-657RT,,,,
Eclipse - 1 in RMC Expansion Coupling-Expansion Coupling,Eclipse,ACPAX100,1-RMC-Expansion-Coupling,CONDUIT-Eclipse-ACPAX100,,,,
Eclipse - 1 in RMC Expansion Coupling-Expansion Coupling,Eclipse,ACPAX8100,1-RMC-Expansion-Coupling,CONDUIT-Eclipse-ACPAX8100,,,,
Electri-Flex - 3/4 in FMC Conduit-Conduit,Electri-Flex,80122,3/4-FMC-Conduit,CONDUIT-Electri-Flex-80122,,,,
Electri-Flex - 1/2 in FMC Conduit-Conduit,Electri-Flex,69411,1/2-FMC-Conduit,CONDUIT-Electri-Flex-69411,,,,
Electri-Flex - 1 in FMC Conduit-Conduit,Electri-Flex,23102,1-FMC-Conduit,CONDUIT-Electri-Flex-23102,,,,
Electri-Flex - 1 in FMC Conduit-Conduit,Electri-Flex,23104,1-FMC-Conduit,CONDUIT-Electri-Flex-23104,,,,
Electri-Flex - 1 in FMC Conduit-Conduit,Electri-Flex,69334,1-FMC-Conduit,CONDUIT-Electri-Flex-69334,,,,
Electri-Flex - 2 in FMC Conduit-Conduit,Electri-Flex,26104,2-FMC-Conduit,CONDUIT-Electri-Flex-26104,,,,
Electri-Flex - 2 in FMC Conduit-Conduit,Electri-Flex,69464,2-FMC-Conduit,CONDUIT-Electri-Flex-69464,,,,
Electri-Flex - 3/4 in FMC Conduit-Conduit,Electri-Flex,69422,3/4-FMC-Conduit,CONDUIT-Electri-Flex-69422,,,,
Electri-Flex - 3/4 in FMC Conduit-Conduit,Electri-Flex,69424,3/4-FMC-Conduit,CONDUIT-Electri-Flex-69424,,,,
Fasteners & Fittings - 1/2 in RMC Threaded Coupling-Threaded Coupling,Fasteners & Fittings,9000,1/2-RMC-Threaded-Coupling,CONDUIT-Fasteners-&-Fittings-9000,,,,
Garvin - 1-1/4 in RMC Compression Connector-Compression Connector,Garvin,RT125,1-1/4-RMC-Compression-Connector,CONDUIT-Garvin-RT125,,,,
Garvin - 1 in EMT Compression Connector-Compression Connector,Garvin,CCNR-100,1-EMT-Compression-Connector,CONDUIT-Garvin-CCNR-100,,,,
Garvin - 1 in RMC Compression Connector-Compression Connector,Garvin,RT100,1-RMC-Compression-Connector,CONDUIT-Garvin-RT100,,,,
Garvin - 1 in RMC Compression Coupling-Compression Coupling,Garvin,RTC100,1-RMC-Compression-Coupling,CONDUIT-Garvin-RTC100,,,,
Garvin - 3/4 in RMC Compression Connector-Compression Connector,Garvin,RT75,3/4-RMC-Compression-Connector,CONDUIT-Garvin-RT75,,,,
"Haydon Strut Channel, 14 Gauge, Pre-Galvanized, Slotted, 13/16"" x 1-5/8"", 10 ft",Haydon,H-164-OS,1-5/8-Metallic-Channel-Strut,CONDUIT-Haydon-H-164-OS,,,,
"Haydon Conduit Support Block, 14 Gauge, 9-15/16in long, 4-7/8 in high, Rubber Base",Haydon,80011,13/16-Rubber-Strut-Block,CONDUIT-Haydon-80011,,,,
Heritage Plastics - 1 in PVC Elbow 90-Elbow 90,Heritage Plastics,59014,1-PVC-Elbow-90,CONDUIT-Heritage-Plastics-59014,,,,
Heritage Plastics - 1 in PVC Expansion Coupling-Expansion Coupling,Heritage Plastics,789648,1-PVC-Expansion-Coupling,CONDUIT-Heritage-Plastics-789648,,,,
IPEX - 1/2 in PVC Terminal Adapter-Terminal Adapter,IPEX,77021,1/2-PVC-Terminal-Adapter,CONDUIT-IPEX-77021,,,,
IPEX - 1/2 in PVC Terminal Adapter-Terminal Adapter,IPEX,TA10,1/2-PVC-Terminal-Adapter,CONDUIT-IPEX-TA10,,,,
IPEX - 1-1/2 in PVC Cap-Cap,IPEX,78318,1-1/2-PVC-Cap,CONDUIT-IPEX-78318,,,,
IPEX - 1-1/2 in PVC Coupling-Coupling,IPEX,78005,1-1/2-PVC-Coupling,CONDUIT-IPEX-78005,,,,
IPEX - 1-1/2 in PVC Elbow 45-Elbow 45,IPEX,78604,1-1/2-PVC-Elbow-45,CONDUIT-IPEX-78604,,,,
IPEX - 1-1/2 in PVC Elbow 90-Elbow 90,IPEX,78544,1-1/2-PVC-Elbow-90,CONDUIT-IPEX-78544,,,,
IPEX - 1-1/2 in PVC Elbow 90-Elbow 90,IPEX,78592,1-1/2-PVC-Elbow-90,CONDUIT-IPEX-78592,,,,
IPEX - 1-1/2 in PVC End Bell-End Bell,IPEX,78292,1-1/2-PVC-End-Bell,CONDUIT-IPEX-78292,,,,
IPEX - 1-1/2 in PVC Female Adapter-Female Adapter,IPEX,78074,1-1/2-PVC-Female-Adapter,CONDUIT-IPEX-78074,,,,
IPEX - 1-1/2 in PVC Terminal Adapter-Terminal Adapter,IPEX,77025,1-1/2-PVC-Terminal-Adapter,CONDUIT-IPEX-77025,,,,
IPEX - 1-1/2 in PVC Terminal Adapter-Terminal Adapter,IPEX,78088,1-1/2-PVC-Terminal-Adapter,CONDUIT-IPEX-78088,,,,
IPEX - 1-1/4 in PVC Coupling-Coupling,IPEX,78004,1-1/4-PVC-Coupling,CONDUIT-IPEX-78004,,,,
IPEX - 1-1/4 in PVC Elbow 45-Elbow 45,IPEX,78603,1-1/4-PVC-Elbow-45,CONDUIT-IPEX-78603,,,,
IPEX - 1-1/4 in PVC Elbow 90-Elbow 90,IPEX,78543,1-1/4-PVC-Elbow-90,CONDUIT-IPEX-78543,,,,
IPEX - 1-1/4 in PVC Elbow 90-Elbow 90,IPEX,78591,1-1/4-PVC-Elbow-90,CONDUIT-IPEX-78591,,,,
IPEX - 1-1/4 in PVC Expansion Coupling-Expansion Coupling,IPEX,78331,1-1/4-PVC-Expansion-Coupling,CONDUIT-IPEX-78331,,,,
IPEX - 1-1/4 in PVC Female Adapter-Female Adapter,IPEX,78073,1-1/4-PVC-Female-Adapter,CONDUIT-IPEX-78073,,,,
IPEX - 1-1/4 in PVC Terminal Adapter-Terminal Adapter,IPEX,77024,1-1/4-PVC-Terminal-Adapter,CONDUIT-IPEX-77024,,,,
IPEX - 1-1/4 in PVC Terminal Adapter-Terminal Adapter,IPEX,78087,1-1/4-PVC-Terminal-Adapter,CONDUIT-IPEX-78087,,,,
IPEX - 1 in PVC Coupling-Coupling,IPEX,77003,1-PVC-Coupling,CONDUIT-IPEX-77003,,,,
IPEX - 1 in PVC Elbow 45-Elbow 45,IPEX,78602,1-PVC-Elbow-45,CONDUIT-IPEX-78602,,,,
IPEX - 1 in PVC Elbow 90-Elbow 90,IPEX,68422,1-PVC-Elbow-90,CONDUIT-IPEX-68422,,,,
IPEX - 1 in PVC Elbow 90-Elbow 90,IPEX,68582,1-PVC-Elbow-90,CONDUIT-IPEX-68582,,,,
IPEX - 1 in PVC End Bell-End Bell,IPEX,78290,1-PVC-End-Bell,CONDUIT-IPEX-78290,,,,
IPEX - 1 in PVC Expansion Coupling-Expansion Coupling,IPEX,77383,1-PVC-Expansion-Coupling,CONDUIT-IPEX-77383,,,,
IPEX - 1 in PVC Expansion Coupling-Expansion Coupling,IPEX,78330,1-PVC-Expansion-Coupling,CONDUIT-IPEX-78330,,,,
IPEX - 1 in PVC Female Adapter-Female Adapter,IPEX,77043,1-PVC-Female-Adapter,CONDUIT-IPEX-77043,,,,
IPEX - 1 in PVC Terminal Adapter-Terminal Adapter,IPEX,77023,1-PVC-Terminal-Adapter,CONDUIT-IPEX-77023,,,,
IPEX - 2-1/2 in PVC Coupling-Coupling,IPEX,77007,2-1/2-PVC-Coupling,CONDUIT-IPEX-77007,,,,
IPEX - 2-1/2 in PVC Expansion Coupling-Expansion Coupling,IPEX,78334,2-1/2-PVC-Expansion-Coupling,CONDUIT-IPEX-78334,,,,
IPEX - 2-1/2 in PVC Terminal Adapter-Terminal Adapter,IPEX,77027,2-1/2-PVC-Terminal-Adapter,CONDUIT-IPEX-77027,,,,
IPEX - 2 in PVC Cap-Cap,IPEX,78319,2-PVC-Cap,CONDUIT-IPEX-78319,,,,
IPEX - 2 in PVC Coupling-Coupling,IPEX,77006,2-PVC-Coupling,CONDUIT-IPEX-77006,,,,
IPEX - 2 in PVC Elbow 90-Elbow 90,IPEX,68585,2-PVC-Elbow-90,CONDUIT-IPEX-68585,,,,
IPEX - 2 in PVC Elbow 90-Elbow 90,IPEX,78111,2-PVC-Elbow-90,CONDUIT-IPEX-78111,,,,
IPEX - 2 in PVC Elbow 90-Elbow 90,IPEX,78593,2-PVC-Elbow-90,CONDUIT-IPEX-78593,,,,
IPEX - 2 in PVC Elbow 90-Elbow 90,IPEX,78625,2-PVC-Elbow-90,CONDUIT-IPEX-78625,,,,
IPEX - 2 in PVC Terminal Adapter-Terminal Adapter,IPEX,77026,2-PVC-Terminal-Adapter,CONDUIT-IPEX-77026,,,,
IPEX - 2 in PVC Terminal Adapter-Terminal Adapter,IPEX,78089,2-PVC-Terminal-Adapter,CONDUIT-IPEX-78089,,,,
IPEX - 3/4 in PVC Coupling-Coupling,IPEX,78002,3/4-PVC-Coupling,CONDUIT-IPEX-78002,,,,
IPEX - 3/4 in PVC Elbow 45-Elbow 45,IPEX,78553,3/4-PVC-Elbow-45,CONDUIT-IPEX-78553,,,,
IPEX - 3/4 in PVC Female Adapter-Female Adapter,IPEX,77042,3/4-PVC-Female-Adapter,CONDUIT-IPEX-77042,,,,
IPEX - 3/4 in PVC Female Adapter-Female Adapter,IPEX,78071,3/4-PVC-Female-Adapter,CONDUIT-IPEX-78071,,,,
IPEX - 3/4 in PVC Terminal Adapter-Terminal Adapter,IPEX,78085,3/4-PVC-Terminal-Adapter,CONDUIT-IPEX-78085,,,,
IPEX - 3 in PVC Elbow 45-Elbow 45,IPEX,78607,3-PVC-Elbow-45,CONDUIT-IPEX-78607,,,,
JM Eagle - 2 in PVC Elbow 22-1/2-Elbow 22-1/2,JM Eagle,71220200,2-PVC-Elbow-22-1/2,CONDUIT-JM-Eagle-71220200,,,,
Killark - 1 in RMC Expansion Coupling-Expansion Coupling,Killark,AF-100,1-RMC-Expansion-Coupling,CONDUIT-Killark-AF-100,,,,
Konkore Fittings - 1-1/2 in EMT Compression Connector-Compression Connector,Konkore Fittings,CCR-150KON,1-1/2-EMT-Compression-Connector,CONDUIT-Konkore-Fittings-CCR-150KON,,,,
Konkore Fittings - 1-1/4 in EMT Compression Connector-Compression Connector,Konkore Fittings,CCR-125KON,1-1/4-EMT-Compression-Connector,CONDUIT-Konkore-Fittings-CCR-125KON,,,,
Konkore Fittings - 1-1/4 in EMT Compression Coupling-Compression Coupling,Konkore Fittings,CKR-125KON,1-1/4-EMT-Compression-Coupling,CONDUIT-Konkore-Fittings-CKR-125KON,,,,
Konkore Fittings - 1-1/4 in EMT Set Screw Connector-Set Screw Connector,Konkore Fittings,SC125RKON,1-1/4-EMT-Set-Screw-Connector,CONDUIT-Konkore-Fittings-SC125RKON,,,,
Konkore Fittings - 1-1/4 in RMC Compression Coupling-Compression Coupling,Konkore Fittings,RCK125KON,1-1/4-RMC-Compression-Coupling,CONDUIT-Konkore-Fittings-RCK125KON,,,,
Konkore Fittings - 1-1/4 in RMC Compression Coupling-Compression Coupling,Konkore Fittings,SRCKR125KON,1-1/4-RMC-Compression-Coupling,CONDUIT-Konkore-Fittings-SRCKR125KON,,,,
Konkore Fittings - 1 in EMT Compression Connector-Compression Connector,Konkore Fittings,CCR-100KON,1-EMT-Compression-Connector,CONDUIT-Konkore-Fittings-CCR-100KON,,,,
Konkore Fittings - 1 in EMT Compression Coupling-Compression Coupling,Konkore Fittings,CKR-100KON,1-EMT-Compression-Coupling,CONDUIT-Konkore-Fittings-CKR-100KON,,,,
Konkore Fittings - 1 in RMC Compression Connector-Compression Connector,Konkore Fittings,SRCCR100KON,1-RMC-Compression-Connector,CONDUIT-Konkore-Fittings-SRCCR100KON,,,,
Konkore Fittings - 1 in RMC Compression Coupling-Compression Coupling,Konkore Fittings,SECR100KON,1-RMC-Compression-Coupling,CONDUIT-Konkore-Fittings-SECR100KON,,,,
Konkore Fittings - 1 in RMC Compression Coupling-Compression Coupling,Konkore Fittings,SRCKR100KON,1-RMC-Compression-Coupling,CONDUIT-Konkore-Fittings-SRCKR100KON,,,,
Konkore Fittings - 2 in EMT Compression Connector-Compression Connector,Konkore Fittings,CC200RKON,2-EMT-Compression-Connector,CONDUIT-Konkore-Fittings-CC200RKON,,,,
Konkore Fittings - 2 in RMC Compression Connector-Compression Connector,Konkore Fittings,SRCCR200KON,2-RMC-Compression-Connector,CONDUIT-Konkore-Fittings-SRCCR200KON,,,,
Konkore Fittings - 2 in RMC Compression Coupling-Compression Coupling,Konkore Fittings,SECR200KON,2-RMC-Compression-Coupling,CONDUIT-Konkore-Fittings-SECR200KON,,,,
Konkore Fittings - 3/4 in EMT Compression Connector-Compression Connector,Konkore Fittings,CCR-75KON,3/4-EMT-Compression-Connector,CONDUIT-Konkore-Fittings-CCR-75KON,,,,
Konkore Fittings - 3/4 in EMT Compression Coupling-Compression Coupling,Konkore Fittings,CKR75KON,3/4-EMT-Compression-Coupling,CONDUIT-Konkore-Fittings-CKR75KON,,,,
Konkore Fittings - 3/4 in EMT Set Screw Connector-Set Screw Connector,Konkore Fittings,SC75ICRKON,3/4-EMT-Set-Screw-Connector,CONDUIT-Konkore-Fittings-SC75ICRKON,,,,
Konkore Fittings - 3/4 in EMT Set Screw Connector-Set Screw Connector,Konkore Fittings,SC75RKON,3/4-EMT-Set-Screw-Connector,CONDUIT-Konkore-Fittings-SC75RKON,,,,
Kraloy - 1 in PVC Conduit-Conduit,Kraloy,CONDS801,1-PVC-Conduit,CONDUIT-Kraloy-CONDS801,,,,
Kraloy - 1 in PVC Coupling-Coupling,Kraloy,78003,1-PVC-Coupling,CONDUIT-Kraloy-78003,,,,
Kraloy - 1 in PVC Elbow 90-Elbow 90,Kraloy,78542,1-PVC-Elbow-90,CONDUIT-Kraloy-78542,,,,
Kraloy - 1 in PVC Terminal Adapter-Terminal Adapter,Kraloy,TA1,1-PVC-Terminal-Adapter,CONDUIT-Kraloy-TA1,,,,
Kraloy - 2 in PVC Coupling-Coupling,Kraloy,EXPCPL2,2-PVC-Coupling,CONDUIT-Kraloy-EXPCPL2,,,,
Kraloy - 2 in PVC Elbow 45-Elbow 45,Kraloy,78636,2-PVC-Elbow-45,CONDUIT-Kraloy-78636,,,,
Kraloy - 2 in PVC Expansion Coupling-Expansion Coupling,Kraloy,78333,2-PVC-Expansion-Coupling,CONDUIT-Kraloy-78333,,,,
Kraloy - 2 in PVC Terminal Adapter-Terminal Adapter,Kraloy,JB664,2-PVC-Terminal-Adapter,CONDUIT-Kraloy-JB664,,,,
Kraloy - 3/4 in PVC Conduit-Conduit,Kraloy,CONDS40-3/4,3/4-PVC-Conduit,CONDUIT-Kraloy-CONDS40-3/4,,,,
Kraloy - 3/4 in PVC Elbow 90-Elbow 90,Kraloy,78541,3/4-PVC-Elbow-90,CONDUIT-Kraloy-78541,,,,
Kraloy - 3/4 in PVC Elbow 90-Elbow 90,Kraloy,78589,3/4-PVC-Elbow-90,CONDUIT-Kraloy-78589,,,,
Kraloy - 3/4 in PVC Terminal Adapter-Terminal Adapter,Kraloy,TA07,3/4-PVC-Terminal-Adapter,CONDUIT-Kraloy-TA07,,,,
Kraloy - 3 in PVC Cap-Cap,Kraloy,78321,3-PVC-Cap,CONDUIT-Kraloy-78321,,,,
Kraloy - 3 in PVC Elbow 90-Elbow 90,Kraloy,78595,3-PVC-Elbow-90,CONDUIT-Kraloy-78595,,,,
"LH Dottie Conduit Support Block, No Strut Included, 4""x4""x4""",LH Dottie,DPS,13/16-Plastic-Strut-Block,CONDUIT-LH-Dottie-DPS,,,,
Madison - 1-1/4 in EMT Compression Connector-Compression Connector,Madison,MECR-753,1-1/4-EMT-Compression-Connector,CONDUIT-Madison-MECR-753,,,,
Madison - 1-1/4 in EMT Compression Connector-Compression Connector,Madison,MECR-753-B,1-1/4-EMT-Compression-Connector,CONDUIT-Madison-MECR-753-B,,,,
Madison - 1-1/4 in EMT Compression Coupling-Compression Coupling,Madison,MECR-763,1-1/4-EMT-Compression-Coupling,CONDUIT-Madison-MECR-763,,,,
Madison - 1-1/4 in RMC Compression Connector-Compression Connector,Madison,MNT-2753,1-1/4-RMC-Compression-Connector,CONDUIT-Madison-MNT-2753,,,,
Madison - 1-1/4 in RMC Compression Coupling-Compression Coupling,Madison,MNT-2763,1-1/4-RMC-Compression-Coupling,CONDUIT-Madison-MNT-2763,,,,
Madison - 1-1/4 in RMC Threaded Coupling-Threaded Coupling,Madison,RC-125,1-1/4-RMC-Threaded-Coupling,CONDUIT-Madison-RC-125,,,,
Madison - 1 in EMT Compression Connector-Compression Connector,Madison,MECR-752,1-EMT-Compression-Connector,CONDUIT-Madison-MECR-752,,,,
Madison - 1 in EMT Compression Connector-Compression Connector,Madison,MECR-752B,1-EMT-Compression-Connector,CONDUIT-Madison-MECR-752B,,,,
Madison - 1 in EMT Compression Coupling-Compression Coupling,Madison,MECR-762,1-EMT-Compression-Coupling,CONDUIT-Madison-MECR-762,,,,
Madison - 1 in RMC Compression Connector-Compression Connector,Madison,MNT-2752,1-RMC-Compression-Connector,CONDUIT-Madison-MNT-2752,,,,
Madison - 1 in RMC Compression Coupling-Compression Coupling,Madison,MNT-2762,1-RMC-Compression-Coupling,CONDUIT-Madison-MNT-2762,,,,
Madison - 1 in RMC Elbow 90-Elbow 90,Madison,ELR-10090,1-RMC-Elbow-90,CONDUIT-Madison-ELR-10090,,,,
Madison - 1 in RMC Threaded Coupling-Threaded Coupling,Madison,RC-100,1-RMC-Threaded-Coupling,CONDUIT-Madison-RC-100,,,,
Madison - 2 in EMT Compression Connector-Compression Connector,Madison,MECR-755-B,2-EMT-Compression-Connector,CONDUIT-Madison-MECR-755-B,,,,
Madison - 3/4 in EMT Compression Connector-Compression Connector,Madison,L-23RT,3/4-EMT-Compression-Connector,CONDUIT-Madison-L-23RT,,,,
Madison - 3/4 in EMT Compression Connector-Compression Connector,Madison,MEC-751,3/4-EMT-Compression-Connector,CONDUIT-Madison-MEC-751,,,,
Madison - 3/4 in EMT Compression Connector-Compression Connector,Madison,MECR-751,3/4-EMT-Compression-Connector,CONDUIT-Madison-MECR-751,,,,
Madison - 3/4 in EMT Compression Connector-Compression Connector,Madison,MECR-751-B,3/4-EMT-Compression-Connector,CONDUIT-Madison-MECR-751-B,,,,
Madison - 3/4 in EMT Compression Coupling-Compression Coupling,Madison,MEC-761,3/4-EMT-Compression-Coupling,CONDUIT-Madison-MEC-761,,,,
Madison - 3/4 in EMT Compression Coupling-Compression Coupling,Madison,MECR-761,3/4-EMT-Compression-Coupling,CONDUIT-Madison-MECR-761,,,,
Madison - 3/4 in EMT Set Screw Connector-Set Screw Connector,Madison,MES-751-B,3/4-EMT-Set-Screw-Connector,CONDUIT-Madison-MES-751-B,,,,
Madison - 3/4 in RMC Compression Connector-Compression Connector,Madison,MNT-2751,3/4-RMC-Compression-Connector,CONDUIT-Madison-MNT-2751,,,,
Madison - 3/4 in RMC Compression Coupling-Compression Coupling,Madison,MNT-2761,3/4-RMC-Compression-Coupling,CONDUIT-Madison-MNT-2761,,,,
Madison - 3/4 in RMC Threaded Coupling-Threaded Coupling,Madison,RC-75,3/4-RMC-Threaded-Coupling,CONDUIT-Madison-RC-75,,,,
Morris - 1 in EMT Compression Connector-Compression Connector,Morris,14972,1-EMT-Compression-Connector,CONDUIT-Morris-14972,,,,
Morris - 3/4 in RMC Threaded Coupling-Threaded Coupling,Morris,14388,3/4-RMC-Threaded-Coupling,CONDUIT-Morris-14388,,,,
Orbit - 1 in EMT Compression Coupling-Compression Coupling,Orbit,OF7613W,1-EMT-Compression-Coupling,CONDUIT-Orbit-OF7613W,,,,
Orbit - 3/4 in EMT Compression Connector-Compression Connector,Orbit,OF7602W,3/4-EMT-Compression-Connector,CONDUIT-Orbit-OF7602W,,,,
Orbit - 3/4 in EMT Compression Coupling-Compression Coupling,Orbit,OF7612W,3/4-EMT-Compression-Coupling,CONDUIT-Orbit-OF7612W,,,,
"PHD Strut Channel, 12 Gauge, Pre-Galvanized, Slotted, 1-5/8"" x 1-5/8"", 10 ft",PHD Manufacturing,S1011PG,1-5/8-Metallic-Channel-Strut,CONDUIT-PHD-Manufacturing-S1011PG,,,,
Picoma - 3/4 in RMC Threaded Coupling-Threaded Coupling,Picoma,8457,3/4-RMC-Threaded-Coupling,CONDUIT-Picoma-8457,,,,
"Power-Strut Strut Channel, 14 Gauge, Pre-Galvanized, Elongated Holes, 13/16"" x 1-5/8"", 10 ft",Power-Strut,PS-500-EH-10-PG,13/16-Metallic-Channel-Strut,CONDUIT-Power-Strut-PS-500-EH-10-PG,,,,
"Power-Strut Coduit Support Block with PS-500 Strut, 8.75"" Overall Length",Power-Strut,MMI-10,13/16-Rubber-Strut-Block,CONDUIT-Power-Strut-MMI-10,,,,
"Power-Strut Strut Channel, 14 Gauge, Pre-Galvanized, Elongated Holes, 1-5/8"" x 1-5/8"", 10 ft",Power-Strut,PS-200-EH-10-PG,1-5/8-Metallic-Channel-Strut,CONDUIT-Power-Strut-PS-200-EH-10-PG,,,,
Raco - 1/2 in EMT Set Screw Connector-Set Screw Connector,Raco,2122,1/2-EMT-Set-Screw-Connector,CONDUIT-Raco-2122,,,,
Raco - 1-1/2 in EMT Compression Connector-Compression Connector,Raco,2906,1-1/2-EMT-Compression-Connector,CONDUIT-Raco-2906,,,,
Raco - 1-1/2 in EMT Compression Connector-Compression Connector,Raco,2906RT,1-1/2-EMT-Compression-Connector,CONDUIT-Raco-2906RT,,,,
Raco - 1-1/2 in EMT Compression Connector-Compression Connector,Raco,2916RT,1-1/2-EMT-Compression-Connector,CONDUIT-Raco-2916RT,,,,
Raco - 1-1/2 in EMT Compression Coupling-Compression Coupling,Raco,2926,1-1/2-EMT-Compression-Coupling,CONDUIT-Raco-2926,,,,
Raco - 1-1/2 in EMT Compression Coupling-Compression Coupling,Raco,2926RT,1-1/2-EMT-Compression-Coupling,CONDUIT-Raco-2926RT,,,,
Raco - 1-1/2 in EMT Set Screw Connector-Set Screw Connector,Raco,2006,1-1/2-EMT-Set-Screw-Connector,CONDUIT-Raco-2006,,,,
Raco - 1-1/2 in RMC Compression Connector-Compression Connector,Raco,1806,1-1/2-RMC-Compression-Connector,CONDUIT-Raco-1806,,,,
Raco - 1-1/4 in EMT Compression Connector-Compression Connector,Raco,2905,1-1/4-EMT-Compression-Connector,CONDUIT-Raco-2905,,,,
Raco - 1-1/4 in EMT Compression Connector-Compression Connector,Raco,2915RT,1-1/4-EMT-Compression-Connector,CONDUIT-Raco-2915RT,,,,
Raco - 1-1/4 in EMT Compression Coupling-Compression Coupling,Raco,2925,1-1/4-EMT-Compression-Coupling,CONDUIT-Raco-2925,,,,
Raco - 1-1/4 in EMT Compression Coupling-Compression Coupling,Raco,2925RT,1-1/4-EMT-Compression-Coupling,CONDUIT-Raco-2925RT,,,,
Raco - 1-1/4 in EMT Set Screw Connector-Set Screw Connector,Raco,2125,1-1/4-EMT-Set-Screw-Connector,CONDUIT-Raco-2125,,,,
Raco - 1-1/4 in RMC Compression Connector-Compression Connector,Raco,1805,1-1/4-RMC-Compression-Connector,CONDUIT-Raco-1805,,,,
Raco - 1-1/4 in RMC Compression Coupling-Compression Coupling,Raco,1505,1-1/4-RMC-Compression-Coupling,CONDUIT-Raco-1505,,,,
Raco - 1-1/4 in RMC Compression Coupling-Compression Coupling,Raco,1825,1-1/4-RMC-Compression-Coupling,CONDUIT-Raco-1825,,,,
Raco - 1 in EMT Compression Connector-Compression Connector,Raco,2904,1-EMT-Compression-Connector,CONDUIT-Raco-2904,,,,
Raco - 1 in EMT Compression Connector-Compression Connector,Raco,2904RT,1-EMT-Compression-Connector,CONDUIT-Raco-2904RT,,,,
Raco - 1 in EMT Compression Connector-Compression Connector,Raco,2914RT,1-EMT-Compression-Connector,CONDUIT-Raco-2914RT,,,,
Raco - 1 in EMT Compression Coupling-Compression Coupling,Raco,2924RT,1-EMT-Compression-Coupling,CONDUIT-Raco-2924RT,,,,
Raco - 1 in EMT Set Screw Connector-Set Screw Connector,Raco,2004,1-EMT-Set-Screw-Connector,CONDUIT-Raco-2004,,,,
Raco - 1 in EMT Set Screw Connector-Set Screw Connector,Raco,2005,1-EMT-Set-Screw-Connector,CONDUIT-Raco-2005,,,,
Raco - 1 in EMT Set Screw Connector-Set Screw Connector,Raco,2124,1-EMT-Set-Screw-Connector,CONDUIT-Raco-2124,,,,
Raco - 1 in RMC Compression Connector-Compression Connector,Raco,1804,1-RMC-Compression-Connector,CONDUIT-Raco-1804,,,,
Raco - 1 in RMC Compression Connector-Compression Connector,Raco,2914,1-RMC-Compression-Connector,CONDUIT-Raco-2914,,,,
Raco - 1 in RMC Compression Coupling-Compression Coupling,Raco,1824,1-RMC-Compression-Coupling,CONDUIT-Raco-1824,,,,
Raco - 2-1/2 in EMT Compression Connector-Compression Connector,Raco,2940RT,2-1/2-EMT-Compression-Connector,CONDUIT-Raco-2940RT,,,,
Raco - 2 in EMT Compression Connector-Compression Connector,Raco,2908,2-EMT-Compression-Connector,CONDUIT-Raco-2908,,,,
Raco - 2 in EMT Compression Connector-Compression Connector,Raco,2908RT,2-EMT-Compression-Connector,CONDUIT-Raco-2908RT,,,,
Raco - 2 in EMT Compression Connector-Compression Connector,Raco,2918RT,2-EMT-Compression-Connector,CONDUIT-Raco-2918RT,,,,
Raco - 2 in EMT Compression Coupling-Compression Coupling,Raco,2928,2-EMT-Compression-Coupling,CONDUIT-Raco-2928,,,,
Raco - 2 in EMT Compression Coupling-Compression Coupling,Raco,2928RT,2-EMT-Compression-Coupling,CONDUIT-Raco-2928RT,,,,
Raco - 2 in EMT Set Screw Connector-Set Screw Connector,Raco,2128,2-EMT-Set-Screw-Connector,CONDUIT-Raco-2128,,,,
Raco - 2 in RMC Compression Connector-Compression Connector,Raco,1808,2-RMC-Compression-Connector,CONDUIT-Raco-1808,,,,
Raco - 2 in RMC Compression Coupling-Compression Coupling,Raco,1828,2-RMC-Compression-Coupling,CONDUIT-Raco-1828,,,,
Raco - 3/4 in EMT Compression Connector-Compression Connector,Raco,2903,3/4-EMT-Compression-Connector,CONDUIT-Raco-2903,,,,
Raco - 3/4 in EMT Compression Connector-Compression Connector,Raco,2913,3/4-EMT-Compression-Connector,CONDUIT-Raco-2913,,,,
Raco - 3/4 in EMT Compression Connector-Compression Connector,Raco,2903RT,3/4-EMT-Compression-Connector,CONDUIT-Raco-2903RT,,,,
Raco - 3/4 in EMT Compression Connector-Compression Connector,Raco,2913RT,3/4-EMT-Compression-Connector,CONDUIT-Raco-2913RT,,,,
Raco - 3/4 in EMT Compression Coupling-Compression Coupling,Raco,2923,3/4-EMT-Compression-Coupling,CONDUIT-Raco-2923,,,,
Raco - 3/4 in EMT Compression Coupling-Compression Coupling,Raco,2923RT,3/4-EMT-Compression-Coupling,CONDUIT-Raco-2923RT,,,,
Raco - 3/4 in RMC Compression Connector-Compression Connector,Raco,1803,3/4-RMC-Compression-Connector,CONDUIT-Raco-1803,,,,
Raco - 3/4 in RMC Compression Coupling-Compression Coupling,Raco,1823,3/4-RMC-Compression-Coupling,CONDUIT-Raco-1823,,,,
Rob - 1 in RMC Elbow 90-Elbow 90,Rob,GAL190,1-RMC-Elbow-90,CONDUIT-Rob-GAL190,,,,
Southwire - 1/2 in FMC Conduit-Conduit,Southwire,55-08-21-03,1/2-FMC-Conduit,CONDUIT-Southwire-55-08-21-03,,,,
Southwire - 1-1/2 in FMC Conduit-Conduit,Southwire,55-09-27-01,1-1/2-FMC-Conduit,CONDUIT-Southwire-55-09-27-01,,,,
Southwire - 1-1/4 in FMC Conduit-Conduit,Southwire,55-09-26-01,1-1/4-FMC-Conduit,CONDUIT-Southwire-55-09-26-01,,,,
Southwire - 1 in FMC Conduit-Conduit,Southwire,55-09-16-02,1-FMC-Conduit,CONDUIT-Southwire-55-09-16-02,,,,
Southwire - 1 in FMC Conduit-Conduit,Southwire,55-09-30-04,1-FMC-Conduit,CONDUIT-Southwire-55-09-30-04,,,,
Southwire - 1 in FMC Conduit-Conduit,Southwire,55-09-25-01,1-FMC-Conduit,CONDUIT-Southwire-55-09-25-01,,,,
Southwire - 1 in RMC Threaded Coupling-Threaded Coupling,Southwire,53,1-RMC-Threaded-Coupling,CONDUIT-Southwire-53,,,,
Southwire - 3/4 in FMC Conduit-Conduit,Southwire,55-08-19-05,3/4-FMC-Conduit,CONDUIT-Southwire-55-08-19-05,,,,
Southwire - 3/4 in FMC Conduit-Conduit,Southwire,55-08-23-03,3/4-FMC-Conduit,CONDUIT-Southwire-55-08-23-03,,,,
Southwire - 3/4 in FMC Conduit-Conduit,Southwire,RWS-3/4,3/4-FMC-Conduit,CONDUIT-Southwire-RWS-3/4,,,,
Steel City - 3/4 in EMT Compression Connector-Compression Connector,Steel City,TC112ANRT,3/4-EMT-Compression-Connector,CONDUIT-Steel-City-TC112ANRT,,,,
Thomas & Betts - 1/2 in EMT Set Screw Connector-Set Screw Connector,Thomas & Betts,TC121A,1/2-EMT-Set-Screw-Connector,CONDUIT-Thomas-&-Betts-TC121A,,,,
Thomas & Betts - 1/2 in PVC Elbow 90-Elbow 90,Thomas & Betts,UA9ADB,1/2-PVC-Elbow-90,CONDUIT-Thomas-&-Betts-UA9ADB,,,,
Thomas & Betts - 1/2 in PVC Female Adapter-Female Adapter,Thomas & Betts,E9842D,1/2-PVC-Female-Adapter,CONDUIT-Thomas-&-Betts-E9842D,,,,
Thomas & Betts - 1-1/2 in EMT Compression Connector-Compression Connector,Thomas & Betts,5136,1-1/2-EMT-Compression-Connector,CONDUIT-Thomas-&-Betts-5136,,,,
Thomas & Betts - 1-1/2 in EMT Compression Connector-Compression Connector,Thomas & Betts,TC115A-RT,1-1/2-EMT-Compression-Connector,CONDUIT-Thomas-&-Betts-TC115A-RT,,,,
Thomas & Betts - 1-1/2 in PVC Cap-Cap,Thomas & Betts,E958H,1-1/2-PVC-Cap,CONDUIT-Thomas-&-Betts-E958H,,,,
Thomas & Betts - 1-1/4 in EMT Compression Connector-Compression Connector,Thomas & Betts,TC114A,1-1/4-EMT-Compression-Connector,CONDUIT-Thomas-&-Betts-TC114A,,,,
Thomas & Betts - 1-1/4 in EMT Compression Connector-Compression Connector,Thomas & Betts,TC114A-RT,1-1/4-EMT-Compression-Connector,CONDUIT-Thomas-&-Betts-TC114A-RT,,,,
Thomas & Betts - 1-1/4 in EMT Compression Connector-Compression Connector,Thomas & Betts,TC714A-RT,1-1/4-EMT-Compression-Connector,CONDUIT-Thomas-&-Betts-TC714A-RT,,,,
Thomas & Betts - 1-1/4 in EMT Compression Coupling-Compression Coupling,Thomas & Betts,TK114A,1-1/4-EMT-Compression-Coupling,CONDUIT-Thomas-&-Betts-TK114A,,,,
Thomas & Betts - 1-1/4 in EMT Compression Coupling-Compression Coupling,Thomas & Betts,TK114A-RT,1-1/4-EMT-Compression-Coupling,CONDUIT-Thomas-&-Betts-TK114A-RT,,,,
Thomas & Betts - 1-1/4 in EMT Set Screw Connector-Set Screw Connector,Thomas & Betts,TC124A,1-1/4-EMT-Set-Screw-Connector,CONDUIT-Thomas-&-Betts-TC124A,,,,
Thomas & Betts - 1-1/4 in PVC Coupling-Coupling,Thomas & Betts,E940G,1-1/4-PVC-Coupling,CONDUIT-Thomas-&-Betts-E940G,,,,
Thomas & Betts - 1-1/4 in PVC Elbow 90-Elbow 90,Thomas & Betts,UA9AG,1-1/4-PVC-Elbow-90,CONDUIT-Thomas-&-Betts-UA9AG,,,,
Thomas & Betts - 1-1/4 in PVC Expansion Coupling-Expansion Coupling,Thomas & Betts,E945G,1-1/4-PVC-Expansion-Coupling,CONDUIT-Thomas-&-Betts-E945G,,,,
Thomas & Betts - 1-1/4 in PVC Female Adapter-Female Adapter,Thomas & Betts,E942G,1-1/4-PVC-Female-Adapter,CONDUIT-Thomas-&-Betts-E942G,,,,
Thomas & Betts - 1-1/4 in PVC Terminal Adapter-Terminal Adapter,Thomas & Betts,E943G,1-1/4-PVC-Terminal-Adapter,CONDUIT-Thomas-&-Betts-E943G,,,,
Thomas & Betts - 1-1/4 in RMC Compression Connector-Compression Connector,Thomas & Betts,HC-404,1-1/4-RMC-Compression-Connector,CONDUIT-Thomas-&-Betts-HC-404,,,,
Thomas & Betts - 1-1/4 in RMC Compression Coupling-Compression Coupling,Thomas & Betts,HK-404,1-1/4-RMC-Compression-Coupling,CONDUIT-Thomas-&-Betts-HK-404,,,,
"Superstrut Strut Channel, 14 Gauge, Pre-Galvanized, Half-Slotted, 13/16"" x 1-5/8"", 10 ft",Thomas & Betts,B1400HS 10PG,13/16-Metallic-Channel-Strut,CONDUIT-Thomas-&-Betts-B1400HS-10PG,,,,
"Superstrut Strut Channel, 14 Gauge, Electro-Galvanized, Half-Slotted, 13/16"" x 1-5/8"", 10 ft",Thomas & Betts,B1400HS10EG,13/16-Metallic-Channel-Strut,CONDUIT-Thomas-&-Betts-B1400HS10EG,,,,
"Superstrut Strut Channel, 14 Gauge, Pre-Galvanized, Half-Slotted, 13/16"" x 1-5/8"", 10 ft",Thomas & Betts,B1400HS10PG,13/16-Metallic-Channel-Strut,CONDUIT-Thomas-&-Betts-B1400HS10PG,,,,
"Superstrut Strut Channel, 12 Gauge, Electro-Galvanized, Half-Slotted, 1-5/8"" x 1-5/8"", 10 ft",Thomas & Betts,A1200HS10EG,1-5/8-Metallic-Channel-Strut,CONDUIT-Thomas-&-Betts-A1200HS10EG,,,,
"Superstrut Strut Channel, 14 Gauge, Pre-Galvanized, Half-Slotted, 1-5/8"" x 1-5/8"", 10 ft",Thomas & Betts,A1400HS10PG,1-5/8-Metallic-Channel-Strut,CONDUIT-Thomas-&-Betts-A1400HS10PG,,,,
Thomas & Betts - 1 in EMT Compression Connector-Compression Connector,Thomas & Betts,TC113A,1-EMT-Compression-Connector,CONDUIT-Thomas-&-Betts-TC113A,,,,
Thomas & Betts - 1 in EMT Compression Connector-Compression Connector,Thomas & Betts,TC113AN-RT,1-EMT-Compression-Connector,CONDUIT-Thomas-&-Betts-TC113AN-RT,,,,
Thomas & Betts - 1 in EMT Compression Coupling-Compression Coupling,Thomas & Betts,5320,1-EMT-Compression-Coupling,CONDUIT-Thomas-&-Betts-5320,,,,
Thomas & Betts - 1 in EMT Compression Coupling-Compression Coupling,Thomas & Betts,TC713AN-RT,1-EMT-Compression-Coupling,CONDUIT-Thomas-&-Betts-TC713AN-RT,,,,
Thomas & Betts - 1 in EMT Compression Coupling-Compression Coupling,Thomas & Betts,TK113AN-RT,1-EMT-Compression-Coupling,CONDUIT-Thomas-&-Betts-TK113AN-RT,,,,
Thomas & Betts - 1 in EMT Set Screw Connector-Set Screw Connector,Thomas & Betts,TC123A,1-EMT-Set-Screw-Connector,CONDUIT-Thomas-&-Betts-TC123A,,,,
Thomas & Betts - 1 in FMC Conduit-Conduit,Thomas & Betts,15008-500,1-FMC-Conduit,CONDUIT-Thomas-&-Betts-15008-500,,,,
Thomas & Betts - 1 in PVC Coupling-Coupling,Thomas & Betts,8320,1-PVC-Coupling,CONDUIT-Thomas-&-Betts-8320,,,,
Thomas & Betts - 1 in PVC Coupling-Coupling,Thomas & Betts,E940F,1-PVC-Coupling,CONDUIT-Thomas-&-Betts-E940F,,,,
Thomas & Betts - 1 in PVC Elbow 45-Elbow 45,Thomas & Betts,UA7AF-CAR,1-PVC-Elbow-45,CONDUIT-Thomas-&-Betts-UA7AF-CAR,,,,
Thomas & Betts - 1 in PVC Elbow 90-Elbow 90,Thomas & Betts,UA9AFR-CTN,1-PVC-Elbow-90,CONDUIT-Thomas-&-Betts-UA9AFR-CTN,,,,
Thomas & Betts - 1 in PVC Elbow 90-Elbow 90,Thomas & Betts,UB9AF,1-PVC-Elbow-90,CONDUIT-Thomas-&-Betts-UB9AF,,,,
Thomas & Betts - 1 in PVC Expansion Coupling-Expansion Coupling,Thomas & Betts,E945F,1-PVC-Expansion-Coupling,CONDUIT-Thomas-&-Betts-E945F,,,,
Thomas & Betts - 1 in PVC Female Adapter-Female Adapter,Thomas & Betts,E942F,1-PVC-Female-Adapter,CONDUIT-Thomas-&-Betts-E942F,,,,
Thomas & Betts - 1 in RMC Compression Connector-Compression Connector,Thomas & Betts,8321,1-RMC-Compression-Connector,CONDUIT-Thomas-&-Betts-8321,,,,
Thomas & Betts - 1 in RMC Compression Connector-Compression Connector,Thomas & Betts,HC-403,1-RMC-Compression-Connector,CONDUIT-Thomas-&-Betts-HC-403,,,,
Thomas & Betts - 1 in RMC Compression Coupling-Compression Coupling,Thomas & Betts,HK-403,1-RMC-Compression-Coupling,CONDUIT-Thomas-&-Betts-HK-403,,,,
Thomas & Betts - 1 in RMC Expansion Coupling-Expansion Coupling,Thomas & Betts,XJG34-G,1-RMC-Expansion-Coupling,CONDUIT-Thomas-&-Betts-XJG34-G,,,,
Thomas & Betts - 1 in RMC Expansion Coupling-Expansion Coupling,Thomas & Betts,XJG34-TB,1-RMC-Expansion-Coupling,CONDUIT-Thomas-&-Betts-XJG34-TB,,,,
Thomas & Betts - 2-1/2 in EMT Compression Connector-Compression Connector,Thomas & Betts,TC117A,2-1/2-EMT-Compression-Connector,CONDUIT-Thomas-&-Betts-TC117A,,,,
Thomas & Betts - 2-1/2 in PVC Expansion Coupling-Expansion Coupling,Thomas & Betts,E945K,2-1/2-PVC-Expansion-Coupling,CONDUIT-Thomas-&-Betts-E945K,,,,
Thomas & Betts - 2-1/2 in PVC Female Adapter-Female Adapter,Thomas & Betts,E942K-CAR,2-1/2-PVC-Female-Adapter,CONDUIT-Thomas-&-Betts-E942K-CAR,,,,
Thomas & Betts - 2-1/2 in PVC Terminal Adapter-Terminal Adapter,Thomas & Betts,E943K-CAR,2-1/2-PVC-Terminal-Adapter,CONDUIT-Thomas-&-Betts-E943K-CAR,,,,
Thomas & Betts - 2 in EMT Compression Connector-Compression Connector,Thomas & Betts,TC116A-RT,2-EMT-Compression-Connector,CONDUIT-Thomas-&-Betts-TC116A-RT,,,,
Thomas & Betts - 2 in EMT Compression Connector-Compression Connector,Thomas & Betts,TC716A-RT,2-EMT-Compression-Connector,CONDUIT-Thomas-&-Betts-TC716A-RT,,,,
Thomas & Betts - 2 in EMT Compression Coupling-Compression Coupling,Thomas & Betts,TK116A-RT,2-EMT-Compression-Coupling,CONDUIT-Thomas-&-Betts-TK116A-RT,,,,
Thomas & Betts - 2 in EMT Set Screw Connector-Set Screw Connector,Thomas & Betts,TC726A,2-EMT-Set-Screw-Connector,CONDUIT-Thomas-&-Betts-TC726A,,,,
Thomas & Betts - 2 in PVC Cap-Cap,Thomas & Betts,E958J,2-PVC-Cap,CONDUIT-Thomas-&-Betts-E958J,,,,
Thomas & Betts - 2 in PVC Coupling-Coupling,Thomas & Betts,E940J,2-PVC-Coupling,CONDUIT-Thomas-&-Betts-E940J,,,,
Thomas & Betts - 2 in PVC Elbow 45-Elbow 45,Thomas & Betts,UA7AJB,2-PVC-Elbow-45,CONDUIT-Thomas-&-Betts-UA7AJB,,,,
Thomas & Betts - 2 in PVC Elbow 90-Elbow 90,Thomas & Betts,UA9AJ,2-PVC-Elbow-90,CONDUIT-Thomas-&-Betts-UA9AJ,,,,
Thomas & Betts - 2 in PVC Elbow 90-Elbow 90,Thomas & Betts,UA9AJB,2-PVC-Elbow-90,CONDUIT-Thomas-&-Betts-UA9AJB,,,,
Thomas & Betts - 2 in PVC Elbow 90-Elbow 90,Thomas & Betts,UA9FJB,2-PVC-Elbow-90,CONDUIT-Thomas-&-Betts-UA9FJB,,,,
Thomas & Betts - 2 in PVC End Bell-End Bell,Thomas & Betts,E997J,2-PVC-End-Bell,CONDUIT-Thomas-&-Betts-E997J,,,,
Thomas & Betts - 2 in PVC Expansion Coupling-Expansion Coupling,Thomas & Betts,E945J,2-PVC-Expansion-Coupling,CONDUIT-Thomas-&-Betts-E945J,,,,
Thomas & Betts - 2 in PVC Female Adapter-Female Adapter,Thomas & Betts,E942J,2-PVC-Female-Adapter,CONDUIT-Thomas-&-Betts-E942J,,,,
Thomas & Betts - 2 in PVC Terminal Adapter-Terminal Adapter,Thomas & Betts,E943J,2-PVC-Terminal-Adapter,CONDUIT-Thomas-&-Betts-E943J,,,,
Thomas & Betts - 2 in RMC Compression Connector-Compression Connector,Thomas & Betts,5337,2-RMC-Compression-Connector,CONDUIT-Thomas-&-Betts-5337,,,,
Thomas & Betts - 3/4 in EMT Compression Connector-Compression Connector,Thomas & Betts,TC112A,3/4-EMT-Compression-Connector,CONDUIT-Thomas-&-Betts-TC112A,,,,
Thomas & Betts - 3/4 in EMT Compression Connector-Compression Connector,Thomas & Betts,TC712A,3/4-EMT-Compression-Connector,CONDUIT-Thomas-&-Betts-TC712A,,,,
Thomas & Betts - 3/4 in EMT Compression Coupling-Compression Coupling,Thomas & Betts,TC112AN-RT,3/4-EMT-Compression-Coupling,CONDUIT-Thomas-&-Betts-TC112AN-RT,,,,
Thomas & Betts - 3/4 in EMT Compression Coupling-Compression Coupling,Thomas & Betts,TC712AN-RT,3/4-EMT-Compression-Coupling,CONDUIT-Thomas-&-Betts-TC712AN-RT,,,,
Thomas & Betts - 3/4 in EMT Compression Coupling-Compression Coupling,Thomas & Betts,TK112A,3/4-EMT-Compression-Coupling,CONDUIT-Thomas-&-Betts-TK112A,,,,
Thomas & Betts - 3/4 in EMT Compression Coupling-Compression Coupling,Thomas & Betts,TK112AN-RT,3/4-EMT-Compression-Coupling,CONDUIT-Thomas-&-Betts-TK112AN-RT,,,,
Thomas & Betts - 3/4 in EMT Set Screw Connector-Set Screw Connector,Thomas & Betts,TC122A,3/4-EMT-Set-Screw-Connector,CONDUIT-Thomas-&-Betts-TC122A,,,,
Thomas & Betts - 3/4 in EMT Set Screw Connector-Set Screw Connector,Thomas & Betts,TC722A,3/4-EMT-Set-Screw-Connector,CONDUIT-Thomas-&-Betts-TC722A,,,,
Thomas & Betts - 3/4 in PVC Coupling-Coupling,Thomas & Betts,E940E,3/4-PVC-Coupling,CONDUIT-Thomas-&-Betts-E940E,,,,
Thomas & Betts - 3/4 in PVC Elbow 90-Elbow 90,Thomas & Betts,UA9AEB,3/4-PVC-Elbow-90,CONDUIT-Thomas-&-Betts-UA9AEB,,,,
Thomas & Betts - 3/4 in PVC Expansion Coupling-Expansion Coupling,Thomas & Betts,E945E,3/4-PVC-Expansion-Coupling,CONDUIT-Thomas-&-Betts-E945E,,,,
Thomas & Betts - 3/4 in PVC Female Adapter-Female Adapter,Thomas & Betts,E942E,3/4-PVC-Female-Adapter,CONDUIT-Thomas-&-Betts-E942E,,,,
Thomas & Betts - 3/4 in PVC Female Adapter-Female Adapter,Thomas & Betts,FA-75,3/4-PVC-Female-Adapter,CONDUIT-Thomas-&-Betts-FA-75,,,,
Thomas & Betts - 3/4 in RMC Compression Connector-Compression Connector,Thomas & Betts,HC-402,3/4-RMC-Compression-Connector,CONDUIT-Thomas-&-Betts-HC-402,,,,
Thomas & Betts - 3/4 in RMC Expansion Coupling-Expansion Coupling,Thomas & Betts,XJG24-TB,3/4-RMC-Expansion-Coupling,CONDUIT-Thomas-&-Betts-XJG24-TB,,,,
Thomas & Betts - 3 in EMT Compression Connector-Compression Connector,Thomas & Betts,TC718A,3-EMT-Compression-Connector,CONDUIT-Thomas-&-Betts-TC718A,,,,
Thomas & Betts - 3 in PVC Elbow 90-Elbow 90,Thomas & Betts,UA9ALB,3-PVC-Elbow-90,CONDUIT-Thomas-&-Betts-UA9ALB,,,,
Thomas & Betts - 3 in PVC Elbow 90-Elbow 90,Thomas & Betts,UA9FLB,3-PVC-Elbow-90,CONDUIT-Thomas-&-Betts-UA9FLB,,,,
Thomas & Betts - 3 in PVC End Bell-End Bell,Thomas & Betts,E997L,3-PVC-End-Bell,CONDUIT-Thomas-&-Betts-E997L,,,,
Topaz - 1/2 in EMT Set Screw Connector-Set Screw Connector,Topaz,631SI,1/2-EMT-Set-Screw-Connector,CONDUIT-Topaz-631SI,,,,
Topaz - 1-1/2 in EMT Compression Connector-Compression Connector,Topaz,655SIRT,1-1/2-EMT-Compression-Connector,CONDUIT-Topaz-655SIRT,,,,
Topaz - 1-1/2 in EMT Compression Connector-Compression Connector,Topaz,655SRT,1-1/2-EMT-Compression-Connector,CONDUIT-Topaz-655SRT,,,,
Topaz - 1-1/2 in EMT Compression Coupling-Compression Coupling,Topaz,665SRT,1-1/2-EMT-Compression-Coupling,CONDUIT-Topaz-665SRT,,,,
Topaz - 1-1/4 in EMT Compression Connector-Compression Connector,Topaz,654S,1-1/4-EMT-Compression-Connector,CONDUIT-Topaz-654S,,,,
Topaz - 1-1/4 in EMT Compression Connector-Compression Connector,Topaz,654SIRT,1-1/4-EMT-Compression-Connector,CONDUIT-Topaz-654SIRT,,,,
Topaz - 1-1/4 in EMT Compression Connector-Compression Connector,Topaz,654SRT,1-1/4-EMT-Compression-Connector,CONDUIT-Topaz-654SRT,,,,
Topaz - 1-1/4 in EMT Compression Coupling-Compression Coupling,Topaz,664SRT,1-1/4-EMT-Compression-Coupling,CONDUIT-Topaz-664SRT,,,,
Topaz - 1-1/4 in PVC Coupling-Coupling,Topaz,1014,1-1/4-PVC-Coupling,CONDUIT-Topaz-1014,,,,
Topaz - 1-1/4 in PVC Elbow 90-Elbow 90,Topaz,104480,1-1/4-PVC-Elbow-90,CONDUIT-Topaz-104480,,,,
Topaz - 1-1/4 in PVC Expansion Coupling-Expansion Coupling,Topaz,1074,1-1/4-PVC-Expansion-Coupling,CONDUIT-Topaz-1074,,,,
Topaz - 1-1/4 in RMC Compression Connector-Compression Connector,Topaz,264,1-1/4-RMC-Compression-Connector,CONDUIT-Topaz-264,,,,
Topaz - 1 in EMT Compression Connector-Compression Connector,Topaz,653S,1-EMT-Compression-Connector,CONDUIT-Topaz-653S,,,,
Topaz - 1 in EMT Compression Connector-Compression Connector,Topaz,653SIRT,1-EMT-Compression-Connector,CONDUIT-Topaz-653SIRT,,,,
Topaz - 1 in EMT Compression Connector-Compression Connector,Topaz,653SRT,1-EMT-Compression-Connector,CONDUIT-Topaz-653SRT,,,,
Topaz - 1 in EMT Compression Coupling-Compression Coupling,Topaz,663SRT,1-EMT-Compression-Coupling,CONDUIT-Topaz-663SRT,,,,
Topaz - 1 in EMT Set Screw Connector-Set Screw Connector,Topaz,633S,1-EMT-Set-Screw-Connector,CONDUIT-Topaz-633S,,,,
Topaz - 1 in FMC Conduit-Conduit,Topaz,4303,1-FMC-Conduit,CONDUIT-Topaz-4303,,,,
Topaz - 1 in PVC Coupling-Coupling,Topaz,1013,1-PVC-Coupling,CONDUIT-Topaz-1013,,,,
Topaz - 1 in PVC Elbow 90-Elbow 90,Topaz,104380,1-PVC-Elbow-90,CONDUIT-Topaz-104380,,,,
Topaz - 1 in PVC Expansion Coupling-Expansion Coupling,Topaz,1073,1-PVC-Expansion-Coupling,CONDUIT-Topaz-1073,,,,
Topaz - 1 in PVC Female Adapter-Female Adapter,Topaz,1023,1-PVC-Female-Adapter,CONDUIT-Topaz-1023,,,,
Topaz - 1 in PVC Terminal Adapter-Terminal Adapter,Topaz,1033,1-PVC-Terminal-Adapter,CONDUIT-Topaz-1033,,,,
Topaz - 1 in RMC Compression Connector-Compression Connector,Topaz,263,1-RMC-Compression-Connector,CONDUIT-Topaz-263,,,,
Topaz - 1 in RMC Compression Coupling-Compression Coupling,Topaz,253,1-RMC-Compression-Coupling,CONDUIT-Topaz-253,,,,
Topaz - 1 in RMC Compression Coupling-Compression Coupling,Topaz,393C,1-RMC-Compression-Coupling,CONDUIT-Topaz-393C,,,,
Topaz - 1 in RMC Elbow 90-Elbow 90,Topaz,63AL,1-RMC-Elbow-90,CONDUIT-Topaz-63AL,,,,
Topaz - 2 in EMT Compression Connector-Compression Connector,Topaz,656SIRT,2-EMT-Compression-Connector,CONDUIT-Topaz-656SIRT,,,,
Topaz - 2 in PVC Coupling-Coupling,Topaz,1016,2-PVC-Coupling,CONDUIT-Topaz-1016,,,,
Topaz - 2 in PVC Expansion Coupling-Expansion Coupling,Topaz,1076,2-PVC-Expansion-Coupling,CONDUIT-Topaz-1076,,,,
Topaz - 2 in PVC Terminal Adapter-Terminal Adapter,Topaz,1036,2-PVC-Terminal-Adapter,CONDUIT-Topaz-1036,,,,
Topaz - 2 in RMC Compression Connector-Compression Connector,Topaz,266,2-RMC-Compression-Connector,CONDUIT-Topaz-266,,,,
Topaz - 2 in RMC Elbow 90-Elbow 90,Topaz,66,2-RMC-Elbow-90,CONDUIT-Topaz-66,,,,
Topaz - 3/4 in EMT Compression Connector-Compression Connector,Topaz,652SIRT,3/4-EMT-Compression-Connector,CONDUIT-Topaz-652SIRT,,,,
Topaz - 3/4 in EMT Compression Connector-Compression Connector,Topaz,652SRT,3/4-EMT-Compression-Connector,CONDUIT-Topaz-652SRT,,,,
Topaz - 3/4 in EMT Compression Coupling-Compression Coupling,Topaz,662SRT,3/4-EMT-Compression-Coupling,CONDUIT-Topaz-662SRT,,,,
Topaz - 3/4 in FMC Conduit-Conduit,Topaz,4302,3/4-FMC-Conduit,CONDUIT-Topaz-4302,,,,
Topaz - 3/4 in FMC Conduit-Conduit,Topaz,5202,3/4-FMC-Conduit,CONDUIT-Topaz-5202,,,,
Topaz - 3/4 in FMC Conduit-Conduit,Topaz,4302TZ,3/4-FMC-Conduit,CONDUIT-Topaz-4302TZ,,,,
Topaz - 3/4 in RMC Compression Connector-Compression Connector,Topaz,262,3/4-RMC-Compression-Connector,CONDUIT-Topaz-262,,,,
Topaz - 3/4 in RMC Compression Coupling-Compression Coupling,Topaz,252,3/4-RMC-Compression-Coupling,CONDUIT-Topaz-252,,,,
Topaz - 3/4 in RMC Threaded Coupling-Threaded Coupling,Topaz,52,3/4-RMC-Threaded-Coupling,CONDUIT-Topaz-52,,,,
Unbranded - 1-1/2 in FMC Conduit-Conduit,Unbranded,LT1-1/2EFGRY,1-1/2-FMC-Conduit,CONDUIT-Unbranded-LT1-1/2EFGRY,,,,
Unbranded - 1-1/4 in FMC Conduit-Conduit,Unbranded,RWS-1-1/4,1-1/4-FMC-Conduit,CONDUIT-Unbranded-RWS-1-1/4,,,,
Unbranded - 3/4 in FMC Conduit-Conduit,Unbranded,LT-3/4UGRY100,3/4-FMC-Conduit,CONDUIT-Unbranded-LT-3/4UGRY100,,,,
Unbranded - 2 in EMT Conduit-Conduit,Unbranded,2,2-EMT-Conduit,CONDUIT-Unbranded-2,,,,
Unbranded - 1-1/4 in PVC Conduit-Conduit,Unbranded,125,1-1/4-PVC-Conduit,CONDUIT-Unbranded-125,,,,
Unbranded - 2 in PVC Terminal Adapter-Terminal Adapter,Unbranded,MA2,2-PVC-Terminal-Adapter,CONDUIT-Unbranded-MA2,,,,
Unbranded - 3/4 in PVC Terminal Adapter-Terminal Adapter,Unbranded,MA3/4,3/4-PVC-Terminal-Adapter,CONDUIT-Unbranded-MA3/4,,,,
"Unistrut Strut Channel, 12 Gauge, Pre-Galvanized, Slotted, 1-5/8"" x 1-5/8"", 10 ft",Unistrut,P1000T10PG,1-5/8-Metallic-Channel-Strut,CONDUIT-Unistrut-P1000T10PG,,,,
"Unistrut Strut Channel, 14 Gauge, Pre-Galvanized, Slotted, 1-5/8"" x 1-5/8"", 10 ft",Unistrut,P4100T10PG,1-5/8-Metallic-Channel-Strut,CONDUIT-Unistrut-P4100T10PG,,,,
"United Pipe & Steel Strut Channel, 14 Gauge, Galvanized, Slotted, 13/16"" x 1-5/8""",United Pipe & Steel,64390,13/16-Metallic-Channel-Strut,CONDUIT-United-Pipe-&-Steel-64390,,,,
"VersaBlock EB1 Conduit Support Block, No Strut Included, 8""x7""x4""",Versablock,EB1,13/16-Plastic-Strut-Block,CONDUIT-Versablock-EB1,,,,
"Zsi-Foster Strut Channel, 14 Gauge, Pre-Galvanized, Short Slots, 13/16"" x 1-5/8"", 10 ft",Zsi-Foster,W500SSPG10,13/16-Metallic-Channel-Strut,CONDUIT-Zsi-Foster-W500SSPG10,,,,
,,,,,,,,
,,,,,,,,
,,,,,,,,
,,,,,,,,
,,,,,,,,
,,,,,,,,
,,,,,,,,
,,,,,,,,
,,,,,,,,
,,,,,,,,
,,,,,,,,
,,,,,,,,
,,,,,,,,
,,,,,,,,
,,,,,,,,
,,,,,,,,
,,,,,,,,
,,,,,,,,
,,,,,,,,
,,,,,,,,
,,,,,,,,
,,,,,,,,
,,,,,,,,
,,,,,,,,
,,,,,,,,
,,,,,,,,
,,,,,,,,
,,,,,,,,
,,,,,,,,
,,,,,,,,
,,,,,,,,
,,,,,,,,
,,,,,,,,
,,,,,,,,
,,,,,,,,
,,,,,,,,
,,,,,,,,
,,,,,,,,
,,,,,,,,
,,,,,,,,
,,,,,,,,
,,,,,,,,
,,,,,,,,
,,,,,,,,
,,,,,,,,
,,,,,,,,
,,,,,,,,
,,,,,,,,
,,,,,,,,
,,,,,,,,
,,,,,,,,
,,,,,,,,
,,,,,,,,
,,,,,,,,
,,,,,,,,
,,,,,,,,
,,,,,,,,
,,,,,,,,
,,,,,,,,
,,,,,,,,
,,,,,,,,
,,,,,,,,
,,,,,,,,
,,,,,,,,
,,,,,,,,
,,,,,,,,
,,,,,,,,
,,,,,,,,
,,,,,,,,
,,,,,,,,
,,,,,,,,
,,,,,,,,
,,,,,,,,
,,,,,,,,
,,,,,,,,
,,,,,,,,
,,,,,,,,
,,,,,,,,
,,,,,,,,
,,,,,,,,
,,,,,,,,
,,,,,,,,
,,,,,,,,
,,,,,,,,
,,,,,,,,
,,,,,,,,
,,,,,,,,
,,,,,,,,
,,,,,,,,
,,,,,,,,
,,,,,,,,
,,,,,,,,
,,,,,,,,
,,,,,,,,
,,,,,,,,
,,,,,,,,
,,,,,,,,
,,,,,,,,
,,,,,,,,
,,,,,,,,
,,,,,,,,
,,,,,,,,
,,,,,,,,
,,,,,,,,
,,,,,,,,
,,,,,,,,
,,,,,,,,
,,,,,,,,
,,,,,,,,
,,,,,,,,
,,,,,,,,
,,,,,,,,
,,,,,,,,
,,,,,,,,
,,,,,,,,
,,,,,,,,
,,,,,,,,
,,,,,,,,
,,,,,,,,
,,,,,,,,
,,,,,,,,
,,,,,,,,
,,,,,,,,
,,,,,,,,
,,,,,,,,
,,,,,,,,
,,,,,,,,
,,,,,,,,
,,,,,,,,
,,,,,,,,
,,,,,,,,
,,,,,,,,
,,,,,,,,
,,,,,,,,
,,,,,,,,
,,,,,,,,
,,,,,,,,
,,,,,,,,
,,,,,,,,
,,,,,,,,
,,,,,,Square D,CONDUIT 3/4-IN PVC SCHEDULE-80,3/4-PVC-Conduit
