Description,Manufacturer,Part Number,Tool Type,Tool Size,BRSID
"Abbott Rubber Tie-Down Strap, 31 in",Abbott Rubber,8100-3100-A,Tie-Down Strap,31 in,TOOLS-Abbott-Rubber-8100-3100-A
"Abbott Rubber Tie-Down Strap, 41 in",Abbott Rubber,8100-4100-A,Tie-Down Strap,41 in,TOOLS-Abbott-Rubber-8100-4100-A
Acme Tools Work Light,Acme Tools,NEB-WLT-006,Work Light,,TOOLS-Acme-Tools-NEB-WLT-006
"Allen Bradley Screwdriver Set, 5 piece",Allen Bradley,1492-N90,Screwdriver Set,5 piece,TOOLS-Allen-Bradley-1492-N90
"Ames Shovel, 54 in",Ames,47174,Shovel,54 in,TOOLS-Ames-47174
Amprobe Voltage Tester,Amprobe,AM-510,Voltage Tester,,TOOLS-Amprobe-AM-510
"Ancra Tie-Down Strap, 1 in x 6 ft, S-Hook, Bulk Bin",Ancra,95185,Tie-Down Strap,"1 in x 6 ft, S-Hook, Bulk Bin",TOOLS-Ancra-95185
Ancra Ratchet,Ancra,95370,Ratchet,,TOOLS-Ancra-95370
"Ancra Tie-Down Strap, 24 in",Ancra,95524-1,Tie-Down Strap,24 in,TOOLS-Ancra-95524-1
"Ancra Tie-Down Strap, 36 in",Ancra,95536-1,Tie-Down Strap,36 in,TOOLS-Ancra-95536-1
"Ancra Tie-Down Strap, 18 in",Ancra,95618,Tie-Down Strap,18 in,TOOLS-Ancra-95618
"Ancra Tie-Down Strap, 32 in",Ancra,95632,Tie-Down Strap,32 in,TOOLS-Ancra-95632
"Ancra Tie-Down Strap, 40 in",Ancra,95640,Tie-Down Strap,40 in,TOOLS-Ancra-95640
"Ancra Tie-Down Strap, 1 in x 6 ft, S-Hook, 4-pack",Ancra,SL27,Tie-Down Strap,"1 in x 6 ft, S-Hook, 4-pack",TOOLS-Ancra-SL27
"Ancra Bungee Cords, 6-Piece",Ancra,SL69,Bungee Cords,6-Piece,TOOLS-Ancra-SL69
"Ancra Tie-Down Strap, 1 in x 15 ft, S-Hook, 4-pack",Ancra,SL91,Tie-Down Strap,"1 in x 15 ft, S-Hook, 4-pack",TOOLS-Ancra-SL91
Bandit Headlamp,Bandit,61716,Headlamp,,TOOLS-Bandit-61716
"Berk-Tek Tie-Down Strap, 21 in",Berk-Tek,95821,Tie-Down Strap,21 in,TOOLS-Berk-Tek-95821
"Black & Decker Tool Battery, 18v",Black & Decker,DC9096-2,Tool Battery,18v,TOOLS-Black-&-Decker-DC9096-2
Black & Decker Vacuum,Black & Decker,DCV580H,Vacuum,,TOOLS-Black-&-Decker-DCV580H
"Bondhus Hex Key Set, 5 piece",Bondhus,27,Hex Key Set,5 piece,TOOLS-Bondhus-27
"Bosch Bell Hanger Bit, 1/4 x 18 in",Bosch,BH2001,Bell Hanger Bit,1/4 x 18 in,TOOLS-Bosch-BH2001
"Bosch Rotary Hammer Drill Bit, 1/4 x 14 in",Bosch,BOSCH HCFC2045,Rotary Hammer Drill Bit,1/4 x 14 in,TOOLS-Bosch-BOSCH-HCFC2045
"Bosch Spade Bit, 1 x 16 in",Bosch,DLSB1013,Spade Bit,1 x 16 in,TOOLS-Bosch-DLSB1013
"Bosch Spade Bit, 3/4 in",Bosch,DSB1009,Spade Bit,3/4 in,TOOLS-Bosch-DSB1009
"Bosch Spade Bit, 7/8 in x 6 in",Bosch,DSB1011,Spade Bit,7/8 in x 6 in,TOOLS-Bosch-DSB1011
"Bosch Spade Bit, 1-1/2 in x 6 in",Bosch,DSB1021,Spade Bit,1-1/2 in x 6 in,TOOLS-Bosch-DSB1021
Bosch Spade Bit Set,Bosch,DSB5006P,Spade Bit Set,,TOOLS-Bosch-DSB5006P
"Bosch Masonry Drill Bit, 7/32 x 6 in",Bosch,HCBG05T,Masonry Drill Bit,7/32 x 6 in,TOOLS-Bosch-HCBG05T
Bosch Ground Rod Driver,Bosch,HS1924,Ground Rod Driver,,TOOLS-Bosch-HS1924
"Bosch Hole Saw, 1-1/8 in",Bosch,HTW118,Hole Saw,1-1/8 in,TOOLS-Bosch-HTW118
Boulder Tool Belt,Boulder,504,Tool Belt,,TOOLS-Boulder-504
Boulder Padded Suspenders,Boulder,527,Padded Suspenders,,TOOLS-Boulder-527
Boulder Tool Belt,Boulder,ULT104GR-M,Tool Belt,,TOOLS-Boulder-ULT104GR-M
"Boulder Tool Belt, 19 pockets",Boulder,UT104-BLK-M,Tool Belt,19 pockets,TOOLS-Boulder-UT104-BLK-M
"Brady Label Printer, 3/4 in",Brady,BMP21-PLUS,Label Printer,3/4 in,TOOLS-Brady-BMP21-PLUS
Brady Voltage Tester,Brady,BMP21-PLUS-KIT1,Voltage Tester,,TOOLS-Brady-BMP21-PLUS-KIT1
"Brady Label Printer, 3/4 in",Brady,M210,Label Printer,3/4 in,TOOLS-Brady-M210
"Brady Label Printer, 3/4 in, Kit",Brady,M210-KIT,Label Printer,"3/4 in, Kit",TOOLS-Brady-M210-KIT
"Brady Label Printer, 3/4 in",Brady,M211,Label Printer,3/4 in,TOOLS-Brady-M211
"Brady Label Printer, 3/4 in, Kit",Brady,M211-KIT,Label Printer,"3/4 in, Kit",TOOLS-Brady-M211-KIT
Brother Label Printer,Brother,PT-E110,Label Printer,,TOOLS-Brother-PT-E110
Brother Label Printer,Brother,PTE-550W,Label Printer,,TOOLS-Brother-PTE-550W
Brother Label Printer,Brother,TZE231M,Label Printer,,TOOLS-Brother-TZE231M
"Burndy Crimp Tool, 8 AWG to 4/0 AWG",Burndy,MRC840,Crimp Tool,8 AWG to 4/0 AWG,TOOLS-Burndy-MRC840
Burndy Ratchet,Burndy,Y122CMR,Ratchet,,TOOLS-Burndy-Y122CMR
"Champion Hole Saw, 1-1/8 in",Champion,354-258,Hole Saw,1-1/8 in,TOOLS-Champion-354-258
"Champion Hole Saw, 1-1/8 in",Champion,CT7-1-1/8,Hole Saw,1-1/8 in,TOOLS-Champion-CT7-1-1/8
"Champion Split Point Drill Bit, 3/16 in",Champion,1705-3/16,Split Point Drill Bit,3/16 in,TOOLS-Champion-1705-3/16
"Channellock Tongue And Groove Pliers, 9-1/2 in",Channellock,420,Tongue And Groove Pliers,9-1/2 in,TOOLS-Channellock-420
"Channellock Tongue And Groove Pliers, 10 in",Channellock,430,Tongue And Groove Pliers,10 in,TOOLS-Channellock-430
Channellock Tongue And Groove Pliers,Channellock,442,Tongue And Groove Pliers,,TOOLS-Channellock-442
Channellock Tongue And Groove Pliers,Channellock,420,Tongue And Groove Pliers,,TOOLS-Channellock-420
Channellock Tongue And Groove Pliers,Channellock,424,Tongue And Groove Pliers,,TOOLS-Channellock-424
Channellock Tongue And Groove Pliers,Channellock,430,Tongue And Groove Pliers,,TOOLS-Channellock-430
"Channellock Tongue And Groove Pliers, 12 in",Channellock,440,Tongue And Groove Pliers,12 in,TOOLS-Channellock-440
Chem Link Caulk Gun,Chem Link,F0940,Caulk Gun,,TOOLS-Chem-Link-F0940
"Chiptoolz Rafter Finder, 3 in",Chiptoolz,CT-001400,Rafter Finder,3 in,TOOLS-Chiptoolz-CT-001400
"Chiptoolz Stud Finder, wire",Chiptoolz,CT-01,Stud Finder,wire,TOOLS-Chiptoolz-CT-01
Chiptoolz Rafter Finder,Chiptoolz,RAFTER FINDER,Rafter Finder,,TOOLS-Chiptoolz-RAFTER-FINDER
Circuit Assembly Crimp Tool,Circuit Assembly,CA-AES-CT-15,Crimp Tool,,TOOLS-Circuit-Assembly-CA-AES-CT-15
"Coleman Cable Extension Cord, 50 ft",Coleman Cable,024088804,Extension Cord,50 ft,TOOLS-Coleman-Cable-024088804
"Coleman Cable Extension Cord, 50 ft",Coleman Cable,02548USA1,Extension Cord,50 ft,TOOLS-Coleman-Cable-02548USA1
"Coleman Cable Extension Cord, 100 ft",Coleman Cable,02549USA1,Extension Cord,100 ft,TOOLS-Coleman-Cable-02549USA1
"Coleman Cable Extension Cord, 50 ft",Coleman Cable,025788803,Extension Cord,50 ft,TOOLS-Coleman-Cable-025788803
"Coleman Cable Extension Cord, 100 ft",Coleman Cable,025890002,Extension Cord,100 ft,TOOLS-Coleman-Cable-025890002
"Coleman Cable Extension Cord, 2 ft",Coleman Cable,034820002,Extension Cord,2 ft,TOOLS-Coleman-Cable-034820002
"Coleman Cable Extension Cord, 12/3 AWG",Coleman Cable,1687SW0002,Extension Cord,12/3 AWG,TOOLS-Coleman-Cable-1687SW0002
"Coleman Cable Extension Cord, 100 ft",Coleman Cable,2689SW0002,Extension Cord,100 ft,TOOLS-Coleman-Cable-2689SW0002
"Coleman Cable Extension Cord, 100 ft",Coleman Cable,EC12/3X100,Extension Cord,100 ft,TOOLS-Coleman-Cable-EC12/3X100
"Coleman Cable Extension Cord, 50 ft",Coleman Cable,EC12/3X50,Extension Cord,50 ft,TOOLS-Coleman-Cable-EC12/3X50
"Craftsman Hole Saw, 1-3/4 in",Craftsman,CMAH1134A,Hole Saw,1-3/4 in,TOOLS-Craftsman-CMAH1134A
"Craftsman Hole Saw, 1-3/4 in",Craftsman,CMAH1134U,Hole Saw,1-3/4 in,TOOLS-Craftsman-CMAH1134U
Crescent  Wire Stripper,Crescent ,CCP8V,Wire Stripper,,TOOLS-Crescent--CCP8V
Crescent  Diagonal Cutting Pliers,Crescent ,Z5428,Diagonal Cutting Pliers,,TOOLS-Crescent--Z5428
Cully Caulk Gun,Cully,96000,Caulk Gun,,TOOLS-Cully-96000
"Cully Cable Saw, 36 in",Cully,96260,Cable Saw,36 in,TOOLS-Cully-96260
"Cully Tie-Down Strap, 24 in",Cully,37207,Tie-Down Strap,24 in,TOOLS-Cully-37207
"Cully Screwdriver Bit, hex #2",Cully,38204D,Screwdriver Bit,hex #2,TOOLS-Cully-38204D
Cully Screwdriver Bit,Cully,38206,Screwdriver Bit,,TOOLS-Cully-38206
"Cully Screwdriver Bit, #2 Phillips",Cully,38504,Screwdriver Bit,#2 Phillips,TOOLS-Cully-38504
Cully Screwdriver Bit,Cully,38506,Screwdriver Bit,,TOOLS-Cully-38506
Cully Nut Driver Bit,Cully,39015,Nut Driver Bit,,TOOLS-Cully-39015
"Cully Bit Holder/Extender, 3 in",Cully,39018,Bit Holder/Extender,3 in,TOOLS-Cully-39018
"Cully Rotary Hammer Drill Bit, 3/16 x 4-1/2 in",Cully,59980,Rotary Hammer Drill Bit,3/16 x 4-1/2 in,TOOLS-Cully-59980
"Cully Rotary Hammer Drill Bit, 1/4 x 14 in",Cully,59996,Rotary Hammer Drill Bit,1/4 x 14 in,TOOLS-Cully-59996
"Cully Flexible Fish Bit, 9/16 x 72 in",Cully,92055,Flexible Fish Bit,9/16 x 72 in,TOOLS-Cully-92055
Cully Caulk Gun,Cully,96000,Caulk Gun,,TOOLS-Cully-96000
"Current Tools PVC Heating Blanket, 1/2 in to 1-1/2 in",Current Tools,441,PVC Heating Blanket,1/2 in to 1-1/2 in,TOOLS-Current-Tools-441
"DeWalt Hole Saw, 1-1/8 in",DeWalt,D180018IR,Hole Saw,1-1/8 in,TOOLS-DeWalt-D180018IR
"DeWalt Hole Saw, 1-1/2 in",DeWalt,D180024IR,Hole Saw,1-1/2 in,TOOLS-DeWalt-D180024IR
"DeWalt Hole Saw, 5 piece",DeWalt,D1800IR5,Hole Saw,5 piece,TOOLS-DeWalt-D1800IR5
DeWalt Hammer Drill,DeWalt,D25481K,Hammer Drill,,TOOLS-DeWalt-D25481K
DeWalt Tool Battery Charger,DeWalt,DC9310,Tool Battery Charger,,TOOLS-DeWalt-DC9310
"DeWalt Tool Battery, 20 v",DeWalt,DCB201,Tool Battery,20 v,TOOLS-DeWalt-DCB201
"DeWalt Tool Battery, 20v",DeWalt,DCB203-2,Tool Battery,20v,TOOLS-DeWalt-DCB203-2
"DeWalt Tool Battery, 20 v",DeWalt,DCB205,Tool Battery,20 v,TOOLS-DeWalt-DCB205
DeWalt Tool Battery,DeWalt,DCB205-2,Tool Battery,,TOOLS-DeWalt-DCB205-2
DeWalt Tool Battery Charger,DeWalt,DCB205-2CK,Tool Battery Charger,,TOOLS-DeWalt-DCB205-2CK
"DeWalt Tool Battery, 20 v",DeWalt,DCB230-2,Tool Battery,20 v,TOOLS-DeWalt-DCB230-2
"DeWalt Tool Battery, 20v 4ah",DeWalt,DCB240-2,Tool Battery,20v 4ah,TOOLS-DeWalt-DCB240-2
"DeWalt Tool Battery, 60V",DeWalt,DCB609-2,Tool Battery,60V,TOOLS-DeWalt-DCB609-2
DeWalt Tool Battery,DeWalt,DCBP034,Tool Battery,,TOOLS-DeWalt-DCBP034
DeWalt Hammer Drill,DeWalt,DCD996P2,Hammer Drill,,TOOLS-DeWalt-DCD996P2
DeWalt Hammer Drill,DeWalt,DCD996P2 PROMO,Hammer Drill,,TOOLS-DeWalt-DCD996P2-PROMO
DeWalt Impact Driver,DeWalt,DCF850B,Impact Driver,,TOOLS-DeWalt-DCF850B
DeWalt Impact Driver,DeWalt,DCF887B,Impact Driver,,TOOLS-DeWalt-DCF887B
"DeWalt Impact Driver Kit, 20 v",DeWalt,DCF887M2,Impact Driver Kit,20 v,TOOLS-DeWalt-DCF887M2
DeWalt Rotary Hammer,DeWalt,DCH172D2,Rotary Hammer,,TOOLS-DeWalt-DCH172D2
DeWalt Rotary Hammer,DeWalt,DCH273P2,Rotary Hammer,,TOOLS-DeWalt-DCH273P2
DeWalt Hammer Drill,DeWalt,DCH293B,Hammer Drill,,TOOLS-DeWalt-DCH293B
"DeWalt Rotary Hammer, 1-7/8 in",DeWalt,DCH735X2,Rotary Hammer,1-7/8 in,TOOLS-DeWalt-DCH735X2
DeWalt Rotary Hammer,DeWalt,DCH775X2,Rotary Hammer,,TOOLS-DeWalt-DCH775X2
"DeWalt Tool Kit, 2 tools",DeWalt,DCK2100P2,Tool Kit,2 tools,TOOLS-DeWalt-DCK2100P2
DeWalt Tool Kit,DeWalt,DCK299P2,Tool Kit,,TOOLS-DeWalt-DCK299P2
"DeWalt Cable Stapler, 1 in",DeWalt,DCN701B,Cable Stapler,1 in,TOOLS-DeWalt-DCN701B
DeWalt Cable Stapler,DeWalt,DCN701D1,Cable Stapler,,TOOLS-DeWalt-DCN701D1
DeWalt Tool Battery Charger,DeWalt,DCR015,Tool Battery Charger,,TOOLS-DeWalt-DCR015
DeWalt Band Saw,DeWalt,DCS371B,Band Saw,,TOOLS-DeWalt-DCS371B
"DeWalt Band Saw, 20v",DeWalt,DCS377B,Band Saw,20v,TOOLS-DeWalt-DCS377B
"DeWalt Band Saw, 1-3/4 in",DeWalt,DCS377Q1,Band Saw,1-3/4 in,TOOLS-DeWalt-DCS377Q1
"Dewalt Hole Saw, 3 in",Dewalt,DHS3000,Hole Saw,3 in,TOOLS-Dewalt-DHS3000
"DeWalt Split Point Drill Bit, 7/32 in",DeWalt,DW1114,Split Point Drill Bit,7/32 in,TOOLS-DeWalt-DW1114
"DeWalt Split Point Drill Bit, 3/16 in",DeWalt,DW1312,Split Point Drill Bit,3/16 in,TOOLS-DeWalt-DW1312
"DeWalt Split Point Drill Bit, 3/16 x 12 in",DeWalt,DW1604,Split Point Drill Bit,3/16 x 12 in,TOOLS-DeWalt-DW1604
"DeWalt Split Point Drill Bit, 1/4x12 in",DeWalt,DW1606,Split Point Drill Bit,1/4x12 in,TOOLS-DeWalt-DW1606
"DeWalt Bit Holder/Extender, 6 in",DeWalt,DW2054,Bit Holder/Extender,6 in,TOOLS-DeWalt-DW2054
"DeWalt Bit Holder/Extender, 1-7/8 in",DeWalt,DW2219,Bit Holder/Extender,1-7/8 in,TOOLS-DeWalt-DW2219
"DeWalt Nut Driver Bit, 5/16x2-9/16 in",DeWalt,DW2222B,Nut Driver Bit,5/16x2-9/16 in,TOOLS-DeWalt-DW2222B
"DeWalt Nut Driver Bit, 1/2 x 2-9/16 in",DeWalt,DW2234IR,Nut Driver Bit,1/2 x 2-9/16 in,TOOLS-DeWalt-DW2234IR
"DeWalt Nut Driver Set, 5 piece",DeWalt,DW2235IR,Nut Driver Set,5 piece,TOOLS-DeWalt-DW2235IR
"DeWalt Socket Adapter Bit, 1/4 in",DeWalt,DW25421R,Socket Adapter Bit,1/4 in,TOOLS-DeWalt-DW25421R
"DeWalt Socket Adapter Bit, 1/4 - 3/8 in",DeWalt,DW2542IR,Socket Adapter Bit,1/4 - 3/8 in,TOOLS-DeWalt-DW2542IR
"DeWalt Band Saw Blade, 14tpi",DeWalt,DW3982C,Band Saw Blade,14tpi,TOOLS-DeWalt-DW3982C
"DeWalt Band Saw Blade, 32-7/8 in x 18 tpi",DeWalt,DW3983C,Band Saw Blade,32-7/8 in x 18 tpi,TOOLS-DeWalt-DW3983C
"DeWalt Band Saw Blade, 24tpi",DeWalt,DW3984C,Band Saw Blade,24tpi,TOOLS-DeWalt-DW3984C
"DeWalt Band Saw Blade, 32-7/8 in",DeWalt,DW3986C,Band Saw Blade,32-7/8 in,TOOLS-DeWalt-DW3986C
"DeWalt Reciprocating Saw Blade, 6 in",DeWalt,DW4811,Reciprocating Saw Blade,6 in,TOOLS-DeWalt-DW4811
"DeWalt Masonry Drill Bit, 3/16 in x 6 in",DeWalt,DW5223,Masonry Drill Bit,3/16 in x 6 in,TOOLS-DeWalt-DW5223
DeWalt Concrete Screw Installation Kit,DeWalt,DW5366,Concrete Screw Installation Kit,,TOOLS-DeWalt-DW5366
"DeWalt Rotary Hammer Drill Bit, 5/32 in",DeWalt,DW5401,Rotary Hammer Drill Bit,5/32 in,TOOLS-DeWalt-DW5401
"DeWalt Rotary Hammer Drill Bit, 3/16 in",DeWalt,DW5403,Rotary Hammer Drill Bit,3/16 in,TOOLS-DeWalt-DW5403
"DeWalt Rotary Hammer Drill Bit, 3/16x6-1/2x8-1/2 in",DeWalt,DW5404,Rotary Hammer Drill Bit,3/16x6-1/2x8-1/2 in,TOOLS-DeWalt-DW5404
"DeWalt Rotary Hammer Drill Bit, 1/4 in",DeWalt,DW5417,Rotary Hammer Drill Bit,1/4 in,TOOLS-DeWalt-DW5417
"DeWalt Rotary Hammer Drill Bit, 1/4x6-1/2x8-1/2 in",DeWalt,DW5418,Rotary Hammer Drill Bit,1/4x6-1/2x8-1/2 in,TOOLS-DeWalt-DW5418
"DeWalt Rotary Hammer Drill Bit, 3/8 in",DeWalt,DW5431,Rotary Hammer Drill Bit,3/8 in,TOOLS-DeWalt-DW5431
"DeWalt Rotary Hammer Drill Bit, 3/8 x 22 x 24 in",DeWalt,DW5432,Rotary Hammer Drill Bit,3/8 x 22 x 24 in,TOOLS-DeWalt-DW5432
"DeWalt Rotary Hammer Drill Bit, 1/2 x 4 x 6 in",DeWalt,DW5437,Rotary Hammer Drill Bit,1/2 x 4 x 6 in,TOOLS-DeWalt-DW5437
"DeWalt Rotary Hammer Drill Bit, 1/2 x 16 x 18 in",DeWalt,DW5440,Rotary Hammer Drill Bit,1/2 x 16 x 18 in,TOOLS-DeWalt-DW5440
"DeWalt Rotary Hammer Drill Bit, 3/4 in",DeWalt,DW5455,Rotary Hammer Drill Bit,3/4 in,TOOLS-DeWalt-DW5455
"DeWalt Rotary Hammer Drill Bit, 1-1/8x16x18 in",DeWalt,DW5469,Rotary Hammer Drill Bit,1-1/8x16x18 in,TOOLS-DeWalt-DW5469
"DeWalt Rotary Hammer Drill Bit, 1/4 in",DeWalt,DW5517,Rotary Hammer Drill Bit,1/4 in,TOOLS-DeWalt-DW5517
"DeWalt Rotary Hammer Drill Bit, 7/8 x 8 x 13-1/2 in",DeWalt,DW5815,Rotary Hammer Drill Bit,7/8 x 8 x 13-1/2 in,TOOLS-DeWalt-DW5815
"DeWalt Rotary Hammer Drill Bit, 1 in x 36 in",DeWalt,DW5820,Rotary Hammer Drill Bit,1 in x 36 in,TOOLS-DeWalt-DW5820
"DeWalt Rotary Hammer Drill Bit, 1-1/8 in x 22-1/2 in",DeWalt,DW5822,Rotary Hammer Drill Bit,1-1/8 in x 22-1/2 in,TOOLS-DeWalt-DW5822
"DeWalt Rotary Hammer Drill Bit, 1-1/4 x 10 x 15 in",DeWalt,DW5824,Rotary Hammer Drill Bit,1-1/4 x 10 x 15 in,TOOLS-DeWalt-DW5824
"DeWalt Driver Bit Set, 35 piece",DeWalt,DWA2T35IR,Driver Bit Set,35 piece,TOOLS-DeWalt-DWA2T35IR
"DeWalt Multi-Tool Blade, 1 in",DeWalt,DWA4209B,Multi-Tool Blade,1 in,TOOLS-DeWalt-DWA4209B
"DeWalt Drill Tap Bit, 5 piece",DeWalt,DWADT5SET,Drill Tap Bit,5 piece,TOOLS-DeWalt-DWADT5SET
DeWalt Reciprocating Saw Blade,DeWalt,DWAPB27183,Reciprocating Saw Blade,,TOOLS-DeWalt-DWAPB27183
DeWalt Utility Knife Blade,DeWalt,DW-HOOKBLADE,Utility Knife Blade,,TOOLS-DeWalt-DW-HOOKBLADE
DeWalt Utility Knife,DeWalt,DWHT10916,Utility Knife,,TOOLS-DeWalt-DWHT10916
"DeWalt Tape Measure, 35ft",DeWalt,DWHT33976S,Tape Measure,35ft,TOOLS-DeWalt-DWHT33976S
DeWalt Pry Bar,DeWalt,DWHT55129,Pry Bar,,TOOLS-DeWalt-DWHT55129
"Dewalt Headlamp, 200 lumens",Dewalt,DWHT81424,Headlamp,200 lumens,TOOLS-Dewalt-DWHT81424
DeWalt Driver Bit Set,DeWalt,DWMT73807,Driver Bit Set,,TOOLS-DeWalt-DWMT73807
"DeWalt Socket, 1/2 in",DeWalt,DWMT73934OSP,Socket,1/2 in,TOOLS-DeWalt-DWMT73934OSP
DeWalt Ratchet,DeWalt,DWMT75462,Ratchet,,TOOLS-DeWalt-DWMT75462
DeWalt Ratchet,DeWalt,DWMT75463,Ratchet,,TOOLS-DeWalt-DWMT75463
DeWalt Utility Knife,DeWalt,DW-UTILKNIFE,Utility Knife,,TOOLS-DeWalt-DW-UTILKNIFE
"Diablo Auger Bit, 1 in x 17-1/2 in",Diablo,DAG3110,Auger Bit,1 in x 17-1/2 in,TOOLS-Diablo-DAG3110
"Diablo Bit Holder/Extender, 2-3/8 in",Diablo,DBH238QC,Bit Holder/Extender,2-3/8 in,TOOLS-Diablo-DBH238QC
"Diablo Bit Holder/Extender, 6 in",Diablo,DBH600,Bit Holder/Extender,6 in,TOOLS-Diablo-DBH600
"Diablo Hole Saw, 6 piece",Diablo,DHS06CFS,Hole Saw,6 piece,TOOLS-Diablo-DHS06CFS
"Diablo Hole Saw, 9 piece",Diablo,DHS09SGPCT,Hole Saw,9 piece,TOOLS-Diablo-DHS09SGPCT
"Diablo Hole Saw, 1 in",Diablo,DHS1000,Hole Saw,1 in,TOOLS-Diablo-DHS1000
"Diablo Hole Saw, 1-1/8 in",Diablo,DHS1125,Hole Saw,1-1/8 in,TOOLS-Diablo-DHS1125
"Diablo Carbide Hole Cutter, 1-1/8 in",Diablo,DHS1125CF,Carbide Hole Cutter,1-1/8 in,TOOLS-Diablo-DHS1125CF
"Diablo Hole Saw, 1-1/8 in",Diablo,DHS1125CT,Hole Saw,1-1/8 in,TOOLS-Diablo-DHS1125CT
"Diablo Hole Saw, 1-1/4 in",Diablo,DHS1250,Hole Saw,1-1/4 in,TOOLS-Diablo-DHS1250
"Diablo Hole Saw, 1-3/8 in",Diablo,DHS1375,Hole Saw,1-3/8 in,TOOLS-Diablo-DHS1375
"Diablo Carbide Hole Cutter, 1-3/8 in",Diablo,DHS1375CF,Carbide Hole Cutter,1-3/8 in,TOOLS-Diablo-DHS1375CF
"Diablo Hole Saw, 1-3/8 in",Diablo,DHS1375CT,Hole Saw,1-3/8 in,TOOLS-Diablo-DHS1375CT
"Diablo Hole Saw, 14 piece",Diablo,DHS14SGP,Hole Saw,14 piece,TOOLS-Diablo-DHS14SGP
"Diablo Hole Saw, 1-1/2 in",Diablo,DHS1500,Hole Saw,1-1/2 in,TOOLS-Diablo-DHS1500
"Diablo Hole Saw, 1-1/2 in",Diablo,DHS1500CT,Hole Saw,1-1/2 in,TOOLS-Diablo-DHS1500CT
"Diablo Hole Saw, 16 piece",Diablo,DHS16SEL,Hole Saw,16 piece,TOOLS-Diablo-DHS16SEL
"Diablo Hole Saw, 1-3/4 in",Diablo,DHS1750,Hole Saw,1-3/4 in,TOOLS-Diablo-DHS1750
"Diablo Hole Saw, 1-7/8 in",Diablo,DHS1875CT,Hole Saw,1-7/8 in,TOOLS-Diablo-DHS1875CT
"Diablo Hole Saw, 2 in",Diablo,DHS2000,Hole Saw,2 in,TOOLS-Diablo-DHS2000
"Diablo Hole Saw, 2-1/4 in",Diablo,DHS2250,Hole Saw,2-1/4 in,TOOLS-Diablo-DHS2250
"Diablo Hole Saw, 2-3/8 in",Diablo,DHS2375,Hole Saw,2-3/8 in,TOOLS-Diablo-DHS2375
"Diablo Hole Saw, 2-1/2 in",Diablo,DHS2500,Hole Saw,2-1/2 in,TOOLS-Diablo-DHS2500
"Diablo Hole Saw, 2-1/2 in",Diablo,DHS2500CT,Hole Saw,2-1/2 in,TOOLS-Diablo-DHS2500CT
"Diablo Hole Saw, 2-5/8 in",Diablo,DHS2625,Hole Saw,2-5/8 in,TOOLS-Diablo-DHS2625
"Diablo Hole Saw, 2-11/16 in",Diablo,DHS2687,Hole Saw,2-11/16 in,TOOLS-Diablo-DHS2687
"Diablo Pilot Bit, 2 in",Diablo,DHS2BITCB,Pilot Bit,2 in,TOOLS-Diablo-DHS2BITCB
"Diablo Hole Saw, 3-5/8 in",Diablo,DHS3625,Hole Saw,3-5/8 in,TOOLS-Diablo-DHS3625
"Diablo Hole Saw, 4-1/2 in",Diablo,DHS4500,Hole Saw,4-1/2 in,TOOLS-Diablo-DHS4500
"Diablo Pilot Bit, 9/32 in x 4 in",Diablo,DHS4BITCB,Pilot Bit,9/32 in x 4 in,TOOLS-Diablo-DHS4BITCB
"Diablo Pilot Bit, 4 in",Diablo,DHS4BITCT,Pilot Bit,4 in,TOOLS-Diablo-DHS4BITCT
"Diablo Pilot Bit, 1/4x3-7/8 in",Diablo,DHS4BITII,Pilot Bit,1/4x3-7/8 in,TOOLS-Diablo-DHS4BITII
"Diablo Hole Saw, 12 x 7/16 in",Diablo,DHS500XT12,Hole Saw,12 x 7/16 in,TOOLS-Diablo-DHS500XT12
"Diablo Hole Saw, 3/8 in",Diablo,DHSAR375,Hole Saw,3/8 in,TOOLS-Diablo-DHSAR375
"Diablo Hole Saw, 7/16 in",Diablo,DHSAR500,Hole Saw,7/16 in,TOOLS-Diablo-DHSAR500
"Diablo Adaptor Nut, 2 piece",Diablo,DHSNUT2,Adaptor Nut,2 piece,TOOLS-Diablo-DHSNUT2
"Diablo Bell Hanger Bit, 1/4 x 18 in",Diablo,DIB1050,Bell Hanger Bit,1/4 x 18 in,TOOLS-Diablo-DIB1050
"Diablo Bell Hanger Bit, 3/8 x 18 in",Diablo,DIB1070,Bell Hanger Bit,3/8 x 18 in,TOOLS-Diablo-DIB1070
"Diablo Rotary Hammer Drill Bit, 1/4 x 16 x 18 in",Diablo,DMAPL4100,Rotary Hammer Drill Bit,1/4 x 16 x 18 in,TOOLS-Diablo-DMAPL4100
"Diablo Rotary Hammer Drill Bit, 1 x 16 x 18 in",Diablo,DMAPL4310,Rotary Hammer Drill Bit,1 x 16 x 18 in,TOOLS-Diablo-DMAPL4310
"Diablo Nut Setter Bit, 3/8 in x 2-16 in",Diablo,DNTSL38,Nut Setter Bit,3/8 in x 2-16 in,TOOLS-Diablo-DNTSL38
"Diablo Nut Driver Bit Set, 5 bits: 1/4 in to 1/2 in",Diablo,DNTSL-S5,Nut Driver Bit Set,5 bits: 1/4 in to 1/2 in,TOOLS-Diablo-DNTSL-S5
"Diablo Multi-Tool Blade Set, 5 piece",Diablo,DOU5S,Multi-Tool Blade Set,5 piece,TOOLS-Diablo-DOU5S
"Diablo Reciprocating Saw Blade, 6 in",Diablo,DS0606CWS3,Reciprocating Saw Blade,6 in,TOOLS-Diablo-DS0606CWS3
"Diablo Reciprocating Saw Blade, 6 in",Diablo,DS0608CF3,Reciprocating Saw Blade,6 in,TOOLS-Diablo-DS0608CF3
"Diablo Reciprocating Saw Blade, 6 in x 6/9 tpi",Diablo,DS0609CGP3,Reciprocating Saw Blade,6 in x 6/9 tpi,TOOLS-Diablo-DS0609CGP3
"Diablo Reciprocating Saw Blade, 6 in",Diablo,DS0610CF3,Reciprocating Saw Blade,6 in,TOOLS-Diablo-DS0610CF3
"Diablo Reciprocating Saw Blade, 6 in",Diablo,DS0612BW5,Reciprocating Saw Blade,6 in,TOOLS-Diablo-DS0612BW5
"Diablo Reciprocating Saw Blade, 6 in x 12 tpi",Diablo,DS0612CF3,Reciprocating Saw Blade,6 in x 12 tpi,TOOLS-Diablo-DS0612CF3
"Diablo Reciprocating Saw Blade, 6 in",Diablo,DS0614BF15,Reciprocating Saw Blade,6 in,TOOLS-Diablo-DS0614BF15
"Diablo Reciprocating Saw Blade, 6 in",Diablo,DS0614BF25,Reciprocating Saw Blade,6 in,TOOLS-Diablo-DS0614BF25
"Diablo Reciprocating Saw Blade, 18t",Diablo,DS0614BF5,Reciprocating Saw Blade,18t,TOOLS-Diablo-DS0614BF5
"Diablo Reciprocating Saw Blade, 6 in",Diablo,DS0614BGP5,Reciprocating Saw Blade,6 in,TOOLS-Diablo-DS0614BGP5
"Diablo Reciprocating Saw Blade, 6 in",Diablo,DS0620BF25,Reciprocating Saw Blade,6 in,TOOLS-Diablo-DS0620BF25
"Diablo Reciprocating Saw Blade, 6 in",Diablo,DS0620BF5,Reciprocating Saw Blade,6 in,TOOLS-Diablo-DS0620BF5
"Diablo Reciprocating Saw Blade, 6 in",Diablo,DS0620CF,Reciprocating Saw Blade,6 in,TOOLS-Diablo-DS0620CF
"Diablo Reciprocating Saw Blade, 8 in",Diablo,DS0820CF,Reciprocating Saw Blade,8 in,TOOLS-Diablo-DS0820CF
Diablo Reciprocating Saw Blade,Diablo,DS0903CP,Reciprocating Saw Blade,,TOOLS-Diablo-DS0903CP
"Diablo Reciprocating Saw Blade, 6t",Diablo,DS0906CWS3,Reciprocating Saw Blade,6t,TOOLS-Diablo-DS0906CWS3
"Diablo Reciprocating Saw Blade, 9 in",Diablo,DS0908BFD25,Reciprocating Saw Blade,9 in,TOOLS-Diablo-DS0908BFD25
"Diablo Reciprocating Saw Blade, 9 in",Diablo,DS0908CF3,Reciprocating Saw Blade,9 in,TOOLS-Diablo-DS0908CF3
"Diablo Reciprocating Saw Blade, 9 in",Diablo,DS0909CGP3,Reciprocating Saw Blade,9 in,TOOLS-Diablo-DS0909CGP3
"Diablo Reciprocating Saw Blade, 9 in",Diablo,DS0910CF3,Reciprocating Saw Blade,9 in,TOOLS-Diablo-DS0910CF3
"Diablo Reciprocating Saw Blade, 9 in",Diablo,DS0912BW5,Reciprocating Saw Blade,9 in,TOOLS-Diablo-DS0912BW5
"Diablo Reciprocating Saw Blade, 9 in",Diablo,DS0914BF5,Reciprocating Saw Blade,9 in,TOOLS-Diablo-DS0914BF5
"Diablo Reciprocating Saw Blade, 9 in x 8/14 tpi",Diablo,DS0914BGP5,Reciprocating Saw Blade,9 in x 8/14 tpi,TOOLS-Diablo-DS0914BGP5
"Diablo Reciprocating Saw Blade, 9 in",Diablo,DS0920BF5,Reciprocating Saw Blade,9 in,TOOLS-Diablo-DS0920BF5
"Diablo Step Drill Bit, 7/8 x 1-1/8 in",Diablo,DSD1125S17,Step Drill Bit,7/8 x 1-1/8 in,TOOLS-Diablo-DSD1125S17
"Diablo Step Drill Bit, 7/8 - 1-3/8 in",Diablo,DSD1375S15,Step Drill Bit,7/8 - 1-3/8 in,TOOLS-Diablo-DSD1375S15
"Diablo Spade Bit, 1-1/8 x 6 in",Diablo,DSP2140,Spade Bit,1-1/8 x 6 in,TOOLS-Diablo-DSP2140
"Diablo Spade Bit, 1-3/8 x 6 in",Diablo,DSP2160,Spade Bit,1-3/8 x 6 in,TOOLS-Diablo-DSP2160
"Diablo Spade Bit, 1-1/2 in",Diablo,DSP2170,Spade Bit,1-1/2 in,TOOLS-Diablo-DSP2170
"Diablo Spade Bit Set, 16 piece",Diablo,DSP2980-S16,Spade Bit Set,16 piece,TOOLS-Diablo-DSP2980-S16
"Diablo Spade Bit, 1-1/4 in x 6 in",Diablo,DSPD4070,Spade Bit,1-1/4 in x 6 in,TOOLS-Diablo-DSPD4070
Diablo Hole Saw,Diablo,PROMO,Hole Saw,,TOOLS-Diablo-PROMO
"Disston Hole Saw, 2-1/2 in",Disston,E0210525,Hole Saw,2-1/2 in,TOOLS-Disston-E0210525
"Drill America Masonry Drill Bit, 6 x 1/4 in",Drill America,DAM6X1/4,Masonry Drill Bit,6 x 1/4 in,TOOLS-Drill-America-DAM6X1/4
Dura-Line Fish Tape,Dura-Line,20000075,Fish Tape,,TOOLS-Dura-Line-20000075
Dymo Label Printer,Dymo,1756589,Label Printer,,TOOLS-Dymo-1756589
Eaton Power Strip,Eaton,1176V,Power Strip,,TOOLS-Eaton-1176V
"Eaton Hex Key, 1/4 in",Eaton,VT65,Hex Key,1/4 in,TOOLS-Eaton-VT65
Eclipse Crimp Tool,Eclipse,PK-2061,Crimp Tool,,TOOLS-Eclipse-PK-2061
"Empire Line Reel, 500 ft",Empire,39-500OR,Line Reel,500 ft,TOOLS-Empire-39-500OR
"Ergodyne Kneeling Pad, Black",Ergodyne,18380,Kneeling Pad,Black,TOOLS-Ergodyne-18380
Eveready Headlamp,Eveready, HDB32EH,Headlamp,,TOOLS-Eveready--HDB32EH
Eveready Headlamp,Eveready,HDBIN32E,Headlamp,,TOOLS-Eveready-HDBIN32E
"Eveready Tool Battery, 1.5 V",Eveready,L91,Tool Battery,1.5 V,TOOLS-Eveready-L91
"Fastening Specialists Masonry Drill Bit, 3/16 x 4-1/2 in",Fastening Specialists,40608,Masonry Drill Bit,3/16 x 4-1/2 in,TOOLS-Fastening-Specialists-40608
"Fastening Specialists Rotary Hammer Drill Bit, 3/16 x 6 in",Fastening Specialists,61462,Rotary Hammer Drill Bit,3/16 x 6 in,TOOLS-Fastening-Specialists-61462
"Fastening Specialists Rotary Hammer Drill Bit, 1/4 x 6-5/8 in",Fastening Specialists,61465,Rotary Hammer Drill Bit,1/4 x 6-5/8 in,TOOLS-Fastening-Specialists-61465
"Fastening Specialists Ratchet, 14 x 1-3/4 in",Fastening Specialists,81269,Ratchet,14 x 1-3/4 in,TOOLS-Fastening-Specialists-81269
"Fluke Multimeter, 600V",Fluke,115,Multimeter,600V,TOOLS-Fluke-115
"Fluke Multimeter, 600V",Fluke,324,Multimeter,600V,TOOLS-Fluke-324
"Fluke Clamp Meter, 600V",Fluke,381,Clamp Meter,600V,TOOLS-Fluke-381
Fluke Voltage Tester,Fluke,1ACA1II,Voltage Tester,,TOOLS-Fluke-1ACA1II
"Fluke Voltage Tester, 1000V",Fluke,FLK2AC/90-1000VC,Voltage Tester,1000V,TOOLS-Fluke-FLK2AC/90-1000VC
Fluke Voltage Tester,Fluke,FLUKE-1587 FC,Voltage Tester,,TOOLS-Fluke-FLUKE-1587-FC
"Fluke Voltage Tester, 1000V",Fluke,FLUKE-1AC-A1-II,Voltage Tester,1000V,TOOLS-Fluke-FLUKE-1AC-A1-II
Fluke Voltage Tester,Fluke,FLUKE-376 FC,Voltage Tester,,TOOLS-Fluke-FLUKE-376-FC
Fluke Voltage Tester,Fluke,FLUKE-381,Voltage Tester,,TOOLS-Fluke-FLUKE-381
Fluke Tool Holster,Fluke,H5,Tool Holster,,TOOLS-Fluke-H5
Fluke Voltage Tester,Fluke,T5-1000-USA,Voltage Tester,,TOOLS-Fluke-T5-1000-USA
"Fluke Electrical Tester, 600V",Fluke,T5-600 USA,Electrical Tester,600V,TOOLS-Fluke-T5-600-USA
Fluke Electrical Tester,Fluke,T5600USA,Electrical Tester,,TOOLS-Fluke-T5600USA
"Fluke Electrical Tester, 1000V",Fluke,T6-1000,Electrical Tester,1000V,TOOLS-Fluke-T6-1000
Fluke Electrical Tester,Fluke,T6-1000PRO/AMER,Electrical Tester,,TOOLS-Fluke-T6-1000PRO/AMER
Fluke Voltage Tester,Fluke,T6-600,Voltage Tester,,TOOLS-Fluke-T6-600
"Fluke Test Leads, 1000V",Fluke,TL175,Test Leads,1000V,TOOLS-Fluke-TL175
Fluke Tool Hanger,Fluke,TPAK,Tool Hanger,,TOOLS-Fluke-TPAK
"Gardner Bender Pull Line, 6500 ft",Gardner Bender,PL132B,Pull Line,6500 ft,TOOLS-Gardner-Bender-PL132B
"Gatorback Tool Belt, XXL",Gatorback,B240,Tool Belt,XXL,TOOLS-Gatorback-B240
"Gatorback Tool Belt, L",Gatorback,B240-L,Tool Belt,L,TOOLS-Gatorback-B240-L
"Gatorback Tool Belt, M",Gatorback,B240-M,Tool Belt,M,TOOLS-Gatorback-B240-M
Gatorback Drill Holster,Gatorback,B601,Drill Holster,,TOOLS-Gatorback-B601
Gearwrench Tongue And Groove Pliers,Gearwrench,82160,Tongue And Groove Pliers,,TOOLS-Gearwrench-82160
"Greenlee Fishline, 2150 ft",Greenlee,595,Fishline,2150 ft,TOOLS-Greenlee-595
Greenlee Carbide Hole Cutter Set,Greenlee,628,Carbide Hole Cutter Set,,TOOLS-Greenlee-628
"Greenlee Carbide Hole Cutter Set, 3 piece",Greenlee,635,Carbide Hole Cutter Set,3 piece,TOOLS-Greenlee-635
Greenlee Carbide Hole Cutter Set,Greenlee,655,Carbide Hole Cutter Set,,TOOLS-Greenlee-655
Greenlee Carbide Hole Cutter Set,Greenlee,660,Carbide Hole Cutter Set,,TOOLS-Greenlee-660
Greenlee Flexible Fish Bit Kit,Greenlee,921,Flexible Fish Bit Kit,,TOOLS-Greenlee-921
"Greenlee Step Drill Bit, 1/2 in to 1-1/8 in",Greenlee,30008,Step Drill Bit,1/2 in to 1-1/8 in,TOOLS-Greenlee-30008
"Greenlee Step Drill Bit, 7/8-1-3/8 in",Greenlee,36414,Step Drill Bit,7/8-1-3/8 in,TOOLS-Greenlee-36414
Greenlee Wire Spool Holder,Greenlee,38733,Wire Spool Holder,,TOOLS-Greenlee-38733
"Greenlee Milw 49-22-1110 10 Pc Sawzall Blade, 21 pieces",Greenlee,0153-46T,Milw 49-22-1110 10 Pc Sawzall Blade,21 pieces,TOOLS-Greenlee-0153-46T
Greenlee Utility Knife,Greenlee,0652-22,Utility Knife,,TOOLS-Greenlee-0652-22
"Greenlee Flexible Fish Bit, 9/16 in",Greenlee,09-03-54A,Flexible Fish Bit,9/16 in,TOOLS-Greenlee-09-03-54A
"Greenlee Milwaukee Electric Tool-49-56-0173, 3/4 in x 54 in",Greenlee,12-04-54A,Milwaukee Electric Tool-49-56-0173,3/4 in x 54 in,TOOLS-Greenlee-12-04-54A
"Greenlee Knockout Punch, 2-1/2 in",Greenlee,1429AV,Knockout Punch,2-1/2 in,TOOLS-Greenlee-1429AV
"Greenlee Conduit Die, 2-1/2 in",Greenlee,‎1430AV,Conduit Die,2-1/2 in,TOOLS-Greenlee-‎1430AV
"Greenlee Conduit Die, 3 in",Greenlee,1432AV,Conduit Die,3 in,TOOLS-Greenlee-1432AV
Greenlee Ship Auger Bit,Greenlee,16-04-54A,Ship Auger Bit,,TOOLS-Greenlee-16-04-54A
"Greenlee Draw Stud, 3/4 x 3/8 in",Greenlee,20963,Draw Stud,3/4 x 3/8 in,TOOLS-Greenlee-20963
"Greenlee Step Drill Bit, 1/2 in to 1-1/8 in",Greenlee,30008,Step Drill Bit,1/2 in to 1-1/8 in,TOOLS-Greenlee-30008
"Greenlee Step Drill Bit, 11/18 in",Greenlee,30008C,Step Drill Bit,11/18 in,TOOLS-Greenlee-30008C
Greenlee Jab Saw,Greenlee,301A,Jab Saw,,TOOLS-Greenlee-301A
"Greenlee Replacement Ball Bearing Drive Nut, 3/4x2-15/16 in",Greenlee,304AVBBP,Replacement Ball Bearing Drive Nut,3/4x2-15/16 in,TOOLS-Greenlee-304AVBBP
"Greenlee Step Drill Bit, 3/16-7/8 in",Greenlee,34403,Step Drill Bit,3/16-7/8 in,TOOLS-Greenlee-34403
"Greenlee Spade Bit, 5/8 in",Greenlee,34A-5/8,Spade Bit,5/8 in,TOOLS-Greenlee-34A-5/8
"Greenlee Spade Bit, 6 piece",Greenlee,34AR-6,Spade Bit,6 piece,TOOLS-Greenlee-34AR-6
"Greenlee Step Drill Bit, 7/8-1-3/8 in",Greenlee,36414,Step Drill Bit,7/8-1-3/8 in,TOOLS-Greenlee-36414
Greenlee Pull Line,Greenlee,430-500,Pull Line,,TOOLS-Greenlee-430-500
"Greenlee Pull Line, 5200 ft",Greenlee,431,Pull Line,5200 ft,TOOLS-Greenlee-431
"Greenlee Hole Saw, 2 in",Greenlee,442AV,Hole Saw,2 in,TOOLS-Greenlee-442AV
Greenlee Fish Rod Set,Greenlee,540-12,Fish Rod Set,,TOOLS-Greenlee-540-12
Greenlee Fish Rod Set,Greenlee,540-15,Fish Rod Set,,TOOLS-Greenlee-540-15
Greenlee Fish Rod Set,Greenlee,540-18,Fish Rod Set,,TOOLS-Greenlee-540-18
Greenlee Fish Rod Set,Greenlee,540-24,Fish Rod Set,,TOOLS-Greenlee-540-24
"Greenlee Conduit Piston, 3/4 in",Greenlee,609-5,Conduit Piston,3/4 in,TOOLS-Greenlee-609-5
Greenlee Ship Auger Bit,Greenlee,61/62PTS-1-1/8,Ship Auger Bit,,TOOLS-Greenlee-61/62PTS-1-1/8
"Greenlee Hole Cutter Bit, 1-1/8 in",Greenlee,625-1-1/8,Hole Cutter Bit,1-1/8 in,TOOLS-Greenlee-625-1-1/8
"Greenlee Hole Cutter Bit, 1-3/8 in",Greenlee,625-1-3/8,Hole Cutter Bit,1-3/8 in,TOOLS-Greenlee-625-1-3/8
"Greenlee Hole Cutter Bit, 7/8 in",Greenlee,625-7/8,Hole Cutter Bit,7/8 in,TOOLS-Greenlee-625-7/8
"Greenlee Hole Cutter Set, 6-Piece",Greenlee,628,Hole Cutter Set,6-Piece,TOOLS-Greenlee-628
"Greenlee Hole Cutter Set, 3 piece",Greenlee,635,Hole Cutter Set,3 piece,TOOLS-Greenlee-635
"Greenlee Pilot Bit, 1/4 in",Greenlee,645-001,Pilot Bit,1/4 in,TOOLS-Greenlee-645-001
"Greenlee Pilot Bit, 5/16 in",Greenlee,645-002,Pilot Bit,5/16 in,TOOLS-Greenlee-645-002
"Greenlee Hole Cutter Bit, 5/8 in to 2-1/4 in",Greenlee,645-011,Hole Cutter Bit,5/8 in to 2-1/4 in,TOOLS-Greenlee-645-011
"Greenlee Hole Cutter Bit, 1-1/8 in",Greenlee,645-1-1/8,Hole Cutter Bit,1-1/8 in,TOOLS-Greenlee-645-1-1/8
"Greenlee Carbide Hole Cutter, 1-3/4 in",Greenlee,645-1-3/4,Carbide Hole Cutter,1-3/4 in,TOOLS-Greenlee-645-1-3/4
"Greenlee Carbide Hole Cutter, 1-3/8 in",Greenlee,645-1-3/8,Carbide Hole Cutter,1-3/8 in,TOOLS-Greenlee-645-1-3/8
"Greenlee Carbide Hole Cutter, 3/4 in",Greenlee,645-3/4,Carbide Hole Cutter,3/4 in,TOOLS-Greenlee-645-3/4
"Greenlee Carbide Hole Cutter, 7/8 in",Greenlee,645-7/8,Carbide Hole Cutter,7/8 in,TOOLS-Greenlee-645-7/8
"Greenlee Carbide Hole Cutter Set, 5 piece",Greenlee,660,Carbide Hole Cutter Set,5 piece,TOOLS-Greenlee-660
"Greenlee Ship Auger Bit, 1/2 in",Greenlee,66PT-1/2,Ship Auger Bit,1/2 in,TOOLS-Greenlee-66PT-1/2
Greenlee Wire Spool Holder,Greenlee,687,Wire Spool Holder,,TOOLS-Greenlee-687
"Greenlee Knockout Punch, 2 in",Greenlee,721-2P,Knockout Punch,2 in,TOOLS-Greenlee-721-2P
"Greenlee Hole Saw, 3 in",Greenlee,7212SP-3D,Hole Saw,3 in,TOOLS-Greenlee-7212SP-3D
"Greenlee Hole Saw, 3 in",Greenlee,7212SP-3P,Hole Saw,3 in,TOOLS-Greenlee-7212SP-3P
"Greenlee Knockout Kit, 1/2-2 in",Greenlee,7238SB,Knockout Kit,1/2-2 in,TOOLS-Greenlee-7238SB
"Greenlee Knockout Kit, 11 ton, 1/2 to 4 in",Greenlee,7310SB,Knockout Kit,"11 ton, 1/2 to 4 in",TOOLS-Greenlee-7310SB
"Greenlee Hole Saw, 1/2-1-1/4 in",Greenlee,735BB,Hole Saw,1/2-1-1/4 in,TOOLS-Greenlee-735BB
"Greenlee Hole Saw, 1-1/8 in",Greenlee,825-1-1/8,Hole Saw,1-1/8 in,TOOLS-Greenlee-825-1-1/8
"Greenlee Conduit Bender, 3/4 in",Greenlee,841AH,Conduit Bender,3/4 in,TOOLS-Greenlee-841AH
"Greenlee Conduit Bender, 1 in",Greenlee,842AH,Conduit Bender,1 in,TOOLS-Greenlee-842AH
"Greenlee Conduit Bender Head, 1-1/4 in",Greenlee,843A,Conduit Bender Head,1-1/4 in,TOOLS-Greenlee-843A
"Greenlee Conduit Bender, 1-1/4 in",Greenlee,843F,Conduit Bender,1-1/4 in,TOOLS-Greenlee-843F
"Greenlee Conduit Bender Handle, 1-1/4 in",Greenlee,84H3,Conduit Bender Handle,1-1/4 in,TOOLS-Greenlee-84H3
Greenlee PVC Heating Blanket,Greenlee,860-1-1/2,PVC Heating Blanket,,TOOLS-Greenlee-860-1-1/2
"Greenlee PVC Heating Blanket, 2 in to 3 in",Greenlee,860-3,PVC Heating Blanket,2 in to 3 in,TOOLS-Greenlee-860-3
"Greenlee Anchor Expander, 1/4-20 in",Greenlee,868,Anchor Expander,1/4-20 in,TOOLS-Greenlee-868
Greenlee Wire Spool Holder,Greenlee,911,Wire Spool Holder,,TOOLS-Greenlee-911
"Greenlee Pilot Bit, 3/16 in x 1-1/2 in",Greenlee,925-001,Pilot Bit,3/16 in x 1-1/2 in,TOOLS-Greenlee-925-001
"Greenlee Hand Truck, With Wire Spools",Greenlee,9505,Hand Truck,With Wire Spools,TOOLS-Greenlee-9505
"Greenlee Drill Bit Set, 68 piece",Greenlee,DDKIT-1-68,Drill Bit Set,68 piece,TOOLS-Greenlee-DDKIT-1-68
"Greenlee Drill Tap Bit, 1/4-20",Greenlee,DTAP1/4-20,Drill Tap Bit,1/4/2020,TOOLS-Greenlee-DTAP1/4-20
Greenlee Drill Tap Bit,Greenlee,DTAP10-24,Drill Tap Bit,,TOOLS-Greenlee-DTAP10-24
Greenlee Drill Tap Bit Set,Greenlee,DTAP10-32,Drill Tap Bit Set,,TOOLS-Greenlee-DTAP10-32
"Greenlee Drill Tap Bit, 6-32 in",Greenlee,DTAP6-32,Drill Tap Bit,6-32 in,TOOLS-Greenlee-DTAP6-32
"Greenlee Drill Tap Bit, #8",Greenlee,DTAP8-32,Drill Tap Bit,#8,TOOLS-Greenlee-DTAP8-32
"Greenlee Drill Tap Bit Set, 6 piece",Greenlee,DTAPKIT,Drill Tap Bit Set,6 piece,TOOLS-Greenlee-DTAPKIT
Greenlee Fish Tape,Greenlee,FTN536-100,Fish Tape,,TOOLS-Greenlee-FTN536-100
Greenlee Fish Tape,Greenlee,FTS438-240BP,Fish Tape,,TOOLS-Greenlee-FTS438-240BP
"Greenlee Step Drill Bit, 3/16 in to 1-1/8 in",Greenlee,GSB09,Step Drill Bit,3/16 in to 1-1/8 in,TOOLS-Greenlee-GSB09
Greenlee Crimp Tool,Greenlee,K05-SYNCRO,Crimp Tool,,TOOLS-Greenlee-K05-SYNCRO
"Greenlee Crimp Tool, 1 to 250 kcmil",Greenlee,K09-SYNCRO,Crimp Tool,1 to 250 kcmil,TOOLS-Greenlee-K09-SYNCRO
"Greenlee Crimp Tool, 8 AWG to 1 AWG",Greenlee,K111,Crimp Tool,8 AWG to 1 AWG,TOOLS-Greenlee-K111
"Greenlee Hole Saw, 2 in",Greenlee,K2P-2,Hole Saw,2 in,TOOLS-Greenlee-K2P-2
"Greenlee Knockout Punch, 2-1/2 in",Greenlee,K3P-2-1/2,Knockout Punch,2-1/2 in,TOOLS-Greenlee-K3P-2-1/2
"Greenlee Knockout Die, 2-1/2 in",Greenlee,KD-2-1/2,Knockout Die,2-1/2 in,TOOLS-Greenlee-KD-2-1/2
Greenlee Level,Greenlee,L107,Level,,TOOLS-Greenlee-L107
Greenlee Level,Greenlee,L77,Level,,TOOLS-Greenlee-L77
Greenlee Laser Level,Greenlee,L97,Laser Level,,TOOLS-Greenlee-L97
"Greenlee Drill Tap Bit, #10",Greenlee,LDTAP10-32,Drill Tap Bit,#10,TOOLS-Greenlee-LDTAP10-32
"Greenlee Drill Tap Bit Set, 6 piece",Greenlee,LDTAPKIT,Drill Tap Bit Set,6 piece,TOOLS-Greenlee-LDTAPKIT
"Husky Tie-Down Strap, 12ft",Husky,FH0829,Tie-Down Strap,12ft,TOOLS-Husky-FH0829
"Ideal Industries Pilot Bit, 3-1/4 in x 1/4 in",Ideal Industries,36575,Pilot Bit,3-1/4 in x 1/4 in,TOOLS-Ideal-Industries-36575
Ideal Industries Lineman Pliers,Ideal Industries,30-3430,Lineman Pliers,,TOOLS-Ideal-Industries-30-3430
Ideal Industries Crimp Tool,Ideal Industries,30-429,Crimp Tool,,TOOLS-Ideal-Industries-30-429
Ideal Industries Crimp Tool,Ideal Industries,30-433,Crimp Tool,,TOOLS-Ideal-Industries-30-433
"Ideal Industries Tool Kit, 6 tools",Ideal Industries,30-727,Tool Kit,6 tools,TOOLS-Ideal-Industries-30-727
Ideal Industries Screwdriver,Ideal Industries,30-730,Screwdriver,,TOOLS-Ideal-Industries-30-730
"Ideal Industries Pull Line, 3000ft",Ideal Industries,31-0160-30,Pull Line,3000ft,TOOLS-Ideal-Industries-31-0160-30
Ideal Industries Fish Tape,Ideal Industries,31033,Fish Tape,,TOOLS-Ideal-Industries-31033
Ideal Industries Fish Tape,Ideal Industries,31-056,Fish Tape,,TOOLS-Ideal-Industries-31-056
Ideal Industries Fish Tape,Ideal Industries,31-057,Fish Tape,,TOOLS-Ideal-Industries-31-057
"Ideal Industries Fish Tape, 100 ft",Ideal Industries,31-061,Fish Tape,100 ft,TOOLS-Ideal-Industries-31-061
"Ideal Industries Fish Tape, 101 ft",Ideal Industries,31-063,Fish Tape,101 ft,TOOLS-Ideal-Industries-31-063
Ideal Industries Fish Tape,Ideal Industries,31-064,Fish Tape,,TOOLS-Ideal-Industries-31-064
"Ideal Industries Fish Tape, 200 ft",Ideal Industries,31-065,Fish Tape,200 ft,TOOLS-Ideal-Industries-31-065
Ideal Industries Fish Tape,Ideal Industries,31-067,Fish Tape,,TOOLS-Ideal-Industries-31-067
Ideal Industries Fish Tape,Ideal Industries,31-087,Fish Tape,,TOOLS-Ideal-Industries-31-087
"Ideal Industries Fish Tape, 100 ft",Ideal Industries,31-092,Fish Tape,100 ft,TOOLS-Ideal-Industries-31-092
Ideal Industries Fish Rod Set,Ideal Industries,31-148,Fish Rod Set,,TOOLS-Ideal-Industries-31-148
"Ideal Industries Fish Tape, 2 in",Ideal Industries,31-321,Fish Tape,2 in,TOOLS-Ideal-Industries-31-321
"Ideal Industries Pull Line, 6500 ft",Ideal Industries,31-340,Pull Line,6500 ft,TOOLS-Ideal-Industries-31-340
"Ideal Industries Pull Line, 500 ft",Ideal Industries,31-348,Pull Line,500 ft,TOOLS-Ideal-Industries-31-348
"Ideal Industries Fish Tape, 120 ft",Ideal Industries,31-544,Fish Tape,120 ft,TOOLS-Ideal-Industries-31-544
"Ideal Industries Fish Rod Set, 12 ft",Ideal Industries,31-611,Fish Rod Set,12 ft,TOOLS-Ideal-Industries-31-611
"Ideal Industries Fish Rod Set, 12ft",Ideal Industries,31-631,Fish Rod Set,12ft,TOOLS-Ideal-Industries-31-631
Ideal Industries Fish Rod Set,Ideal Industries,31-633,Fish Rod Set,,TOOLS-Ideal-Industries-31-633
"Ideal Industries Tone and Probe Kit, RJ-11/12 and F-Port Interfaces",Ideal Industries,33-864,Tone and Probe Kit,RJ-11/12 and F-Port Interfaces,TOOLS-Ideal-Industries-33-864
Ideal Industries Fuse Puller,Ideal Industries,34-002,Fuse Puller,,TOOLS-Ideal-Industries-34-002
Ideal Industries Aviation Snips,Ideal Industries,35-001,Aviation Snips,,TOOLS-Ideal-Industries-35-001
"Ideal Industries Diagonal Cutting Pliers, 8 in",Ideal Industries,35-029,Diagonal Cutting Pliers,8 in,TOOLS-Ideal-Industries-35-029
Ideal Industries Reamer Screwdriver,Ideal Industries,35-083,Reamer Screwdriver,,TOOLS-Ideal-Industries-35-083
Ideal Industries Hex Key Set,Ideal Industries,35-146,Hex Key Set,,TOOLS-Ideal-Industries-35-146
"Ideal Industries Screwdriver, 3/16 in",Ideal Industries,35-184,Screwdriver,3/16 in,TOOLS-Ideal-Industries-35-184
Ideal Industries Screwdriver,Ideal Industries,35-186,Screwdriver,,TOOLS-Ideal-Industries-35-186
"Ideal Industries Level, 9 in",Ideal Industries,35-205,Level,9 in,TOOLS-Ideal-Industries-35-205
Ideal Industries Level,Ideal Industries,35-206,Level,,TOOLS-Ideal-Industries-35-206
"Ideal Industries Level, 6 in",Ideal Industries,35-207,Level,6 in,TOOLS-Ideal-Industries-35-207
"Ideal Industries Jab Saw, 12-1/4 in",Ideal Industries,35-275,Jab Saw,12-1/4 in,TOOLS-Ideal-Industries-35-275
Ideal Industries Utility Knife,Ideal Industries,35-300,Utility Knife,,TOOLS-Ideal-Industries-35-300
Ideal Industries Needle Nose Pliers,Ideal Industries,35-3038,Needle Nose Pliers,,TOOLS-Ideal-Industries-35-3038
"Ideal Industries Tongue And Groove Pliers, 9-1/2 in",Ideal Industries,35-3420,Tongue And Groove Pliers,9-1/2 in,TOOLS-Ideal-Industries-35-3420
"Ideal Industries Screwdriver, flat: 3/16 in",Ideal Industries,35-406,Screwdriver,flat: 3/16 in,TOOLS-Ideal-Industries-35-406
"Ideal Industries Tongue And Groove Pliers, 9-1/2 in",Ideal Industries,35-420,Tongue And Groove Pliers,9-1/2 in,TOOLS-Ideal-Industries-35-420
"Ideal Industries Step Drill Bit, 1/4-1-1/8 in",Ideal Industries,35-515,Step Drill Bit,1/4-1-1/8 in,TOOLS-Ideal-Industries-35-515
"Ideal Industries Step Drill Bit, 1/4-1-3/8 in",Ideal Industries,35-517,Step Drill Bit,1/4-1-3/8 in,TOOLS-Ideal-Industries-35-517
"Ideal Industries Step Drill Bit, 1/4 in x 7/8 in",Ideal Industries,35-522,Step Drill Bit,1/4 in x 7/8 in,TOOLS-Ideal-Industries-35-522
"Ideal Industries Step Drill Bit, 1/4 x 1-1/8 in",Ideal Industries,35-523,Step Drill Bit,1/4 x 1-1/8 in,TOOLS-Ideal-Industries-35-523
Ideal Industries Tool Box,Ideal Industries,35-655,Tool Box,,TOOLS-Ideal-Industries-35-655
"Ideal Industries Multi-Bit Driver Set, 21 bits",Ideal Industries,35-688,Multi-Bit Driver Set,21 bits,TOOLS-Ideal-Industries-35-688
"Ideal Industries Screwdriver, set",Ideal Industries,35-741,Screwdriver,set,TOOLS-Ideal-Industries-35-741
Ideal Industries Armored Cable Cutter,Ideal Industries,35-782,Armored Cable Cutter,,TOOLS-Ideal-Industries-35-782
Ideal Industries Screwdriver,Ideal Industries,35-908,Screwdriver,,TOOLS-Ideal-Industries-35-908
"Ideal Industries Screwdriver, n/a",Ideal Industries,35-9305,Screwdriver,,TOOLS-Ideal-Industries-35-9305
Ideal Industries Screwdriver,Ideal Industries,35-936,Screwdriver,,TOOLS-Ideal-Industries-35-936
Ideal Industries Screwdriver,Ideal Industries,35-945,Screwdriver,,TOOLS-Ideal-Industries-35-945
"Ideal Industries Reciprocating Saw Blade, 6 in",Ideal Industries,36-058,Reciprocating Saw Blade,6 in,TOOLS-Ideal-Industries-36-058
"Ideal Industries Reciprocating Saw Blade, 8 in x 18 tpi",Ideal Industries,36-060,Reciprocating Saw Blade,8 in x 18 tpi,TOOLS-Ideal-Industries-36-060
Ideal Industries Drill Tap Bit,Ideal Industries,36-10-32,Drill Tap Bit,,TOOLS-Ideal-Industries-36-10-32
"Ideal Industries Drill Tap Bit, 43834",Ideal Industries,36-1-4-20,Drill Tap Bit,43834,TOOLS-Ideal-Industries-36-1-4-20
"Ideal Industries Hole Saw, 7/8 in",Ideal Industries,36-301,Hole Saw,7/8 in,TOOLS-Ideal-Industries-36-301
"Ideal Industries Hole Saw, 1-1/8 in",Ideal Industries,36-303,Hole Saw,1-1/8 in,TOOLS-Ideal-Industries-36-303
"Ideal Industries Carbide Hole Cutter, 1-3/8 in",Ideal Industries,36-305,Carbide Hole Cutter,1-3/8 in,TOOLS-Ideal-Industries-36-305
"Ideal Industries Carbide Hole Cutter, 1-3/4 in",Ideal Industries,36-308,Carbide Hole Cutter,1-3/4 in,TOOLS-Ideal-Industries-36-308
Ideal Industries Carbide Hole Cutter Set,Ideal Industries,36-311,Carbide Hole Cutter Set,,TOOLS-Ideal-Industries-36-311
"Ideal Industries Pilot Bit, 1/4 in",Ideal Industries,36-312,Pilot Bit,1/4 in,TOOLS-Ideal-Industries-36-312
Ideal Industries Carbide Hole Cutter Set,Ideal Industries,36-314,Carbide Hole Cutter Set,,TOOLS-Ideal-Industries-36-314
"Ideal Industries Spade Bit, 1-1/8 in",Ideal Industries,36-422,Spade Bit,1-1/8 in,TOOLS-Ideal-Industries-36-422
"Ideal Industries Hole Saw, 1-1/8 in",Ideal Industries,36-520,Hole Saw,1-1/8 in,TOOLS-Ideal-Industries-36-520
"Ideal Industries Hole Saw, 1-3/8 in",Ideal Industries,36-524,Hole Saw,1-3/8 in,TOOLS-Ideal-Industries-36-524
"Ideal Industries Hole Saw, 1-3/4 in",Ideal Industries,36-530,Hole Saw,1-3/4 in,TOOLS-Ideal-Industries-36-530
"Ideal Industries Hole Saw, 2 in",Ideal Industries,36-533,Hole Saw,2 in,TOOLS-Ideal-Industries-36-533
"Ideal Industries Hole Saw, 2-1/2 in",Ideal Industries,36-539,Hole Saw,2-1/2 in,TOOLS-Ideal-Industries-36-539
"Ideal Industries Hole Saw, 3 in",Ideal Industries,36-544,Hole Saw,3 in,TOOLS-Ideal-Industries-36-544
"Ideal Industries Hole Saw, 1/4 in",Ideal Industries,36-570,Hole Saw,1/4 in,TOOLS-Ideal-Industries-36-570
"Ideal Industries Hole Saw, 1-1/4 in to 6 in",Ideal Industries,36-573,Hole Saw,1-1/4 in to 6 in,TOOLS-Ideal-Industries-36-573
"Ideal Industries Pilot Bit, 1/2 in",Ideal Industries,36-575,Pilot Bit,1/2 in,TOOLS-Ideal-Industries-36-575
"Ideal Industries Bit Holder/Extender, 7/16 x 12 in",Ideal Industries,36-577,Bit Holder/Extender,7/16 x 12 in,TOOLS-Ideal-Industries-36-577
Ideal Industries Drill Tap Bit Set,Ideal Industries,36-600,Drill Tap Bit Set,,TOOLS-Ideal-Industries-36-600
"Ideal Industries Drill Tap Bit Set, 4 piece",Ideal Industries,36-601,Drill Tap Bit Set,4 piece,TOOLS-Ideal-Industries-36-601
Ideal Industries Step Drill Bit,Ideal Industries,36700,Step Drill Bit,,TOOLS-Ideal-Industries-36700
"Ideal Industries Carbide Hole Cutter Set, 3 piece: 7/8 in to 1-3/8 in",Ideal Industries,36-811,Carbide Hole Cutter Set,3 piece: 7/8 in to 1-3/8 in,TOOLS-Ideal-Industries-36-811
"Ideal Industries Carbide Hole Cutter Set, 8 pieces: 7/8 in to 2-1/2 in",Ideal Industries,36-814,Carbide Hole Cutter Set,8 pieces: 7/8 in to 2-1/2 in,TOOLS-Ideal-Industries-36-814
"Ideal Industries Magnet, 2-1/2 in",Ideal Industries,36-815,Magnet,2-1/2 in,TOOLS-Ideal-Industries-36-815
Ideal Industries Drill Tap Bit,Ideal Industries,36-8-32,Drill Tap Bit,,TOOLS-Ideal-Industries-36-8-32
"Ideal Industries Tool Backpack, 16 in",Ideal Industries,37-000,Tool Backpack,16 in,TOOLS-Ideal-Industries-37-000
Ideal Industries Tool Pouch,Ideal Industries,37-060,Tool Pouch,,TOOLS-Ideal-Industries-37-060
Ideal Industries Wire Stripper,Ideal Industries,45-113,Wire Stripper,,TOOLS-Ideal-Industries-45-113
"Ideal Industries Wire Stripper, 18 AWG to 10 AWG",Ideal Industries,45-120,Wire Stripper,18 AWG to 10 AWG,TOOLS-Ideal-Industries-45-120
"Ideal Industries Wire Stripper, 16 AWG to 8 AWG",Ideal Industries,45-124,Wire Stripper,16 AWG to 8 AWG,TOOLS-Ideal-Industries-45-124
Ideal Industries Wire Stripper,Ideal Industries,45-221,Wire Stripper,,TOOLS-Ideal-Industries-45-221
Ideal Industries Wire Stripper,Ideal Industries,45-415,Wire Stripper,,TOOLS-Ideal-Industries-45-415
Ideal Industries Wire Stripper,Ideal Industries,45-418,Wire Stripper,,TOOLS-Ideal-Industries-45-418
Ideal Industries Wire Stripper,Ideal Industries,45-615,Wire Stripper,,TOOLS-Ideal-Industries-45-615
Ideal Industries Wire Stripper,Ideal Industries,45-618,Wire Stripper,,TOOLS-Ideal-Industries-45-618
Ideal Industries Wire Stripper,Ideal Industries,45-619,Wire Stripper,,TOOLS-Ideal-Industries-45-619
Ideal Industries Wire Stripper,Ideal Industries,45-621,Wire Stripper,,TOOLS-Ideal-Industries-45-621
Ideal Industries Wire Stripper,Ideal Industries,45-915,Wire Stripper,,TOOLS-Ideal-Industries-45-915
Ideal Industries Heat Gun,Ideal Industries,46-202,Heat Gun,,TOOLS-Ideal-Industries-46-202
Ideal Industries Voltage Tester,Ideal Industries,61-025,Voltage Tester,,TOOLS-Ideal-Industries-61-025
"Ideal Industries Circuit Breaker Finder, 120 v",Ideal Industries,61-535,Circuit Breaker Finder,120 v,TOOLS-Ideal-Industries-61-535
"Ideal Industries Voltage Tester, 600V",Ideal Industries,61-637,Voltage Tester,600V,TOOLS-Ideal-Industries-61-637
"Ideal Industries Voltage Tester, 1000V",Ideal Industries,61-657,Voltage Tester,1000V,TOOLS-Ideal-Industries-61-657
Ideal Industries Voltage Tester,Ideal Industries,61-744,Voltage Tester,,TOOLS-Ideal-Industries-61-744
"Ideal Industries Clamp Meter, 1000V",Ideal Industries,61-757,Clamp Meter,1000V,TOOLS-Ideal-Industries-61-757
"Ideal Industries Conduit Bender, 1-1/4 in",Ideal Industries,74-006,Conduit Bender,1-1/4 in,TOOLS-Ideal-Industries-74-006
"Ideal Industries Conduit Bender Handle, 1-1/4 in",Ideal Industries,74-021,Conduit Bender Handle,1-1/4 in,TOOLS-Ideal-Industries-74-021
"Ideal Industries Conduit Bender, 1/2 in",Ideal Industries,74-026,Conduit Bender,1/2 in,TOOLS-Ideal-Industries-74-026
Ideal Industries Conduit Bender,Ideal Industries,74-027,Conduit Bender,,TOOLS-Ideal-Industries-74-027
"Ideal Industries Conduit Bender, 1 in",Ideal Industries,74-028,Conduit Bender,1 in,TOOLS-Ideal-Industries-74-028
"Ideal Industries Conduit Bender, 1-1/4 in",Ideal Industries,74-034,Conduit Bender,1-1/4 in,TOOLS-Ideal-Industries-74-034
"Ideal Industries Conduit Bender, 3/4 in",Ideal Industries,74-037,Conduit Bender,3/4 in,TOOLS-Ideal-Industries-74-037
"Ideal Industries Conduit Bender, 1/2 in",Ideal Industries,74-047,Conduit Bender,1/2 in,TOOLS-Ideal-Industries-74-047
"Ideal Industries Screwdriver Bit, 1 in",Ideal Industries,78-0202,Screwdriver Bit,1 in,TOOLS-Ideal-Industries-78-0202
"Ideal Industries Screwdriver Bit, 1 in",Ideal Industries,78-0227,Screwdriver Bit,1 in,TOOLS-Ideal-Industries-78-0227
"Ideal Industries Screwdriver Bit, 1 in",Ideal Industries,78-0230,Screwdriver Bit,1 in,TOOLS-Ideal-Industries-78-0230
Ideal Industries Tool Battery,Ideal Industries,BP-806,Tool Battery,,TOOLS-Ideal-Industries-BP-806
Ideal Industries Crimp Tool,Ideal Industries,C24,Crimp Tool,,TOOLS-Ideal-Industries-C24
"Ilsco Crimp Tool, 8 AWG to 1/0 AWG",Ilsco,ILC-10-N,Crimp Tool,8 AWG to 1/0 AWG,TOOLS-Ilsco-ILC-10-N
"International Tool Manufacturing Masonry Drill Bit, 1/4 in x 4 in",International Tool Manufacturing,502SP4003,Masonry Drill Bit,1/4 in x 4 in,TOOLS-International-Tool-Manufacturing-502SP4003
"International Tool Manufacturing Bit Holder/Extender, 3 in",International Tool Manufacturing,BH-075-14,Bit Holder/Extender,3 in,TOOLS-International-Tool-Manufacturing-BH-075-14
"International Tool Manufacturing Nut Driver Bit, 5/16 in",International Tool Manufacturing,NS-042-20,Nut Driver Bit,5/16 in,TOOLS-International-Tool-Manufacturing-NS-042-20
"Irwin Spade Bit, 1-1/8 in x 6 in",Irwin,88818,Spade Bit,1-1/8 in x 6 in,TOOLS-Irwin-88818
"Irwin Spade Bit, 1-1/4 in x 6 in",Irwin,88820,Spade Bit,1-1/4 in x 6 in,TOOLS-Irwin-88820
"Irwin Spade Bit, 1 in x 6 in",Irwin,88822,Spade Bit,1 in x 6 in,TOOLS-Irwin-88822
Irwin Tongue And Groove Pliers Set,Irwin,2078711,Tongue And Groove Pliers Set,,TOOLS-Irwin-2078711
"Irwin Masonry Drill Bit, 1x8x12 in",Irwin,326027,Masonry Drill Bit,1x8x12 in,TOOLS-Irwin-326027
iToolco Ground Rod Driver,iToolco,GRD01,Ground Rod Driver,,TOOLS-iToolco-GRD01
Jonard Diagonal Cutting Pliers,Jonard,JIC-7858,Diagonal Cutting Pliers,,TOOLS-Jonard-JIC-7858
"Keeper Tie-Down Strap, 35 in",Keeper,6235,Tie-Down Strap,35 in,TOOLS-Keeper-6235
Kena Fish Rod Set,Kena,KR307,Fish Rod Set,,TOOLS-Kena-KR307
"Klein Tapping Tool, 6-32 to 1/4-20",Klein,626,Tapping Tool,6-32 to 1/4-20,TOOLS-Klein-626
"Klein Screwdriver, #2 Square",Klein,662,Screwdriver,#2 Square,TOOLS-Klein-662
"Klein Jab Saw, 6 in",Klein,725,Jab Saw,6 in,TOOLS-Klein-725
"Klein Crimp Tool, 10 AWG to 22 AWG",Klein,1005,Crimp Tool,10 AWG to 22 AWG,TOOLS-Klein-1005
Klein Wire Stripper,Klein,1009,Wire Stripper,,TOOLS-Klein-1009
"Klein Wire Stripper, 10 AWG to 28 AWG",Klein,1019,Wire Stripper,10 AWG to 28 AWG,TOOLS-Klein-1019
Klein Bucket,Klein,5104,Bucket,,TOOLS-Klein-5104
"Klein Tool Pouch, 7 in",Klein,5139,Tool Pouch,7 in,TOOLS-Klein-5139
"Klein Tool Pouch Set, 4 piece",Klein,5140,Tool Pouch Set,4 piece,TOOLS-Klein-5140
"Klein Tape Measure, 16 ft",Klein,9216,Tape Measure,16 ft,TOOLS-Klein-9216
"Klein Tape Measure, 25 ft",Klein,9225,Tape Measure,25 ft,TOOLS-Klein-9225
"Klein Tape Measure, 30 ft",Klein,9230,Tape Measure,30 ft,TOOLS-Klein-9230
"Klein Wire Stripper, 10 to 18 AWG",Klein,11045,Wire Stripper,10 to 18 AWG,TOOLS-Klein-11045
"Klein Wire Stripper, 16 AWG to 26 AWG",Klein,11046,Wire Stripper,16 AWG to 26 AWG,TOOLS-Klein-11046
Klein Wire Stripper,Klein,11053,Wire Stripper,,TOOLS-Klein-11053
"Klein Wire Stripper, 20 AWG to 10 AWG",Klein,11055,Wire Stripper,20 AWG to 10 AWG,TOOLS-Klein-11055
Klein Wire Stripper,Klein,11061,Wire Stripper,,TOOLS-Klein-11061
Klein Reamer Attachment,Klein,19352,Reamer Attachment,,TOOLS-Klein-19352
Klein 092644556241,Klein,19353,092644556241,,TOOLS-Klein-19353
Klein Cable Stripper,Klein,21051,Cable Stripper,,TOOLS-Klein-21051
Klein Power Strip,Klein,29601,Power Strip,,TOOLS-Klein-29601
"Klein Carbide Hole Cutter Set, 4 piece",Klein,31872,Carbide Hole Cutter Set,4 piece,TOOLS-Klein-31872
"Klein Hole Saw, 3/8 in",Klein,31905,Hole Saw,3/8 in,TOOLS-Klein-31905
"Klein Drill Tap Bit Set, 8 bits: 6-32 to 1/4-20",Klein,32217,Drill Tap Bit Set,8 bits: 6-32 to 1/4-20,TOOLS-Klein-32217
Klein Multi-Bit Driver,Klein,32288,Multi-Bit Driver,,TOOLS-Klein-32288
Klein Socket,Klein,32304,Socket,,TOOLS-Klein-32304
"Klein Multi-Bit Driver Set, 15 bits",Klein,32305,Multi-Bit Driver Set,15 bits,TOOLS-Klein-32305
Klein Screwdriver,Klein,32307,Screwdriver,,TOOLS-Klein-32307
"Klein Multi-Bit Driver Set, 8 bit",Klein,32308,Multi-Bit Driver Set,8 bit,TOOLS-Klein-32308
"Klein Multi-Bit Driver Set, 14 bit",Klein,32314,Multi-Bit Driver Set,14 bit,TOOLS-Klein-32314
Klein Screwdriver,Klein,32328,Screwdriver,,TOOLS-Klein-32328
Klein Screwdriver,Klein,32477,Screwdriver,,TOOLS-Klein-32477
Klein Multi-Bit Driver,Klein,32500,Multi-Bit Driver,,TOOLS-Klein-32500
Klein Screwdriver,Klein,32517,Screwdriver,,TOOLS-Klein-32517
"Klein Multi-Bit Driver Set, 8 bits",Klein,32527,Multi-Bit Driver Set,8 bits,TOOLS-Klein-32527
Klein Screwdriver Set,Klein,32557,Screwdriver Set,,TOOLS-Klein-32557
Klein Screwdriver,Klein,32614,Screwdriver,,TOOLS-Klein-32614
"Klein Multi-Bit Driver Set, 39 bits",Klein,32717,Multi-Bit Driver Set,39 bits,TOOLS-Klein-32717
"Klein Nut Driver Bit Set, 3 piece",Klein,32759,Nut Driver Bit Set,3 piece,TOOLS-Klein-32759
"Klein Socket, 1/4 to 5/16 in",Klein,32766,Socket,1/4 to 5/16 in,TOOLS-Klein-32766
Klein Nut Driver Bit Set,Klein,32767,Nut Driver Bit Set,,TOOLS-Klein-32767
Klein Socket Set,Klein,32768,Socket Set,,TOOLS-Klein-32768
"Klein Driver Bit Set, 26 piece",Klein,32799,Driver Bit Set,26 piece,TOOLS-Klein-32799
Klein Nut Driver,Klein,32801,Nut Driver,,TOOLS-Klein-32801
Klein Socket Set,Klein,32900,Socket Set,,TOOLS-Klein-32900
Klein Socket Set,Klein,32907,Socket Set,,TOOLS-Klein-32907
"Klein Driver Bit Set, 40 pieces",Klein,33801,Driver Bit Set,40 pieces,TOOLS-Klein-33801
Klein Pocket Knife,Klein,44002,Pocket Knife,,TOOLS-Klein-44002
"Klein Utility Knife Blade, 5 blades",Klein,44101,Utility Knife Blade,5 blades,TOOLS-Klein-44101
"Klein Utility Knife Blade, 50 pack",Klein,44103,Utility Knife Blade,50 pack,TOOLS-Klein-44103
"Klein Utility Knife Blade, 50 blades",Klein,44125,Utility Knife Blade,50 blades,TOOLS-Klein-44125
"Klein Utility Knife, 6-5/8 in",Klein,44130,Utility Knife,6-5/8 in,TOOLS-Klein-44130
Klein Utility Knife,Klein,44131,Utility Knife,,TOOLS-Klein-44131
Klein Cable Splicing Knife,Klein,44200,Cable Splicing Knife,,TOOLS-Klein-44200
Klein Cable Skinning Blade,Klein,44219,Cable Skinning Blade,,TOOLS-Klein-44219
Klein Utility Knife,Klein,44304,Utility Knife,,TOOLS-Klein-44304
"Klein Fish Tape, 75 ft",Klein,50375,Fish Tape,75 ft,TOOLS-Klein-50375
"Klein Fish Tape, 20 ft",Klein,50550,Fish Tape,20 ft,TOOLS-Klein-50550
"Klein Conduit Bender, 3/4 in",Klein,51604,Conduit Bender,3/4 in,TOOLS-Klein-51604
"Klein Conduit Bender, 1 in",Klein,51605,Conduit Bender,1 in,TOOLS-Klein-51605
"Klein Auger Bit, 3/4 in x 54 in",Klein,53719,Auger Bit,3/4 in x 54 in,TOOLS-Klein-53719
"Klein Tool Belt, XL",Klein,55429,Tool Belt,XL,TOOLS-Klein-55429
Klein Tool Box,Klein,55475,Tool Box,,TOOLS-Klein-55475
"Klein Tool Pouch Set, 2 piece",Klein,55559,Tool Pouch Set,2 piece,TOOLS-Klein-55559
"Klein Tool Bag, 2 piece",Klein,55599,Tool Bag,2 piece,TOOLS-Klein-55599
"Klein Tool Backpack, 23 qt",Klein,55604,Tool Backpack,23 qt,TOOLS-Klein-55604
Klein Tool Pouch,Klein,55913,Tool Pouch,,TOOLS-Klein-55913
Klein Tool Pouch,Klein,55914,Tool Pouch,,TOOLS-Klein-55914
Klein Tool Belt,Klein,55918,Tool Belt,,TOOLS-Klein-55918
"Klein Flashlight, 235 lumens",Klein,56028,Flashlight,235 lumens,TOOLS-Klein-56028
"Klein Fish Tape, 200 ft",Klein,56059,Fish Tape,200 ft,TOOLS-Klein-56059
"Klein Headlamp, 400 lumens",Klein,56064,Headlamp,400 lumens,TOOLS-Klein-56064
"Klein Pull Line, 6500 ft",Klein,56110,Pull Line,6500 ft,TOOLS-Klein-56110
"Klein Conduit Bender, 3/4 in",Klein,56207,Conduit Bender,3/4 in,TOOLS-Klein-56207
"Klein Headlamp, 150 lumens",Klein,56220,Headlamp,150 lumens,TOOLS-Klein-56220
"Klein Fish Rod Set, set",Klein,56312,Fish Rod Set,set,TOOLS-Klein-56312
"Klein Fish Rod Set, 24 ft",Klein,56324,Fish Rod Set,24 ft,TOOLS-Klein-56324
"Klein Fish Tape, 120 ft",Klein,56333,Fish Tape,120 ft,TOOLS-Klein-56333
"Klein Fish Tape, 240 ft",Klein,56334,Fish Tape,240 ft,TOOLS-Klein-56334
"Klein Fish Tape, 100 ft",Klein,56380,Fish Tape,100 ft,TOOLS-Klein-56380
"Klein Fish Tape, 100 ft",Klein,56383,Fish Tape,100 ft,TOOLS-Klein-56383
"Klein Flashlight, 1000 lumens",Klein,56413,Flashlight,1000 lumens,TOOLS-Klein-56413
"Klein Headlamp, 800 lumens",Klein,56414,Headlamp,800 lumens,TOOLS-Klein-56414
"Klein Fish Rod Set, 15 ft",Klein,56415,Fish Rod Set,15 ft,TOOLS-Klein-56415
Klein Fish Rod Set,Klein,56418,Fish Rod Set,,TOOLS-Klein-56418
"Klein Fish Rod Set, 30 ft",Klein,56430,Fish Rod Set,30 ft,TOOLS-Klein-56430
"Klein Locknut Wrench, 1/2 in to 3/4 in",Klein,56999,Locknut Wrench,1/2 in to 3/4 in,TOOLS-Klein-56999
"Klein Kneeling Pad, Black",Klein,60135,Kneeling Pad,Black,TOOLS-Klein-60135
Klein Knee Pads,Klein,60344,Knee Pads,,TOOLS-Klein-60344
"Klein Knee Pads, M/L",Klein,60511,Knee Pads,M/L,TOOLS-Klein-60511
"Klein Knee Pads, L/XL",Klein,60611,Knee Pads,L/XL,TOOLS-Klein-60611
Klein Cable Cutter,Klein,63215,Cable Cutter,,TOOLS-Klein-63215
"Klein Cable Cutter, 11-1/2 in",Klein,63711,Cable Cutter,11-1/2 in,TOOLS-Klein-63711
Klein Ratchet,Klein,65200,Ratchet,,TOOLS-Klein-65200
"Klein Socket Set, 7 piece: 3/8 in x 15/16 in",Klein,66070,Socket Set,7 piece: 3/8 in x 15/16 in,TOOLS-Klein-66070
"Klein Hex Key Set, 3/32 to 1/2 in",Klein,70550,Hex Key Set,3/32 to 1/2 in,TOOLS-Klein-70550
"Klein Hex Key Set, 3/32 in to 1/2 in",Klein,70552,Hex Key Set,3/32 in to 1/2 in,TOOLS-Klein-70552
"Klein Hex Key Set, set",Klein,70574,Hex Key Set,set,TOOLS-Klein-70574
Klein Hex Key Set,Klein,70579,Hex Key Set,,TOOLS-Klein-70579
"Klein Hex Key Set, 7 piece",Klein,70582,Hex Key Set,7 piece,TOOLS-Klein-70582
"Klein Screwdriver Set, 7 pieces",Klein,85076,Screwdriver Set,7 pieces,TOOLS-Klein-85076
Klein Screwdriver,Klein,85191,Screwdriver,,TOOLS-Klein-85191
"Klein Screwdriver Set, 4 pieces",Klein,85484,Screwdriver Set,4 pieces,TOOLS-Klein-85484
Klein Multi-Purpose Pliers,Klein,1005,Multi-Purpose Pliers,,TOOLS-Klein-1005
Klein Crimp Tool,Klein,1006,Crimp Tool,,TOOLS-Klein-1006
"Klein Wire Stripper, 22 AWG to 10 AWG",Klein,1009,Wire Stripper,22 AWG to 10 AWG,TOOLS-Klein-1009
"Klein Crimp Tool, 22 AWG to 10 AWG",Klein,1010,Crimp Tool,22 AWG to 10 AWG,TOOLS-Klein-1010
Klein Wire Stripper,Klein,1019,Wire Stripper,,TOOLS-Klein-1019
Klein Aviation Snips,Klein,1102S,Aviation Snips,,TOOLS-Klein-1102S
Klein Wire Stripper,Klein,11045,Wire Stripper,,TOOLS-Klein-11045
Klein Wire Stripper,Klein,11046,Wire Stripper,,TOOLS-Klein-11046
"Klein Wire Stripper, 12 AWG to 6 AWG",Klein,11053,Wire Stripper,12 AWG to 6 AWG,TOOLS-Klein-11053
Klein Wire Stripper,Klein,11054,Wire Stripper,,TOOLS-Klein-11054
"Klein Wire Stripper, 8 AWG to 16 AWG",Klein,11054EINS,Wire Stripper,8 AWG to 16 AWG,TOOLS-Klein-11054EINS
Klein Wire Stripper,Klein,11054GLW,Wire Stripper,,TOOLS-Klein-11054GLW
"Klein Wire Stripper, 20 AWG to 10 AWG",Klein,11055,Wire Stripper,20 AWG to 10 AWG,TOOLS-Klein-11055
Klein Wire Stripper,Klein,11055GLW,Wire Stripper,,TOOLS-Klein-11055GLW
"Klein Wire Stripper, 22 AWG to 8 AWG",Klein,11063W,Wire Stripper,22 AWG to 8 AWG,TOOLS-Klein-11063W
Klein Aviation Snips,Klein,1202S,Aviation Snips,,TOOLS-Klein-1202S
"Klein Multi-Purpose Pliers, 8 in",Klein,12098EINS,Multi-Purpose Pliers,8 in,TOOLS-Klein-12098EINS
Klein Reamer Attachment,Klein,19352,Reamer Attachment,,TOOLS-Klein-19352
Klein Wire Stripper,Klein,2005N,Wire Stripper,,TOOLS-Klein-2005N
"Klein Crimp Tool, 6 AWG to 4/0 AWG",Klein,2006,Crimp Tool,6 AWG to 4/0 AWG,TOOLS-Klein-2006
"Klein Multi-Purpose Pliers, 8 in",Klein,2038EINS,Multi-Purpose Pliers,8 in,TOOLS-Klein-2038EINS
Klein Scissors,Klein,2100-8,Scissors,,TOOLS-Klein-2100-8
Klein Cable Stripper,Klein,21051,Cable Stripper,,TOOLS-Klein-21051
Klein Lineman Pliers,Klein,213-9NE,Lineman Pliers,,TOOLS-Klein-213-9NE
"Klein Step Drill Bit Set, 3 piece",Klein,25951,Step Drill Bit Set,3 piece,TOOLS-Klein-25951
"Klein Step Drill Bit, 1/4 in to 3/4 in",Klein,25963,Step Drill Bit,1/4 in to 3/4 in,TOOLS-Klein-25963
Klein Crimp Tool,Klein,3005CR,Crimp Tool,,TOOLS-Klein-3005CR
Klein Jab Saw,Klein,31737,Jab Saw,,TOOLS-Klein-31737
"Klein Reciprocating Saw Blade, 8 in",Klein,31741,Reciprocating Saw Blade,8 in,TOOLS-Klein-31741
"Klein Reciprocating Saw Blade, 9 in",Klein,31755,Reciprocating Saw Blade,9 in,TOOLS-Klein-31755
"Klein Carbide Hole Cutter, 1-1/8 in",Klein,31856,Carbide Hole Cutter,1-1/8 in,TOOLS-Klein-31856
"Klein Carbide Hole Cutter, 1-3/8 in",Klein,31860,Carbide Hole Cutter,1-3/8 in,TOOLS-Klein-31860
"Klein Carbide Hole Cutter, 2 in",Klein,31868,Carbide Hole Cutter,2 in,TOOLS-Klein-31868
"Klein Hole Saw, 4 piece",Klein,31872,Hole Saw,4 piece,TOOLS-Klein-31872
"Klein Hole Saw, 8 piece",Klein,31873,Hole Saw,8 piece,TOOLS-Klein-31873
"Klein Hole Saw, 8 piece",Klein,31902,Hole Saw,8 piece,TOOLS-Klein-31902
"Klein Hole Saw, 3/8 in",Klein,31905,Hole Saw,3/8 in,TOOLS-Klein-31905
"Klein Hole Saw, 3/8 in",Klein,31906,Hole Saw,3/8 in,TOOLS-Klein-31906
"Klein Hole Saw, 1-1/8 in",Klein,31918,Hole Saw,1-1/8 in,TOOLS-Klein-31918
"Klein Hole Saw, 1-3/8 in",Klein,31922,Hole Saw,1-3/8 in,TOOLS-Klein-31922
"Klein Hole Saw, 2 in",Klein,31932,Hole Saw,2 in,TOOLS-Klein-31932
"Klein Hole Saw, 2-1/2 in ",Klein,31940,Hole Saw,2-1/2 in ,TOOLS-Klein-31940
"Klein Drill Tap Bit Set, 8 piece",Klein,32217,Drill Tap Bit Set,8 piece,TOOLS-Klein-32217
"Klein Multi-Bit Driver Set, 15 bits",Klein,32290,Multi-Bit Driver Set,15 bits,TOOLS-Klein-32290
Klein Screwdriver,Klein,32291,Screwdriver,,TOOLS-Klein-32291
Klein Screwdriver,Klein,32292,Screwdriver,,TOOLS-Klein-32292
Klein Screwdriver,Klein,32293,Screwdriver,,TOOLS-Klein-32293
Klein Screwdriver,Klein,32303,Screwdriver,,TOOLS-Klein-32303
Klein Screwdriver,Klein,32305,Screwdriver,,TOOLS-Klein-32305
"Klein Multi-Bit Driver Set, 8 bit",Klein,32308,Multi-Bit Driver Set,8 bit,TOOLS-Klein-32308
"Klein Ratcheting Screwdriver, 13 bits",Klein,32313HD,Ratcheting Screwdriver,13 bits,TOOLS-Klein-32313HD
"Klein Multi-Bit Driver Set, 14 bit",Klein,32314,Multi-Bit Driver Set,14 bit,TOOLS-Klein-32314
"Klein Multi-Bit Driver Set, 27 bits",Klein,32327,Multi-Bit Driver Set,27 bits,TOOLS-Klein-32327
Klein Screwdriver,Klein,32476,Screwdriver,,TOOLS-Klein-32476
Klein Screwdriver,Klein,32477,Screwdriver,,TOOLS-Klein-32477
Klein Multi-Bit Driver,Klein,32477-12,Multi-Bit Driver,,TOOLS-Klein-32477-12
Klein Screwdriver,Klein,32482,Screwdriver,,TOOLS-Klein-32482
Klein Screwdriver,Klein,32483,Screwdriver,,TOOLS-Klein-32483
Klein Screwdriver,Klein,32500,Screwdriver,,TOOLS-Klein-32500
"Klein Multi-Bit Driver Set, 11 pieces",Klein,32500MAG,Multi-Bit Driver Set,11 pieces,TOOLS-Klein-32500MAG
Klein Screwdriver Kit,Klein,32510,Screwdriver Kit,,TOOLS-Klein-32510
Klein Screwdriver,Klein,32517,Screwdriver,,TOOLS-Klein-32517
"Klein Screwdriver Bit Set, 32 piece",Klein,32525,Screwdriver Bit Set,32 piece,TOOLS-Klein-32525
Klein Screwdriver,Klein,32527,Screwdriver,,TOOLS-Klein-32527
Klein Screwdriver,Klein,32557,Screwdriver,,TOOLS-Klein-32557
Klein Screwdriver,Klein,32558,Screwdriver,,TOOLS-Klein-32558
Klein Screwdriver,Klein,32561,Screwdriver,,TOOLS-Klein-32561
Klein Screwdriver,Klein,32581,Screwdriver,,TOOLS-Klein-32581
"Klein Screwdriver, ph#0",Klein,32581INS,Screwdriver,ph#0,TOOLS-Klein-32581INS
"Klein Multi-Bit Driver Set, 6 bits",Klein,32594,Multi-Bit Driver Set,6 bits,TOOLS-Klein-32594
Klein Screwdriver,Klein,32614,Screwdriver,,TOOLS-Klein-32614
Klein Multi-Bit Driver,Klein,32-614,Multi-Bit Driver,,TOOLS-Klein-32-614
"Klein Multi-Bit Driver Set, 39 bits",Klein,32717,Multi-Bit Driver Set,39 bits,TOOLS-Klein-32717
"Klein Nut Driver Bit, 1/4 x 5/16 in",Klein,32766,Nut Driver Bit,1/4 x 5/16 in,TOOLS-Klein-32766
"Klein Nut Driver Bit, 3 piece",Klein,32767,Nut Driver Bit,3 piece,TOOLS-Klein-32767
Klein Socket Set,Klein,32768,Socket Set,,TOOLS-Klein-32768
"Klein Nut Driver Bit, 5/16 in",Klein,32793,Nut Driver Bit,5/16 in,TOOLS-Klein-32793
"Klein Driver Bit Set, 26 piece",Klein,32799,Driver Bit Set,26 piece,TOOLS-Klein-32799
Klein Nut Driver,Klein,32800,Nut Driver,,TOOLS-Klein-32800
Klein Multi-Bit Driver,Klein,32807MAG,Multi-Bit Driver,,TOOLS-Klein-32807MAG
Klein Multi-Bit Driver,Klein,32900,Multi-Bit Driver,,TOOLS-Klein-32900
"Klein Hole Saw, 3 piece",Klein,32905,Hole Saw,3 piece,TOOLS-Klein-32905
Klein Socket Set,Klein,32907,Socket Set,,TOOLS-Klein-32907
"Klein Nut Driver Bit Set, 6 pieces: 7 mm to 14 mm",Klein,32933M,Nut Driver Bit Set,6 pieces: 7 mm to 14 mm,TOOLS-Klein-32933M
Klein Screwdriver,Klein,33532-INS,Screwdriver,,TOOLS-Klein-33532-INS
"Klein Screwdriver Set, 2 piece",Klein,33732INS,Screwdriver Set,2 piece,TOOLS-Klein-33732INS
"Klein Screwdriver Set, 4 piece",Klein,33734INS,Screwdriver Set,4 piece,TOOLS-Klein-33734INS
Klein Tool Belt,Klein,42200,Tool Belt,,TOOLS-Klein-42200
"Klein Pocket Knife, 2-1/4 in",Klein,44000-BLK,Pocket Knife,2-1/4 in,TOOLS-Klein-44000-BLK
Klein Pocket Knife,Klein,44001-BLK,Pocket Knife,,TOOLS-Klein-44001-BLK
"Klein Utility Knife Blade, 5 blades",Klein,44101,Utility Knife Blade,5 blades,TOOLS-Klein-44101
"Klein Utility Knife Blade, 50 pack",Klein,44103,Utility Knife Blade,50 pack,TOOLS-Klein-44103
Klein Utility Knife,Klein,44130,Utility Knife,,TOOLS-Klein-44130
Klein Utility Knife,Klein,44131,Utility Knife,,TOOLS-Klein-44131
Klein Utility Knife,Klein,44135,Utility Knife,,TOOLS-Klein-44135
Klein Pocket Knife,Klein,44142,Pocket Knife,,TOOLS-Klein-44142
Klein Pocket Knife,Klein,44201,Pocket Knife,,TOOLS-Klein-44201
Klein Pocket Knife,Klein,44213,Pocket Knife,,TOOLS-Klein-44213
"Klein Pocket Multi-Tool, 3 in",Klein,44216,Pocket Multi-Tool,3 in,TOOLS-Klein-44216
Klein Cable Skinning Knife,Klein,44218,Cable Skinning Knife,,TOOLS-Klein-44218
Klein Cable Skinning Blade,Klein,44219,Cable Skinning Blade,,TOOLS-Klein-44219
Klein Pocket Knife,Klein,44220,Pocket Knife,,TOOLS-Klein-44220
Klein Pocket Knife,Klein,44222,Pocket Knife,,TOOLS-Klein-44222
Klein Pocket Knife,Klein,44223,Pocket Knife,,TOOLS-Klein-44223
Klein Pocket Knife,Klein,44228,Pocket Knife,,TOOLS-Klein-44228
Klein Cable Stapler,Klein,450-100,Cable Stapler,,TOOLS-Klein-450-100
"Klein Fish Rod Set, 25 ft",Klein,50254,Fish Rod Set,25 ft,TOOLS-Klein-50254
"Klein Fish Tape, 20ft",Klein,50550,Fish Tape,20ft,TOOLS-Klein-50550
Klein Cable Pulling Tool,Klein,50611,Cable Pulling Tool,,TOOLS-Klein-50611
"Klein Locknut Wrench, 1/2 in to 1 in",Klein,50900R,Locknut Wrench,1/2 in to 1 in,TOOLS-Klein-50900R
Klein Tool Holster,Klein,5107-9,Tool Holster,,TOOLS-Klein-5107-9
Klein Tool Bag,Klein,5139,Tool Bag,,TOOLS-Klein-5139
Klein Tool Bag,Klein,5139C,Tool Bag,,TOOLS-Klein-5139C
"Klein Tool Pouch Set, 4 piece",Klein,5140,Tool Pouch Set,4 piece,TOOLS-Klein-5140
"Klein Tool Pouch Set, 12-1/2x7 in",Klein,5141,Tool Pouch Set,12-1/2x7 in,TOOLS-Klein-5141
Klein Conduit Bender,Klein,51429,Conduit Bender,,TOOLS-Klein-51429
Klein Tool Bag,Klein,5144S,Tool Bag,,TOOLS-Klein-5144S
Klein Tool Box,Klein,5152S,Tool Box,,TOOLS-Klein-5152S
"Klein Conduit Bender, 3/4 in",Klein,51604,Conduit Bender,3/4 in,TOOLS-Klein-51604
"Klein Angle Setter, 3/4 in",Klein,51612,Angle Setter,3/4 in,TOOLS-Klein-51612
Klein Tool Box,Klein,5184,Tool Box,,TOOLS-Klein-5184
Klein Tool Pouch,Klein,5241,Tool Pouch,,TOOLS-Klein-5241
Klein Tool Holster,Klein,5248,Tool Holster,,TOOLS-Klein-5248
"Klein Armored Cable Cutter, 3/8 in",Klein,53725,Armored Cable Cutter,3/8 in,TOOLS-Klein-53725
Klein Knockout Kit,Klein,53732SEN,Knockout Kit,,TOOLS-Klein-53732SEN
Klein Tool Belt,Klein,5415S,Tool Belt,,TOOLS-Klein-5415S
"Klein Tool Box, 22.6 in x 15.5 in x 19.88 in",Klein,54802MB,Tool Box,22.6 in x 15.5 in x 19.88 in,TOOLS-Klein-54802MB
"Klein Tool Box, 22 in x 11.7 in x 15.5 in",Klein,54803MB,Tool Box,22 in x 11.7 in x 15.5 in,TOOLS-Klein-54803MB
"Klein Tool Box, 22 in x 6.6 in x 15.5 in",Klein,54804MB,Tool Box,22 in x 6.6 in x 15.5 in,TOOLS-Klein-54804MB
Klein Tool Belt,Klein,55400,Tool Belt,,TOOLS-Klein-55400
"Klein Tool Bag, 10 in",Klein,5541610-14,Tool Bag,10 in,TOOLS-Klein-5541610-14
"Klein Tool Backpack, 14 in",Klein,55421BP14,Tool Backpack,14 in,TOOLS-Klein-55421BP14
"Klein Tool Backpack, 14 in, Camo",Klein,55421BP14CAMO,Tool Backpack,"14 in, Camo",TOOLS-Klein-55421BP14CAMO
Klein Tool Box,Klein,55431,Tool Box,,TOOLS-Klein-55431
Klein Tool Bag,Klein,55473RTB,Tool Bag,,TOOLS-Klein-55473RTB
"Klein Tool Backpack, 19.5 in",Klein,55485,Tool Backpack,19.5 in,TOOLS-Klein-55485
Klein Tool Pouch Set,Klein,55560,Tool Pouch Set,,TOOLS-Klein-55560
Klein Tool Bag,Klein,55598,Tool Bag,,TOOLS-Klein-55598
"Klein Tool Bag, 2 piece",Klein,55599,Tool Bag,2 piece,TOOLS-Klein-55599
Klein Magnetic Wristband,Klein,55895,Magnetic Wristband,,TOOLS-Klein-55895
Klein Magnetic Pickup Tool,Klein,56027,Magnetic Pickup Tool,,TOOLS-Klein-56027
"Klein Flashlight, 235 lumens",Klein,56028,Flashlight,235 lumens,TOOLS-Klein-56028
Klein Work Light,Klein,56029,Work Light,,TOOLS-Klein-56029
Klein Work Light,Klein,56034,Work Light,,TOOLS-Klein-56034
"Klein Flashlight, 235 lumens",Klein,56040,Flashlight,235 lumens,TOOLS-Klein-56040
Klein Headlamp,Klein,56048,Headlamp,,TOOLS-Klein-56048
Klein Headlamp,Klein,56049,Headlamp,,TOOLS-Klein-56049
Klein Fish Tape,Klein,56055,Fish Tape,,TOOLS-Klein-56055
Klein Fish Tape,Klein,56056,Fish Tape,,TOOLS-Klein-56056
"Klein Pull Line, 500 ft",Klein,56108,Pull Line,500 ft,TOOLS-Klein-56108
"Klein Conduit Bender, 3/4 in",Klein,56204,Conduit Bender,3/4 in,TOOLS-Klein-56204
"Klein Conduit Bender, 1 in",Klein,56205,Conduit Bender,1 in,TOOLS-Klein-56205
"Klein Conduit Bender, 1-1/4 in",Klein,56211,Conduit Bender,1-1/4 in,TOOLS-Klein-56211
Klein Headlamp,Klein,56220,Headlamp,,TOOLS-Klein-56220
Klein Fish Rod Set,Klein,56324,Fish Rod Set,,TOOLS-Klein-56324
"Klein Fish Tape, 50 ft",Klein,56331,Fish Tape,50 ft,TOOLS-Klein-56331
Klein Fish Tape,Klein,56333,Fish Tape,,TOOLS-Klein-56333
Klein Fish Tape,Klein,56340,Fish Tape,,TOOLS-Klein-56340
"Klein Fish Tape, 100 ft",Klein,56351,Fish Tape,100 ft,TOOLS-Klein-56351
"Klein Fish Tape, 100 ft",Klein,56380,Fish Tape,100 ft,TOOLS-Klein-56380
Klein Fish Tape,Klein,56383,Fish Tape,,TOOLS-Klein-56383
Klein Headlamp,Klein,56402,Headlamp,,TOOLS-Klein-56402
Klein Work Light,Klein,56403,Work Light,,TOOLS-Klein-56403
"Klein Flashlight, 275 lumens",Klein,56411,Flashlight,275 lumens,TOOLS-Klein-56411
Klein Fish Tape,Klein,56415,Fish Tape,,TOOLS-Klein-56415
Klein Fish Tape,Klein,56418,Fish Tape,,TOOLS-Klein-56418
Klein Fish Rod Set,Klein,56511,Fish Rod Set,,TOOLS-Klein-56511
"Klein Locknut Wrench, 1/2 in to 3/4 in",Klein,56999,Locknut Wrench,1/2 in to 3/4 in,TOOLS-Klein-56999
Klein Screwdriver,Klein,57032,Screwdriver,,TOOLS-Klein-57032
Klein Tool Belt,Klein,5710L,Tool Belt,,TOOLS-Klein-5710L
"Klein Screwdriver, 1/4 in",Klein,600-4,Screwdriver,1/4 in,TOOLS-Klein-600-4
"Klein Screwdriver, 5/16 in",Klein,600-6,Screwdriver,5/16 in,TOOLS-Klein-600-6
"Klein Screwdriver, 3-3/16 in",Klein,601-3,Screwdriver,3-3/16 in,TOOLS-Klein-601-3
Klein Kneeling Pad,Klein,60136,Kneeling Pad,,TOOLS-Klein-60136
Klein Screwdriver,Klein,601-4,Screwdriver,,TOOLS-Klein-601-4
Klein Screwdriver,Klein,601-4-INS,Screwdriver,,TOOLS-Klein-601-4-INS
"Klein Screwdriver, 3/16 in",Klein,601-6,Screwdriver,3/16 in,TOOLS-Klein-601-6
Klein Screwdriver,Klein,601-7-INS,Screwdriver,,TOOLS-Klein-601-7-INS
Klein Screwdriver,Klein,601-8,Screwdriver,,TOOLS-Klein-601-8
"Klein Screwdriver, 4 in",Klein,602-4,Screwdriver,4 in,TOOLS-Klein-602-4
"Klein Screwdriver, 4 in",Klein,602-4DD,Screwdriver,4 in,TOOLS-Klein-602-4DD
"Klein Screwdriver, 6 in",Klein,602-6,Screwdriver,6 in,TOOLS-Klein-602-6
Klein Screwdriver,Klein,602-7DD,Screwdriver,,TOOLS-Klein-602-7DD
"Klein Screwdriver, flat: 5/16 in",Klein,602-7-INS,Screwdriver,flat: 5/16 in,TOOLS-Klein-602-7-INS
"Klein Screwdriver, #2 Phillips",Klein,603-4,Screwdriver,#2 Phillips,TOOLS-Klein-603-4
Klein Knee Pads,Klein,60344,Knee Pads,,TOOLS-Klein-60344
Klein Screwdriver,Klein,603-4B,Screwdriver,,TOOLS-Klein-603-4B
Klein Screwdriver,Klein,603-4-INS,Screwdriver,,TOOLS-Klein-603-4-INS
Klein Screwdriver,Klein,603-6,Screwdriver,,TOOLS-Klein-603-6
Klein Screwdriver,Klein,603-7,Screwdriver,,TOOLS-Klein-603-7
Klein Headlamp,Klein,60406RL,Headlamp,,TOOLS-Klein-60406RL
"Klein Knee Pads, M/L",Klein,60511,Knee Pads,M/L,TOOLS-Klein-60511
Klein Screwdriver,Klein,605-4,Screwdriver,,TOOLS-Klein-605-4
"Klein Screwdriver, 6 in",Klein,605-6,Screwdriver,6 in,TOOLS-Klein-605-6
"Klein Screwdriver, 3/32 in",Klein,607-3,Screwdriver,3/32 in,TOOLS-Klein-607-3
Klein Screwdriver,Klein,612-4,Screwdriver,,TOOLS-Klein-612-4
"Klein Screwdriver, 2 in",Klein,614-2,Screwdriver,2 in,TOOLS-Klein-614-2
"Klein Tool Backpack, 32 pockets",Klein,62201MB,Tool Backpack,32 pockets,TOOLS-Klein-62201MB
"Klein Tool Bag, 33 pocket",Klein,62202MB,Tool Bag,33 pocket,TOOLS-Klein-62202MB
Klein Tapping Tool,Klein,626,Tapping Tool,,TOOLS-Klein-626
"Klein Cable Cutter, 25 in",Klein,63041,Cable Cutter,25 in,TOOLS-Klein-63041
Klein Cable Cutter,Klein,63050,Cable Cutter,,TOOLS-Klein-63050
Klein Cable Cutter,Klein,63050EINS,Cable Cutter,,TOOLS-Klein-63050EINS
"Klein Cable Cutter, 4/0 AWG",Klein,63050-EINS,Cable Cutter,4/0 AWG,TOOLS-Klein-63050-EINS
"Klein Cable Cutter, 750 mcm",Klein,63060,Cable Cutter,750 mcm,TOOLS-Klein-63060
"Klein Nut Driver Set, 7 piece",Klein,631,Nut Driver Set,7 piece,TOOLS-Klein-631
"Klein Nut Driver, 1/2 in",Klein,635-1/2,Nut Driver,1/2 in,TOOLS-Klein-635-1/2
Klein Nut Driver,Klein,635-6,Nut Driver,,TOOLS-Klein-635-6
Klein Screwdriver,Klein,650,Screwdriver,,TOOLS-Klein-650
"Klein Multi-Bit Driver Set, 5 bits",Klein,65200,Multi-Bit Driver Set,5 bits,TOOLS-Klein-65200
Klein Socket Set,Klein,66040,Socket Set,,TOOLS-Klein-66040
"Klein Socket Set, 7 piece: 3/8 in x 15/16 in",Klein,66070,Socket Set,7 piece: 3/8 in x 15/16 in,TOOLS-Klein-66070
Klein Screwdriver,Klein,662,Screwdriver,,TOOLS-Klein-662
Klein Screwdriver,Klein,666,Screwdriver,,TOOLS-Klein-666
"Klein Screwdriver, 3/16 in",Klein,670-6,Screwdriver,3/16 in,TOOLS-Klein-670-6
Klein Screwdriver,Klein,682-6,Screwdriver,,TOOLS-Klein-682-6
"Klein Breaker Finder Kit, 3 piece",Klein,69411,Breaker Finder Kit,3 piece,TOOLS-Klein-69411
Klein Hack Saw,Klein,701-S,Hack Saw,,TOOLS-Klein-701-S
Klein Hex Key,Klein,70550,Hex Key,,TOOLS-Klein-70550
"Klein Hex Key Set, 3/16 in to 3/8 in",Klein,70579,Hex Key Set,3/16 in to 3/8 in,TOOLS-Klein-70579
Klein Hex Key Set,Klein,70581,Hex Key Set,,TOOLS-Klein-70581
Klein Hex Key Set,Klein,70582,Hex Key Set,,TOOLS-Klein-70582
Klein Hex Key Set,Klein,70591,Hex Key Set,,TOOLS-Klein-70591
Klein Jab Saw,Klein,725,Jab Saw,,TOOLS-Klein-725
Klein Screwdriver,Klein,7314,Screwdriver,,TOOLS-Klein-7314
Klein Hammer,Klein,807-18,Hammer,,TOOLS-Klein-807-18
Klein Hammer,Klein,808-16,Hammer,,TOOLS-Klein-808-16
Klein Hammer,Klein,808-20,Hammer,,TOOLS-Klein-808-20
Klein Screwdriver,Klein,85075,Screwdriver,,TOOLS-Klein-85075
"Klein Screwdriver Set, 7 pieces",Klein,85076,Screwdriver Set,7 pieces,TOOLS-Klein-85076
Klein Reamer Bit,Klein,85091,Reamer Bit,,TOOLS-Klein-85091
Klein Reamer Screwdriver,Klein,85191,Reamer Screwdriver,,TOOLS-Klein-85191
Klein Screwdriver,Klein,85442RWB,Screwdriver,,TOOLS-Klein-85442RWB
"Klein Screwdriver, set",Klein,85484,Screwdriver,set,TOOLS-Klein-85484
Klein Screwdriver Set,Klein,85614,Screwdriver Set,,TOOLS-Klein-85614
"Klein Tape Measure, 25ft",Klein,86225,Tape Measure,25ft,TOOLS-Klein-86225
"Klein Tape Measure, 30 ft",Klein,86230,Tape Measure,30 ft,TOOLS-Klein-86230
Klein Tube Cutter,Klein,88904,Tube Cutter,,TOOLS-Klein-88904
"Klein Tape Measure, 25ft",Klein,9125,Tape Measure,25ft,TOOLS-Klein-9125
"Klein Tape Measure, 16 ft",Klein,9216,Tape Measure,16 ft,TOOLS-Klein-9216
Klein Tape Measure,Klein,9225,Tape Measure,,TOOLS-Klein-9225
"Klein Tape Measure, 13ft",Klein,9230,Tape Measure,13ft,TOOLS-Klein-9230
Klein Tool Kit,Klein,92911,Tool Kit,,TOOLS-Klein-92911
"Klein Level, 3 vials",Klein,935,Level,3 vials,TOOLS-Klein-935
"Klein Level, 4 vial",Klein,935AB4V,Level,4 vial,TOOLS-Klein-935AB4V
"Klein Level, digital",Klein,935DAG,Level,digital,TOOLS-Klein-935DAG
Klein Level,Klein,935L,Level,,TOOLS-Klein-935L
Klein Level,Klein,935R,Level,,TOOLS-Klein-935R
Klein Level,Klein,935RB,Level,,TOOLS-Klein-935RB
"Klein Level, 9 in",Klein,935RBLT,Level,9 in,TOOLS-Klein-935RBLT
"Klein Laser Level, 100 ft",Klein,93CPLG,Laser Level,100 ft,TOOLS-Klein-93CPLG
Klein Laser Level,Klein,93LCLS,Laser Level,,TOOLS-Klein-93LCLS
Klein Tool Kit,Klein,94130,Tool Kit,,TOOLS-Klein-94130
"Klein Tool Kit, 2 tools",Klein,94156,Tool Kit,2 tools,TOOLS-Klein-94156
Klein Screwdriver,Klein,A216-6,Screwdriver,,TOOLS-Klein-A216-6
Klein Voltage Tester,Klein,CL120,Voltage Tester,,TOOLS-Klein-CL120
Klein Voltage Tester,Klein,CL210,Voltage Tester,,TOOLS-Klein-CL210
"Klein Clamp Meter, 600V",Klein,CL220,Clamp Meter,600V,TOOLS-Klein-CL220
Klein Voltage Tester,Klein,CL320,Voltage Tester,,TOOLS-Klein-CL320
Klein Clamp Meter,Klein,CL600,Clamp Meter,,TOOLS-Klein-CL600
Klein Clamp Meter,Klein,CL700,Clamp Meter,,TOOLS-Klein-CL700
Klein Clamp Meter,Klein,CL800,Clamp Meter,,TOOLS-Klein-CL800
Klein Diagonal Cutting Pliers,Klein,D2000-28,Diagonal Cutting Pliers,,TOOLS-Klein-D2000-28
Klein Diagonal Cutting Pliers,Klein,D200028GLW,Diagonal Cutting Pliers,,TOOLS-Klein-D200028GLW
"Klein Diagonal Cutting Pliers, 8 in",Klein,D2000-48,Diagonal Cutting Pliers,8 in,TOOLS-Klein-D2000-48
Klein Diagonal Cutting Pliers,Klein,D2000-49,Diagonal Cutting Pliers,,TOOLS-Klein-D2000-49
"Klein Lineman Pliers, 9 in",Klein,D2000-9NE,Lineman Pliers,9 in,TOOLS-Klein-D2000-9NE
"Klein Lineman Pliers, 9 in",Klein,D20009NECL,Lineman Pliers,9 in,TOOLS-Klein-D20009NECL
Klein Lineman Pliers,Klein,D2000-9NECR,Lineman Pliers,,TOOLS-Klein-D2000-9NECR
Klein Lineman Pliers,Klein,D20009NEGLW,Lineman Pliers,,TOOLS-Klein-D20009NEGLW
Klein Lineman Pliers,Klein,D2000-9NETP,Lineman Pliers,,TOOLS-Klein-D2000-9NETP
"Klein Needle Nose Pliers, 6 in",Klein,D203-6,Needle Nose Pliers,6 in,TOOLS-Klein-D203-6
"Klein Needle Nose Pliers, 7 in",Klein,D203-7,Needle Nose Pliers,7 in,TOOLS-Klein-D203-7
Klein Needle Nose Pliers,Klein,D203-8,Needle Nose Pliers,,TOOLS-Klein-D203-8
Klein Needle Nose Pliers,Klein,D203-8-GLW,Needle Nose Pliers,,TOOLS-Klein-D203-8-GLW
"Klein Needle Nose Pliers, 8 in",Klein,D203-8N,Needle Nose Pliers,8 in,TOOLS-Klein-D203-8N
"Klein Needle Nose Pliers, 8 in",Klein,D203-8NCR,Needle Nose Pliers,8 in,TOOLS-Klein-D203-8NCR
Klein Lineman Pliers,Klein,D213-8NE,Lineman Pliers,,TOOLS-Klein-D213-8NE
Klein Lineman Pliers,Klein,D213-9NE,Lineman Pliers,,TOOLS-Klein-D213-9NE
Klein Lineman Pliers,Klein,D213-9NE-CR,Lineman Pliers,,TOOLS-Klein-D213-9NE-CR
Klein Lineman Pliers,Klein,D213-9NE-INS,Lineman Pliers,,TOOLS-Klein-D213-9NE-INS
Klein Lineman Pliers,Klein,D213-9NETP,Lineman Pliers,,TOOLS-Klein-D213-9NETP
Klein Diagonal Cutting Pliers,Klein,D228-8,Diagonal Cutting Pliers,,TOOLS-Klein-D228-8
"Klein Diagonal Cutting Pliers, 8 in",Klein,D248-8,Diagonal Cutting Pliers,8 in,TOOLS-Klein-D248-8
Klein Diagonal Cutting Pliers,Klein,D248-8-GLW,Diagonal Cutting Pliers,,TOOLS-Klein-D248-8-GLW
Klein Diagonal Cutting Pliers,Klein,D257-4C,Diagonal Cutting Pliers,,TOOLS-Klein-D257-4C
Klein Tongue And Groove Pliers,Klein,D502-10,Tongue And Groove Pliers,,TOOLS-Klein-D502-10
"Klein Tongue And Groove Pliers, 12 in",Klein,D502-12,Tongue And Groove Pliers,12 in,TOOLS-Klein-D502-12
Klein Tongue And Groove Pliers,Klein,D502-12TT,Tongue And Groove Pliers,,TOOLS-Klein-D502-12TT
"Klein Tongue And Groove Pliers, 6 in",Klein,D502-16,Tongue And Groove Pliers,6 in,TOOLS-Klein-D502-16
Klein Tongue And Groove Pliers,Klein,D504-10,Tongue And Groove Pliers,,TOOLS-Klein-D504-10
"Klein Tongue And Groove Pliers, 10 in",Klein,D504-10B,Tongue And Groove Pliers,10 in,TOOLS-Klein-D504-10B
Klein Tongue And Groove Pliers,Klein,D504-12B,Tongue And Groove Pliers,,TOOLS-Klein-D504-12B
"Klein Tongue And Groove Pliers, 7 in",Klein,D504-7,Tongue And Groove Pliers,7 in,TOOLS-Klein-D504-7
"Klein Plier Wrench, 10 in",Klein,D53010,Plier Wrench,10 in,TOOLS-Klein-D53010
"Klein Electrical Tester, 600V",Klein,ET270,Electrical Tester,600V,TOOLS-Klein-ET270
Klein Circuit Breaker Finder,Klein,ET310,Circuit Breaker Finder,,TOOLS-Klein-ET310
"Klein Circuit Breaker Finder, 12v to 480v",Klein,ET450,Circuit Breaker Finder,12v to 480v,TOOLS-Klein-ET450
Klein Multimeter,Klein,ET600,Multimeter,,TOOLS-Klein-ET600
"Klein Hammer, 15 in",Klein,H80718,Hammer,15 in,TOOLS-Klein-H80718
Klein Lineman Pliers,Klein,HD2000-9NE,Lineman Pliers,,TOOLS-Klein-HD2000-9NE
"Klein Lineman Pliers, 9 in",Klein,HD213-9NE,Lineman Pliers,9 in,TOOLS-Klein-HD213-9NE
Klein Diagonal Cutting Pliers,Klein,J2000-48,Diagonal Cutting Pliers,,TOOLS-Klein-J2000-48
Klein Diagonal Cutting Pliers,Klein,J200059,Diagonal Cutting Pliers,,TOOLS-Klein-J200059
Klein Lineman Pliers,Klein,J2000-9NE,Lineman Pliers,,TOOLS-Klein-J2000-9NE
Klein Lineman Pliers,Klein,J2000-9NECR,Lineman Pliers,,TOOLS-Klein-J2000-9NECR
Klein Lineman Pliers,Klein,J2000-9NECRTP,Lineman Pliers,,TOOLS-Klein-J2000-9NECRTP
Klein Lineman Pliers,Klein,J2000-9NETP,Lineman Pliers,,TOOLS-Klein-J2000-9NETP
Klein Needle Nose Pliers,Klein,J203-8,Needle Nose Pliers,,TOOLS-Klein-J203-8
"Klein Needle Nose Pliers, 8 in",Klein,J203-8N,Needle Nose Pliers,8 in,TOOLS-Klein-J203-8N
Klein Multi-Purpose Pliers,Klein,J206-8C,Multi-Purpose Pliers,,TOOLS-Klein-J206-8C
"Klein Multi-Purpose Pliers, 8-1/2 in",Klein,J207-8CR,Multi-Purpose Pliers,8-1/2 in,TOOLS-Klein-J207-8CR
Klein Lineman Pliers,Klein,J213-9NE,Lineman Pliers,,TOOLS-Klein-J213-9NE
Klein Lineman Pliers,Klein,J213-9NECR,Lineman Pliers,,TOOLS-Klein-J213-9NECR
Klein Lineman Pliers,Klein,J2139NECRN,Lineman Pliers,,TOOLS-Klein-J2139NECRN
Klein Diagonal Cutting Pliers,Klein,J228-8,Diagonal Cutting Pliers,,TOOLS-Klein-J228-8
"Klein Diagonal Cutting Pliers, 8 in",Klein,J248 -8,Diagonal Cutting Pliers,8 in,TOOLS-Klein-J248--8
"Klein Diagonal Cutting Pliers, 8 in",Klein,J248-8,Diagonal Cutting Pliers,8 in,TOOLS-Klein-J248-8
"Klein Tongue And Groove Pliers, 10 in",Klein,J502-10,Tongue And Groove Pliers,10 in,TOOLS-Klein-J502-10
"Klein Cable Cutter, 4/0 AWG",Klein,J63050,Cable Cutter,4/0 AWG,TOOLS-Klein-J63050
"Klein Hex Key Set, 10 piece",Klein,JTH610E,Hex Key Set,10 piece,TOOLS-Klein-JTH610E
"Klein Hex Key, 3/8 in",Klein,JTH6E15BE,Hex Key,3/8 in,TOOLS-Klein-JTH6E15BE
Klein Hex Key Set,Klein,JTH910E,Hex Key Set,,TOOLS-Klein-JTH910E
Klein Hex Key,Klein,JTH9E14,Hex Key,,TOOLS-Klein-JTH9E14
Klein Wire Stripper,Klein,K11095,Wire Stripper,,TOOLS-Klein-K11095
"Klein Wire Stripper, 8-20 AWG",Klein,K12035,Wire Stripper,8-20 AWG,TOOLS-Klein-K12035
Klein Wire Stripper,Klein,K12054,Wire Stripper,,TOOLS-Klein-K12054
"Klein Multi-Purpose Pliers, 8 in",Klein,K12065CR,Multi-Purpose Pliers,8 in,TOOLS-Klein-K12065CR
"Klein Screwdriver, phillips: 1/2 in",Klein,K14,Screwdriver,phillips: 1/2 in,TOOLS-Klein-K14
Klein Wire Stripper,Klein,K1412,Wire Stripper,,TOOLS-Klein-K1412
"Klein Screwdriver, flat: 3/16 in",Klein,K23,Screwdriver,flat: 3/16 in,TOOLS-Klein-K23
Klein Power Bank,Klein,KTB1,Power Bank,,TOOLS-Klein-KTB1
Klein Tool Battery,Klein,KTB2,Tool Battery,,TOOLS-Klein-KTB2
"Klein Step Drill Bit, 7/8-1-1/8 in",Klein,KTSB11,Step Drill Bit,7/8-1-1/8 in,TOOLS-Klein-KTSB11
"Klein Step Drill Bit, 7/8-1-3/8 in",Klein,KTSB15,Step Drill Bit,7/8-1-3/8 in,TOOLS-Klein-KTSB15
Klein Magnetizer/Demagnetizer,Klein,MAG2,Magnetizer/Demagnetizer,,TOOLS-Klein-MAG2
"Klein Multimeter, 1000V",Klein,MM450,Multimeter,1000V,TOOLS-Klein-MM450
Klein Voltage Tester,Klein,NCVT-1,Voltage Tester,,TOOLS-Klein-NCVT-1
"Klein Voltage Tester, 12 to 1000 v",Klein,NCVT2P,Voltage Tester,12 to 1000 v,TOOLS-Klein-NCVT2P
Klein Voltage Tester Kit,Klein,NCVT2PKIT,Voltage Tester Kit,,TOOLS-Klein-NCVT2PKIT
Klein Voltage Tester,Klein,NCVT3P,Voltage Tester,,TOOLS-Klein-NCVT3P
Klein Voltage Tester,Klein,NCVT-4IR,Voltage Tester,,TOOLS-Klein-NCVT-4IR
Klein Voltage Tester,Klein,NCVT5KIT,Voltage Tester,,TOOLS-Klein-NCVT5KIT
"Klein Jobsite Fan, Rechargable",Klein,PJSFM1,Jobsite Fan,Rechargable,TOOLS-Klein-PJSFM1
"Klein Nut Driver Bit, 1/2 in",Klein,PND125,Nut Driver Bit,1/2 in,TOOLS-Klein-PND125
"Klein Nut Driver, 9/16 x 5 in",Klein,PND9165,Nut Driver,9/16 x 5 in,TOOLS-Klein-PND9165
"Klein Step Drill Bit Set, 3 pieces",Klein,QRST3PC,Step Drill Bit Set,3 pieces,TOOLS-Klein-QRST3PC
"Klein Outlet Tester, 110 to 125 v",Klein,RT210,Outlet Tester,110 to 125 v,TOOLS-Klein-RT210
Klein Voltage Tester,Klein,RT250,Voltage Tester,,TOOLS-Klein-RT250
"Klein Pull Line, 20 ft",Klein,SRS56037,Pull Line,20 ft,TOOLS-Klein-SRS56037
Klein Fish Rod Set,Klein,SRS56980,Fish Rod Set,,TOOLS-Klein-SRS56980
Klein Fish Rod Set,Klein,SRS56981,Fish Rod Set,,TOOLS-Klein-SRS56981
Klein Thermal Imager,Klein,TI250,Thermal Imager,,TOOLS-Klein-TI250
"Klein Crimp Tool, CAT5E",Klein,VDV226-005,Crimp Tool,CAT5E,TOOLS-Klein-VDV226-005
"Knipex Tongue And Groove Pliers, 3 piece",Knipex,00 20 06 US1,Tongue And Groove Pliers,3 piece,TOOLS-Knipex-00-20-06-US1
"Knipex Lineman Pliers, 9 in",Knipex,09 01 240 SBA,Lineman Pliers,9 in,TOOLS-Knipex-09-01-240-SBA
"Knipex Lineman Pliers, 9-1/4 in",Knipex,09 12 240,Lineman Pliers,9-1/4 in,TOOLS-Knipex-09-12-240
"Knipex Wire Stripper, 20 AWG to 10 AWG",Knipex,13 72 8,Wire Stripper,20 AWG to 10 AWG,TOOLS-Knipex-13-72-8
"Knipex Multi-Purpose Pliers, 8 in",Knipex,13 82 8,Multi-Purpose Pliers,8 in,TOOLS-Knipex-13-82-8
Knipex Wire Stripper,Knipex,13-72-8-SBA,Wire Stripper,,TOOLS-Knipex-13-72-8-SBA
"Knipex Needle Nose Pliers, 8 in",Knipex,26 12 200,Needle Nose Pliers,8 in,TOOLS-Knipex-26-12-200
"Knipex Needle Nose Pliers, 8 in",Knipex,26 12 200 SBA,Needle Nose Pliers,8 in,TOOLS-Knipex-26-12-200-SBA
Knipex Diagonal Cutting Pliers,Knipex,74 21 250 SBA,Diagonal Cutting Pliers,,TOOLS-Knipex-74-21-250-SBA
"Knipex Tongue And Groove Pliers, 7-1/4 in",Knipex,86 03 180 SBA,Tongue And Groove Pliers,7-1/4 in,TOOLS-Knipex-86-03-180-SBA
"Knipex Tongue And Groove Pliers, 10 in",Knipex,86 03 250 SBA,Tongue And Groove Pliers,10 in,TOOLS-Knipex-86-03-250-SBA
"Knipex Tongue And Groove Pliers, 12 in",Knipex,87 01 300,Tongue And Groove Pliers,12 in,TOOLS-Knipex-87-01-300
Knipex Tongue And Groove Pliers,Knipex,87 01 300 SBA,Tongue And Groove Pliers,,TOOLS-Knipex-87-01-300-SBA
"Knipex Tongue And Groove Pliers, 10 in",Knipex,87 02 250 SBA,Tongue And Groove Pliers,10 in,TOOLS-Knipex-87-02-250-SBA
"Knipex Utility Knife, 6 in",Knipex,98 55 SB,Utility Knife,6 in,TOOLS-Knipex-98-55-SB
"Lenox Hole Saw, 1/2 in",Lenox,1779772,Hole Saw,1/2 in,TOOLS-Lenox-1779772
"Lenox Hole Saw, 1/2 in",Lenox,1779774,Hole Saw,1/2 in,TOOLS-Lenox-1779774
"Lenox Hole Saw, 1-1/4 to 6 in",Lenox,1779802,Hole Saw,1-1/4 to 6 in,TOOLS-Lenox-1779802
"Lenox Pilot Bit, 3-1/4 in",Lenox,1779810,Pilot Bit,3-1/4 in,TOOLS-Lenox-1779810
"Lenox Aviation Snips, 22 ga",Lenox,22103103,Aviation Snips,22 ga,TOOLS-Lenox-22103103
"Lenox Hole Saw, 3/8 in",Lenox,1779669,Hole Saw,3/8 in,TOOLS-Lenox-1779669
"Lenox Hole Saw, 3-1/2 in",Lenox,1779670,Hole Saw,3-1/2 in,TOOLS-Lenox-1779670
"Lenox Pilot Bit, 4-1/4 in",Lenox,1779771,Pilot Bit,4-1/4 in,TOOLS-Lenox-1779771
"Lenox Hole Saw, 1-1/4 in to 6 in",Lenox,1779772,Hole Saw,1-1/4 in to 6 in,TOOLS-Lenox-1779772
"Lenox Hole Saw, 1/2 in",Lenox,1779774,Hole Saw,1/2 in,TOOLS-Lenox-1779774
"Lenox Hole Saw, 1-1/4-6 in",Lenox,1779801,Hole Saw,1-1/4-6 in,TOOLS-Lenox-1779801
"Lenox Hole Saw, 1-1/4 in to 6 in",Lenox,1779802,Hole Saw,1-1/4 in to 6 in,TOOLS-Lenox-1779802
"Lenox Hole Saw, 9/16-1-3/16 in",Lenox,1779803,Hole Saw,9/16-1-3/16 in,TOOLS-Lenox-1779803
"Lenox Carbide Hole Cutter, 1-1/8 in",Lenox,2009618CHC,Carbide Hole Cutter,1-1/8 in,TOOLS-Lenox-2009618CHC
"Lenox Carbide Hole Cutter, 1-3/4 in",Lenox,2010328CHC,Carbide Hole Cutter,1-3/4 in,TOOLS-Lenox-2010328CHC
"Lenox Hacksaw Blade, 12 in x 24 tpi",Lenox,20155S224HE,Hacksaw Blade,12 in x 24 tpi,TOOLS-Lenox-20155S224HE
"Lenox Reciprocating Saw Blade, 9 in x 18 tpi",Lenox,201809118R,Reciprocating Saw Blade,9 in x 18 tpi,TOOLS-Lenox-201809118R
"Lenox Utility Knife Blade, 5 blades",Lenox,20350GOLD5C,Utility Knife Blade,5 blades,TOOLS-Lenox-20350GOLD5C
"Lenox Utility Knife Blade, 50 blades",Lenox,20351GOLD50D,Utility Knife Blade,50 blades,TOOLS-Lenox-20351GOLD50D
"Lenox Utility Knife Blade, 100 blades",Lenox,20352GOLD100D,Utility Knife Blade,100 blades,TOOLS-Lenox-20352GOLD100D
"Lenox Reciprocating Saw Blade, 6 in x 14 tpi",Lenox,20564614R,Reciprocating Saw Blade,6 in x 14 tpi,TOOLS-Lenox-20564614R
"Lenox Reciprocating Saw Blade, 6 in",Lenox,20566618R,Reciprocating Saw Blade,6 in,TOOLS-Lenox-20566618R
"Lenox Reciprocating Saw Blade, 6 in",Lenox,20568624R,Reciprocating Saw Blade,6 in,TOOLS-Lenox-20568624R
"Lenox Reciprocating Saw Blade, 6 in",Lenox,20572656R,Reciprocating Saw Blade,6 in,TOOLS-Lenox-20572656R
"Lenox Reciprocating Saw Blade, 8 in x 18 tpi",Lenox,20578818R,Reciprocating Saw Blade,8 in x 18 tpi,TOOLS-Lenox-20578818R
"Lenox Reciprocating Saw Blade, 8 in",Lenox,20579824R,Reciprocating Saw Blade,8 in,TOOLS-Lenox-20579824R
"Lenox Reciprocating Saw Blade, 8 in",Lenox,20580810R,Reciprocating Saw Blade,8 in,TOOLS-Lenox-20580810R
"Lenox Reciprocating Saw Blade, 9 in",Lenox,20582956R,Reciprocating Saw Blade,9 in,TOOLS-Lenox-20582956R
Lenox Tube Cutter,Lenox,21011TC138,Tube Cutter,,TOOLS-Lenox-21011TC138
"Lenox Reciprocating Saw Blade, 6 in x 18 tpi",Lenox,21069618GR,Reciprocating Saw Blade,6 in x 18 tpi,TOOLS-Lenox-21069618GR
"Lenox Reciprocating Saw Blade, 8 in",Lenox,21070818GR,Reciprocating Saw Blade,8 in,TOOLS-Lenox-21070818GR
"Lenox Reciprocating Saw Blade, 24t",Lenox,21072624GR,Reciprocating Saw Blade,24t,TOOLS-Lenox-21072624GR
"Lenox Hole Saw, 4 in",Lenox,2996464CG,Hole Saw,4 in,TOOLS-Lenox-2996464CG
"Lenox Hole Saw, 7/8 in",Lenox,3001414L,Hole Saw,7/8 in,TOOLS-Lenox-3001414L
"Lenox Hole Saw, 1-1/8 in",Lenox,3001818L,Hole Saw,1-1/8 in,TOOLS-Lenox-3001818L
"Lenox Hole Saw, 1-1/4 in",Lenox,3002020L,Hole Saw,1-1/4 in,TOOLS-Lenox-3002020L
"Lenox Hole Saw, 1-3/8 in",Lenox,3002222L,Hole Saw,1-3/8 in,TOOLS-Lenox-3002222L
"Lenox Hole Saw, 1-1/2 in",Lenox,3002424L,Hole Saw,1-1/2 in,TOOLS-Lenox-3002424L
"Lenox Hole Saw, 1-3/4 in",Lenox,3002828L,Hole Saw,1-3/4 in,TOOLS-Lenox-3002828L
"Lenox Hole Saw, 1-7/8 in",Lenox,3003030L,Hole Saw,1-7/8 in,TOOLS-Lenox-3003030L
"Lenox Hole Saw, 2 in",Lenox,3003232L,Hole Saw,2 in,TOOLS-Lenox-3003232L
"Lenox Hole Saw, 2-1/8 in",Lenox,3003434L,Hole Saw,2-1/8 in,TOOLS-Lenox-3003434L
"Lenox Hole Saw, 2-1/4 in",Lenox,3003636L,Hole Saw,2-1/4 in,TOOLS-Lenox-3003636L
"Lenox Hole Saw, 2-1/2 in",Lenox,3004040L,Hole Saw,2-1/2 in,TOOLS-Lenox-3004040L
"Lenox Bit Holder/Extender, 12 in",Lenox,3084712X,Bit Holder/Extender,12 in,TOOLS-Lenox-3084712X
"Lenox Hole Saw Set, 9 piece",Lenox,30856C600L,Hole Saw Set,9 piece,TOOLS-Lenox-30856C600L
"Lenox Step Drill Bit, 1/2-1 in",Lenox,30882VB2,Step Drill Bit,1/2-1 in,TOOLS-Lenox-30882VB2
"Lenox Step Drill Bit, 7/8 in to 1-3/8 in",Lenox,30912VB12,Step Drill Bit,7/8 in to 1-3/8 in,TOOLS-Lenox-30912VB12
"Lenox Band Saw Blade, 14/18tpi",Lenox,8011238EW1418,Band Saw Blade,14/18tpi,TOOLS-Lenox-8011238EW1418
"Lenox Band Saw Blade, 24tpi",Lenox,8011738EW24,Band Saw Blade,24tpi,TOOLS-Lenox-8011738EW24
"Lenox Hole Saw, 1-1/8 in",Lenox,LENOX 18L,Hole Saw,1-1/8 in,TOOLS-Lenox-LENOX-18L
"Lenox Hole Saw, 2 in",Lenox,LENOX 32L,Hole Saw,2 in,TOOLS-Lenox-LENOX-32L
"Lenox Hole Saw, 1-1/8 in",Lenox,"LNX 1-1/8"" ARBORED",Hole Saw,1-1/8 in,"TOOLS-Lenox-LNX-1-1/8""-ARBORED"
"Lenox Hole Saw, 1-1/8 in",Lenox,"LNX 1-1/8"" NA HLE SW",Hole Saw,1-1/8 in,"TOOLS-Lenox-LNX-1-1/8""-NA-HLE-SW"
Lenox  Pipe Cutter Blade,Lenox ,21193TCW158SS2,Pipe Cutter Blade,,TOOLS-Lenox -21193TCW158SS2
"LH Dottie Tie-Down Strap, 4 ft",LH Dottie,2WS04,Tie-Down Strap,4 ft,TOOLS-LH-Dottie-2WS04
"LH Dottie Tie-Down Strap, 8 ft",LH Dottie,2WS08,Tie-Down Strap,8 ft,TOOLS-LH-Dottie-2WS08
"LH Dottie Tie-Down Strap, 10ft",LH Dottie,2WS10,Tie-Down Strap,10ft,TOOLS-LH-Dottie-2WS10
"LH Dottie Pull Rope, 2-ply",LH Dottie,6502PZ,Pull Rope,2-ply,TOOLS-LH-Dottie-6502PZ
"LH Dottie Bell Hanger Bit, 1/4 in x 18 in",LH Dottie,BLH1418,Bell Hanger Bit,1/4 in x 18 in,TOOLS-LH-Dottie-BLH1418
"LH Dottie Caulk Gun, 10 oz",LH Dottie,CG10,Caulk Gun,10 oz,TOOLS-LH-Dottie-CG10
"LH Dottie Caulk Gun, 10 oz",LH Dottie,CGS10P,Caulk Gun,10 oz,TOOLS-LH-Dottie-CGS10P
"LH Dottie Wire Spool Holder, 8 spools",LH Dottie,DD205HT,Wire Spool Holder,8 spools,TOOLS-LH-Dottie-DD205HT
"LH Dottie Pull Line, 1500 ft",LH Dottie,DWP1500,Pull Line,1500 ft,TOOLS-LH-Dottie-DWP1500
"Lh Dottie Split Point Drill Bit, 5/32 in",Lh Dottie,HS10C,Split Point Drill Bit,5/32 in,TOOLS-Lh-Dottie-HS10C
"LH Dottie Split Point Drill Bit, 3/16 in x 3-1/2 in",LH Dottie,HS12,Split Point Drill Bit,3/16 in x 3-1/2 in,TOOLS-LH-Dottie-HS12
"LH Dottie Split Point Drill Bit, 3/16 in x 3-1/2 in",LH Dottie,HS12C,Split Point Drill Bit,3/16 in x 3-1/2 in,TOOLS-LH-Dottie-HS12C
"LH Dottie Split Point Drill Bit, 7/32 in x 3-3/4 in",LH Dottie,HS14C,Split Point Drill Bit,7/32 in x 3-3/4 in,TOOLS-LH-Dottie-HS14C
"LH Dottie Split Point Drill Bit, 1/4 in x 4 in",LH Dottie,HS16C,Split Point Drill Bit,1/4 in x 4 in,TOOLS-LH-Dottie-HS16C
"LH Dottie Drill Bit, 1/2 in",LH Dottie,HS32,Drill Bit,1/2 in,TOOLS-LH-Dottie-HS32
"Lh Dottie Split Point Drill Bit, 1/8 in",Lh Dottie,HS8,Split Point Drill Bit,1/8 in,TOOLS-Lh-Dottie-HS8
"LH Dottie Screwdriver Bit, #2 Square",LH Dottie,IB26C,Screwdriver Bit,#2 Square,TOOLS-LH-Dottie-IB26C
"LH Dottie Screwdriver Bit, #2 Phillips",LH Dottie,IB2PL,Screwdriver Bit,#2 Phillips,TOOLS-LH-Dottie-IB2PL
"Lh Dottie Bit Holder/Extender, 1/4x3 in",Lh Dottie,MBH,Bit Holder/Extender,1/4x3 in,TOOLS-Lh-Dottie-MBH
"Lh Dottie Masonry Drill Bit, 1/4x4 in",Lh Dottie,MD2,Masonry Drill Bit,1/4x4 in,TOOLS-Lh-Dottie-MD2
"Lh Dottie Masonry Drill Bit, 1/4x6 in",Lh Dottie,MD2L,Masonry Drill Bit,1/4x6 in,TOOLS-Lh-Dottie-MD2L
"LH Dottie Masonry Drill Bit, 1/4 in x 12 in",LH Dottie,MD2XL,Masonry Drill Bit,1/4 in x 12 in,TOOLS-LH-Dottie-MD2XL
"Lh Dottie Masonry Drill Bit, 1/2 x 6 in",Lh Dottie,MD6L,Masonry Drill Bit,1/2 x 6 in,TOOLS-Lh-Dottie-MD6L
"LH Dottie Bit Holder/Extender, 8 bits",LH Dottie,MDSG,Bit Holder/Extender,8 bits,TOOLS-LH-Dottie-MDSG
"LH Dottie Nut Driver Bit, 5/16 in",LH Dottie,MT10LC,Nut Driver Bit,5/16 in,TOOLS-LH-Dottie-MT10LC
"LH Dottie Extension Cord, 100 ft",LH Dottie,PEC123100,Extension Cord,100 ft,TOOLS-LH-Dottie-PEC123100
"LH Dottie Reciprocating Saw Blade, 6 in",LH Dottie,R614B7,Reciprocating Saw Blade,6 in,TOOLS-LH-Dottie-R614B7
"LH Dottie Reciprocating Saw Blade, 6 in x 18 tpi",LH Dottie,R618B7,Reciprocating Saw Blade,6 in x 18 tpi,TOOLS-LH-Dottie-R618B7
"LH Dottie Reciprocating Saw Blade, 6 in",LH Dottie,R624B7,Reciprocating Saw Blade,6 in,TOOLS-LH-Dottie-R624B7
"LH Dottie Reciprocating Saw Blade, 8 in x 14 tpi",LH Dottie,R814B7,Reciprocating Saw Blade,8 in x 14 tpi,TOOLS-LH-Dottie-R814B7
"Lh Dottie Rotary Hammer Drill Bit, 1/4x14 in",Lh Dottie,SDS1414,Rotary Hammer Drill Bit,1/4x14 in,TOOLS-Lh-Dottie-SDS1414
Lh Dottie Rotary Hammer,Lh Dottie,SDS14412,Rotary Hammer,,TOOLS-Lh-Dottie-SDS14412
"LH Dottie Rotary Hammer Drill Bit, 1/4 in x 6-1/4 in",LH Dottie,SDS14614,Rotary Hammer Drill Bit,1/4 in x 6-1/4 in,TOOLS-LH-Dottie-SDS14614
"Lh Dottie Rotary Hammer Drill Bit, 3/16x4-1/2 in",Lh Dottie,SDS36412,Rotary Hammer Drill Bit,3/16x4-1/2 in,TOOLS-Lh-Dottie-SDS36412
"Lh Dottie Rotary Hammer Drill Bit, 3/16x6-1/4 in",Lh Dottie,SDS36614,Rotary Hammer Drill Bit,3/16x6-1/4 in,TOOLS-Lh-Dottie-SDS36614
"Lh Dottie Rotary Hammer Drill Bit, 7/32x6-1/4 in",Lh Dottie,SDS732614,Rotary Hammer Drill Bit,7/32x6-1/4 in,TOOLS-Lh-Dottie-SDS732614
"LH Dottie Socket Adapter Bit, 3/8 in",LH Dottie,SHA383,Socket Adapter Bit,3/8 in,TOOLS-LH-Dottie-SHA383
Lh Dottie Shovel,Lh Dottie,SHR,Shovel,,TOOLS-Lh-Dottie-SHR
Lh Dottie Shovel,Lh Dottie,SHTR4,Shovel,,TOOLS-Lh-Dottie-SHTR4
"Lh Dottie Spade Bit, 1x6 in",Lh Dottie,SPD1,Spade Bit,1x6 in,TOOLS-Lh-Dottie-SPD1
"LH Dottie Spade Bit, 1-1/2 in x 6 in",LH Dottie,SPD112,Spade Bit,1-1/2 in x 6 in,TOOLS-LH-Dottie-SPD112
"LH Dottie Spade Bit, 1-1/4 in x 6 in",LH Dottie,SPD114,Spade Bit,1-1/4 in x 6 in,TOOLS-LH-Dottie-SPD114
"LH Dottie Spade Bit, 1-1/8 in x 6 in",LH Dottie,SPD118,Spade Bit,1-1/8 in x 6 in,TOOLS-LH-Dottie-SPD118
"LH Dottie Spade Bit, 1-3/8 in x 6 in",LH Dottie,SPD138,Spade Bit,1-3/8 in x 6 in,TOOLS-LH-Dottie-SPD138
"Lh Dottie Spade Bit, 3/4x6 in",Lh Dottie,SPD34,Spade Bit,3/4x6 in,TOOLS-Lh-Dottie-SPD34
"Lh Dottie Spade Bit, 7/8x6 in",Lh Dottie,SPD78,Spade Bit,7/8x6 in,TOOLS-Lh-Dottie-SPD78
"LH Dottie Hole Saw, unknown",LH Dottie,V34,Hole Saw,unknown,TOOLS-LH-Dottie-V34
"LH Dottie Hole Saw Set, 6 bits: 7/8 in to 2-1/2 in",LH Dottie,VP02E,Hole Saw Set,6 bits: 7/8 in to 2-1/2 in,TOOLS-LH-Dottie-VP02E
"LH Dottie Hole Saw, 1-1/8 in",LH Dottie,VP18,Hole Saw,1-1/8 in,TOOLS-LH-Dottie-VP18
"LH Dottie Pilot Bit, 1/4 in x 3-1/16 in",LH Dottie,VPD4S,Pilot Bit,1/4 in x 3-1/16 in,TOOLS-LH-Dottie-VPD4S
"Lift-All Ratchet, 2 pk",Lift-All,60203,Ratchet,2 pk,TOOLS-Lift-All-60203
Little Giant Ladder,Little Giant,17228,Ladder,,TOOLS-Little-Giant-17228
"Little Giant Ladder, 6 ft",Little Giant,13610-071,Ladder,6 ft,TOOLS-Little-Giant-13610-071
Little Giant Ladder,Little Giant,13814-071,Ladder,,TOOLS-Little-Giant-13814-071
Louisville Ladder Ladder,Louisville Ladder,FE3216,Ladder,,TOOLS-Louisville-Ladder-FE3216
Louisville Ladder Ladder,Louisville Ladder,FE3220,Ladder,,TOOLS-Louisville-Ladder-FE3220
Louisville Ladder Ladder,Louisville Ladder,FE3224,Ladder,,TOOLS-Louisville-Ladder-FE3224
Louisville Ladder Ladder,Louisville Ladder,FE3228,Ladder,,TOOLS-Louisville-Ladder-FE3228
Louisville Ladder Ladder,Louisville Ladder,FE3232,Ladder,,TOOLS-Louisville-Ladder-FE3232
Louisville Ladder Ladder,Louisville Ladder,FE3240,Ladder,,TOOLS-Louisville-Ladder-FE3240
"Louisville Ladder Ladder, 2 ft",Louisville Ladder,FS1502,Ladder,2 ft,TOOLS-Louisville-Ladder-FS1502
"Louisville Ladder Ladder, 4 ft",Louisville Ladder,FS1504,Ladder,4 ft,TOOLS-Louisville-Ladder-FS1504
Louisville Ladder Ladder,Louisville Ladder,FS1510,Ladder,,TOOLS-Louisville-Ladder-FS1510
"Louisville Ladder Ladder, 4 ft",Louisville Ladder,FXS1504,Ladder,4 ft,TOOLS-Louisville-Ladder-FXS1504
"M.K. Morse Hole Saw, 9/16 in to 1-3/16 in",M.K. Morse,355-602,Hole Saw,9/16 in to 1-3/16 in,TOOLS-M.K.-Morse-355-602
"M.K. Morse Hole Saw, 1-1/4 in to 6 in",M.K. Morse,355-603,Hole Saw,1-1/4 in to 6 in,TOOLS-M.K.-Morse-355-603
"M.K. Morse Hole Saw, 1-1/4 in to 6 in",M.K. Morse,355-608,Hole Saw,1-1/4 in to 6 in,TOOLS-M.K.-Morse-355-608
Madison Wire Spool Holder,Madison,MH8010,Wire Spool Holder,,TOOLS-Madison-MH8010
Madison Wire Spool Holder,Madison,MH8110,Wire Spool Holder,,TOOLS-Madison-MH8110
Madison Wire Spool Holder,Madison,MH8210,Wire Spool Holder,,TOOLS-Madison-MH8210
"Madison Fish Rod Set, 52 ft",Madison,MSRMX,Fish Rod Set,52 ft,TOOLS-Madison-MSRMX
"Malco Nut Driver Bit, 3/8 in x 6 in",Malco,MSHXL38,Nut Driver Bit,3/8 in x 6 in,TOOLS-Malco-MSHXL38
Malco Nut Driver,Malco,MSHXL516,Nut Driver,,TOOLS-Malco-MSHXL516
"Markal Hole Saw, 2-1/2 in",Markal,624.4016,Hole Saw,2-1/2 in,TOOLS-Markal-624.4016
"Milwaukee Headlamp, 350 lumens",Milwaukee,2103,Headlamp,350 lumens,TOOLS-Milwaukee-2103
Milwaukee Headlamp,Milwaukee,2104,Headlamp,,TOOLS-Milwaukee-2104
"Milwaukee Reciprocating Saw Blade, 8 in x 8/12 tpi",Milwaukee,48005093,Reciprocating Saw Blade,8 in x 8/12 tpi,TOOLS-Milwaukee-48005093
"Milwaukee Reciprocating Saw Blade, 6 in x 24 tpi",Milwaukee,48005186,Reciprocating Saw Blade,6 in x 24 tpi,TOOLS-Milwaukee-48005186
"Milwaukee Rotary Hammer Drill Bit, 3/16 in x 7 in",Milwaukee,48207092,Rotary Hammer Drill Bit,3/16 in x 7 in,TOOLS-Milwaukee-48207092
"Milwaukee Rotary Hammer Drill Bit, 3/16 in x 6 in",Milwaukee,48209006,Rotary Hammer Drill Bit,3/16 in x 6 in,TOOLS-Milwaukee-48209006
"Milwaukee Drill/Driver Bit Set, 5 pieces",Milwaukee,48324602,Drill/Driver Bit Set,5 pieces,TOOLS-Milwaukee-48324602
"Milwaukee Multi-Tool Blade Set, 6 blades: 1-3/8 in to 2-1/2 in",Milwaukee,49109001,Multi-Tool Blade Set,6 blades: 1-3/8 in to 2-1/2 in,TOOLS-Milwaukee-49109001
"Milwaukee Nut Driver Bit Set, 4 pieces:1/4 in to 7/16 in",Milwaukee,49664562,Nut Driver Bit Set,4 pieces:1/4 in to 7/16 in,TOOLS-Milwaukee-49664562
Milwaukee Pump Bearing,Milwaukee,02-50-0200,Pump Bearing,,TOOLS-Milwaukee-02-50-0200
Milwaukee Needle Bearing,Milwaukee,02-50-3245,Needle Bearing,,TOOLS-Milwaukee-02-50-3245
Milwaukee Spindle Bearing,Milwaukee,02-80-0210,Spindle Bearing,,TOOLS-Milwaukee-02-80-0210
Milwaukee Work Light,Milwaukee,06-65-2995,Work Light,,TOOLS-Milwaukee-06-65-2995
Milwaukee Orbit Control Pin,Milwaukee,06-65-3005,Orbit Control Pin,,TOOLS-Milwaukee-06-65-3005
Milwaukee Vacuum,Milwaukee,0880-20,Vacuum,,TOOLS-Milwaukee-0880-20
Milwaukee Vacuum,Milwaukee,0882-20,Vacuum,,TOOLS-Milwaukee-0882-20
"Milwaukee Leaf Blower, 18v",Milwaukee,0884-20,Leaf Blower,18v,TOOLS-Milwaukee-0884-20
"Milwaukee Jobsite Fan, 18V",Milwaukee,0886-20,Jobsite Fan,18V,TOOLS-Milwaukee-0886-20
"Milwaukee Vacuum, 2-1/2 gal",Milwaukee,0970-20,Vacuum,2-1/2 gal,TOOLS-Milwaukee-0970-20
Milwaukee Corded Drill,Milwaukee,1630-1,Corded Drill,,TOOLS-Milwaukee-1630-1
Milwaukee Headlamp,Milwaukee,2004HZL,Headlamp,,TOOLS-Milwaukee-2004HZL
"Milwaukee Headlamp, 450 lumens",Milwaukee,2012R,Headlamp,450 lumens,TOOLS-Milwaukee-2012R
"Milwaukee Headlamp, 350 lumens",Milwaukee,2103,Headlamp,350 lumens,TOOLS-Milwaukee-2103
"Milwaukee Flashlight, 100 lumens",Milwaukee,2105,Flashlight,100 lumens,TOOLS-Milwaukee-2105
"Milwaukee Flashlight, 225 lumens",Milwaukee,2107,Flashlight,225 lumens,TOOLS-Milwaukee-2107
Milwaukee Work Light,Milwaukee,2108,Work Light,,TOOLS-Milwaukee-2108
Milwaukee Headlamp,Milwaukee,2111-21,Headlamp,,TOOLS-Milwaukee-2111-21
Milwaukee Headlamp,Milwaukee,2111-21 PROMO,Headlamp,,TOOLS-Milwaukee-2111-21-PROMO
"Milwaukee Flashlight, 500 lumens",Milwaukee,2113-21,Flashlight,500 lumens,TOOLS-Milwaukee-2113-21
"Milwaukee Work Light, 550 lm",Milwaukee,2114-21,Work Light,550 lm,TOOLS-Milwaukee-2114-21
"Milwaukee Headlamp, 600 lumens",Milwaukee,2115-21,Headlamp,600 lumens,TOOLS-Milwaukee-2115-21
"Milwaukee Headlamp, 600 lumens",Milwaukee,2116-21,Headlamp,600 lumens,TOOLS-Milwaukee-2116-21
"Milwaukee Headlamp, 601 lumens",Milwaukee,2118-21,Headlamp,601 lumens,TOOLS-Milwaukee-2118-21
"Milwaukee Work Light, 2500 lm",Milwaukee,2131-20,Work Light,2500 lm,TOOLS-Milwaukee-2131-20
Milwaukee Work Light,Milwaukee,2144-20,Work Light,,TOOLS-Milwaukee-2144-20
"Milwaukee Flashlight, 1100 lumens",Milwaukee,2161-21,Flashlight,1100 lumens,TOOLS-Milwaukee-2161-21
"Milwaukee Headlamp, 600 lumens",Milwaukee,2163-21,Headlamp,600 lumens,TOOLS-Milwaukee-2163-21
Milwaukee Voltage Tester,Milwaukee,2202-20,Voltage Tester,,TOOLS-Milwaukee-2202-20
Milwaukee Voltage Tester,Milwaukee,2203-20,Voltage Tester,,TOOLS-Milwaukee-2203-20
"Milwaukee Thermal Imager, 7854 px",Milwaukee,2258-21,Thermal Imager,7854 px,TOOLS-Milwaukee-2258-21
Milwaukee Work Light,Milwaukee,2354-20,Work Light,,TOOLS-Milwaukee-2354-20
"Milwaukee Work Light, 3000 lm",Milwaukee,2357-20,Work Light,3000 lm,TOOLS-Milwaukee-2357-20
"Milwaukee Work Light, 1500 lumens",Milwaukee,2361-20,Work Light,1500 lumens,TOOLS-Milwaukee-2361-20
"Milwaukee Work Light, 400 lumens",Milwaukee,2362-20,Work Light,400 lumens,TOOLS-Milwaukee-2362-20
"Milwaukee Work Light, 700 lm",Milwaukee,2363-20,Work Light,700 lm,TOOLS-Milwaukee-2363-20
Milwaukee Work Light,Milwaukee,2364-20,Work Light,,TOOLS-Milwaukee-2364-20
Milwaukee Work Light,Milwaukee,2365-20,Work Light,,TOOLS-Milwaukee-2365-20
Milwaukee Work Light,Milwaukee,2366-20,Work Light,,TOOLS-Milwaukee-2366-20
Milwaukee Band Saw,Milwaukee,2429-20,Band Saw,,TOOLS-Milwaukee-2429-20
"Milwaukee Band Saw, 12V",Milwaukee,2429-21XC,Band Saw,12V,TOOLS-Milwaukee-2429-21XC
Milwaukee Caulk Gun,Milwaukee,2441-20,Caulk Gun,,TOOLS-Milwaukee-2441-20
Milwaukee Caulk Gun,Milwaukee,2441-21,Caulk Gun,,TOOLS-Milwaukee-2441-21
"Milwaukee Cable Stapler, 14 AWG to 10 AWG",Milwaukee,2448-20,Cable Stapler,14 AWG to 10 AWG,TOOLS-Milwaukee-2448-20
"Milwaukee Cable Stapler, 12V",Milwaukee,2448-21,Cable Stapler,12V,TOOLS-Milwaukee-2448-21
"Milwaukee Impact Driver, 12V",Milwaukee,2505-20,Impact Driver,12V,TOOLS-Milwaukee-2505-20
"Milwaukee Multi-Tool, 12V",Milwaukee,2526-20,Multi-Tool,12V,TOOLS-Milwaukee-2526-20
"Milwaukee Pruning Saw Kit, 12V",Milwaukee,2527-21,Pruning Saw Kit,12V,TOOLS-Milwaukee-2527-21
"Milwaukee Band Saw, 18 v",Milwaukee,2529-20,Band Saw,18 v,TOOLS-Milwaukee-2529-20
"Milwaukee Band Saw, 12V",Milwaukee,2529-20-48-11-2412,Band Saw,12V,TOOLS-Milwaukee-2529-20-48-11-2412
"Milwaukee Band Saw, 12V",Milwaukee,2529-21XC,Band Saw,12V,TOOLS-Milwaukee-2529-21XC
"Milwaukee Impact Driver, 12V",Milwaukee,2553-21,Impact Driver,12V,TOOLS-Milwaukee-2553-21
"Milwaukee Impact Driver, 12V",Milwaukee,2554-20,Impact Driver,12V,TOOLS-Milwaukee-2554-20
"Milwaukee Ratchet, 3/8 in",Milwaukee,2557-20,Ratchet,3/8 in,TOOLS-Milwaukee-2557-20
"Milwaukee Ratchet, 1/2 in",Milwaukee,2558-20,Ratchet,1/2 in,TOOLS-Milwaukee-2558-20
Milwaukee Tool Kit,Milwaukee,2598-22,Tool Kit,,TOOLS-Milwaukee-2598-22
Milwaukee Rotary Hammer,Milwaukee,2605-22,Rotary Hammer,,TOOLS-Milwaukee-2605-22
Milwaukee Reciprocating Saw,Milwaukee,2625-20,Reciprocating Saw,,TOOLS-Milwaukee-2625-20
Milwaukee Reciprocating Saw Blade,Milwaukee,2625-21,Reciprocating Saw Blade,,TOOLS-Milwaukee-2625-21
"Milwaukee Multi-Tool, 18v",Milwaukee,2626-20,Multi-Tool,18v,TOOLS-Milwaukee-2626-20
Milwaukee Multi-Tool,Milwaukee,2626-21CP,Multi-Tool,,TOOLS-Milwaukee-2626-21CP
Milwaukee Multi-Tool,Milwaukee,2626-22,Multi-Tool,,TOOLS-Milwaukee-2626-22
Milwaukee Band Saw,Milwaukee,2629-20,Band Saw,,TOOLS-Milwaukee-2629-20
Milwaukee Band Saw,Milwaukee,2629-22,Band Saw,,TOOLS-Milwaukee-2629-22
"Milwaukee Circular Saw, 18v",Milwaukee,2630-20,Circular Saw,18v,TOOLS-Milwaukee-2630-20
"Milwaukee Circular Saw, 7-1/4 in",Milwaukee,2631-20,Circular Saw,7-1/4 in,TOOLS-Milwaukee-2631-20
"Milwaukee Impact Driver Kit, 1/4 in",Milwaukee,2656-21P,Impact Driver Kit,1/4 in,TOOLS-Milwaukee-2656-21P
"Milwaukee Impact Driver, 18 v",Milwaukee,2656-22CT,Impact Driver,18 v,TOOLS-Milwaukee-2656-22CT
"Milwaukee Knockout Kit, 1/2 in to 2 in",Milwaukee,2676-22,Knockout Kit,1/2 in to 2 in,TOOLS-Milwaukee-2676-22
"Milwaukee Knockout Kit, 1/2 to 4 in",Milwaukee,2677-23,Knockout Kit,1/2 to 4 in,TOOLS-Milwaukee-2677-23
"Milwaukee Heat Gun, 18v",Milwaukee,2688-20,Heat Gun,18v,TOOLS-Milwaukee-2688-20
"Milwaukee Combo Kit, 4 tool",Milwaukee,2695-24,Combo Kit,4 tool,TOOLS-Milwaukee-2695-24
"Milwaukee Combo Kit, 4 tool",Milwaukee,2696-24,Combo Kit,4 tool,TOOLS-Milwaukee-2696-24
Milwaukee Tool Kit,Milwaukee,2697-22,Tool Kit,,TOOLS-Milwaukee-2697-22
"Milwaukee Rotary Hammer, 18v",Milwaukee,2712-20,Rotary Hammer,18v,TOOLS-Milwaukee-2712-20
Milwaukee Rotary Hammer,Milwaukee,2712-22,Rotary Hammer,,TOOLS-Milwaukee-2712-22
Milwaukee Rotary Hammer,Milwaukee,2715-20,Rotary Hammer,,TOOLS-Milwaukee-2715-20
Milwaukee Hammer Drill,Milwaukee,2717-20,Hammer Drill,,TOOLS-Milwaukee-2717-20
Milwaukee Rotary Hammer,Milwaukee,2717-22HD,Rotary Hammer,,TOOLS-Milwaukee-2717-22HD
"Milwaukee Rotary Hammer, 1-3/4 in",Milwaukee,2718-20,Rotary Hammer,1-3/4 in,TOOLS-Milwaukee-2718-20
Milwaukee Hammer Drill,Milwaukee,2718-22HD,Hammer Drill,,TOOLS-Milwaukee-2718-22HD
"Milwaukee Reciprocating Saw, 18v",Milwaukee,2719-20,Reciprocating Saw,18v,TOOLS-Milwaukee-2719-20
"Milwaukee Reciprocating Saw Kit, 18 v",Milwaukee,2719-21,Reciprocating Saw Kit,18 v,TOOLS-Milwaukee-2719-21
Milwaukee Reciprocating Saw,Milwaukee,2720-20,Reciprocating Saw,,TOOLS-Milwaukee-2720-20
Milwaukee Reciprocating Saw,Milwaukee,2720-21,Reciprocating Saw,,TOOLS-Milwaukee-2720-21
Milwaukee Reciprocating Saw,Milwaukee,2722-20 PROMO,Reciprocating Saw,,TOOLS-Milwaukee-2722-20-PROMO
Milwaukee Leaf Blower,Milwaukee,2724-20,Leaf Blower,,TOOLS-Milwaukee-2724-20
"Milwaukee Leaf Blower, 18v",Milwaukee,2724-21HD,Leaf Blower,18v,TOOLS-Milwaukee-2724-21HD
Milwaukee Band Saw,Milwaukee,2729-20,Band Saw,,TOOLS-Milwaukee-2729-20
Milwaukee Work Light,Milwaukee,2735-20,Work Light,,TOOLS-Milwaukee-2735-20
"Milwaukee Framing Nailer, 18V",Milwaukee,2745-20,Framing Nailer,18V,TOOLS-Milwaukee-2745-20
Milwaukee Impact Driver,Milwaukee,2760-20,Impact Driver,,TOOLS-Milwaukee-2760-20
"Milwaukee Impact Driver, 18v",Milwaukee,2767-20,Impact Driver,18v,TOOLS-Milwaukee-2767-20
"Milwaukee Circular Saw, 18 v",Milwaukee,2782-20,Circular Saw,18 v,TOOLS-Milwaukee-2782-20
"Milwaukee Hammer Drill, 18v",Milwaukee,2804-20,Hammer Drill,18v,TOOLS-Milwaukee-2804-20
"Milwaukee Hammer Drill, 18 v",Milwaukee,2804-22,Hammer Drill,18 v,TOOLS-Milwaukee-2804-22
"Milwaukee Reciprocating Saw Kit, 2 tools",Milwaukee,2821-20,Reciprocating Saw Kit,2 tools,TOOLS-Milwaukee-2821-20
Milwaukee Reciprocating Saw,Milwaukee,2821-22,Reciprocating Saw,,TOOLS-Milwaukee-2821-22
Milwaukee Leaf Blower,Milwaukee,2824-20,Leaf Blower,,TOOLS-Milwaukee-2824-20
"Milwaukee Band Saw, 18 v",Milwaukee,2829-20,Band Saw,18 v,TOOLS-Milwaukee-2829-20
Milwaukee Band Saw,Milwaukee,2829-22,Band Saw,,TOOLS-Milwaukee-2829-22
Milwaukee Multi-Tool,Milwaukee,2836-20,Multi-Tool,,TOOLS-Milwaukee-2836-20
"Milwaukee Multi-Tool, 18v",Milwaukee,2836-21,Multi-Tool,18v,TOOLS-Milwaukee-2836-21
"Milwaukee Power Bank, 18v",Milwaukee,2846-20,Power Bank,18v,TOOLS-Milwaukee-2846-20
"Milwaukee Power Supply, 18 v",Milwaukee,2846-20,Power Supply,18 v,TOOLS-Milwaukee-2846-20
"Milwaukee Tool Battery, 18 v",Milwaukee,2846-21HO,Tool Battery,18 v,TOOLS-Milwaukee-2846-21HO
"Milwaukee Power Inverter, 18v",Milwaukee,2846-50,Power Inverter,18v,TOOLS-Milwaukee-2846-50
"Milwaukee Impact Driver, 1/4 in",Milwaukee,2853-20,Impact Driver,1/4 in,TOOLS-Milwaukee-2853-20
Milwaukee Impact Driver,Milwaukee,2853-22,Impact Driver,,TOOLS-Milwaukee-2853-22
"Milwaukee Impact Driver, 18V, 1/2 in",Milwaukee,2855-20,Impact Driver,"18V, 1/2 in",TOOLS-Milwaukee-2855-20
"Milwaukee Impact Driver Kit, ONE-KEY",Milwaukee,2857-22,Impact Driver Kit,ONE-KEY,TOOLS-Milwaukee-2857-22
Milwaukee Fish Rod Set,Milwaukee,2873B-22,Fish Rod Set,,TOOLS-Milwaukee-2873B-22
Milwaukee Fish Tape,Milwaukee,2873B-22 PROMO,Fish Tape,,TOOLS-Milwaukee-2873B-22-PROMO
Milwaukee Angle Grinder,Milwaukee,2880-20,Angle Grinder,,TOOLS-Milwaukee-2880-20
"Milwaukee Tool Kit, 2 tools",Milwaukee,2892-22CT,Tool Kit,2 tools,TOOLS-Milwaukee-2892-22CT
"Milwaukee Hammer Drill, m18",Milwaukee,2904-20,Hammer Drill,m18,TOOLS-Milwaukee-2904-20
"Milwaukee Hammer Drill, 18 v",Milwaukee,2904-22,Hammer Drill,18 v,TOOLS-Milwaukee-2904-22
"Milwaukee Rotary Hammer, 18 v",Milwaukee,2912-20,Rotary Hammer,18 v,TOOLS-Milwaukee-2912-20
Milwaukee Rotary Hammer,Milwaukee,2912-22,Rotary Hammer,,TOOLS-Milwaukee-2912-22
"Milwaukee Tool Kit, 2 tools",Milwaukee,2912-22DE,Tool Kit,2 tools,TOOLS-Milwaukee-2912-22DE
"Milwaukee Rotary Hammer, 18v",Milwaukee,2915-20,Rotary Hammer,18v,TOOLS-Milwaukee-2915-20
"Milwaukee Rotary Hammer, 18 v",Milwaukee,2915-22DE,Rotary Hammer,18 v,TOOLS-Milwaukee-2915-22DE
"Milwaukee Impact Driver, 18 v",Milwaukee,2953-20,Impact Driver,18 v,TOOLS-Milwaukee-2953-20
"Milwaukee Impact Driver, 18 v",Milwaukee,29-53-20,Impact Driver,18 v,TOOLS-Milwaukee-29-53-20
"Milwaukee Impact Driver Kit, charger/battery included (2)",Milwaukee,2953-22,Impact Driver Kit,charger/battery included (2),TOOLS-Milwaukee-2953-22
"Milwaukee Rafter Square, 7 in",Milwaukee,2990,Rafter Square,7 in,TOOLS-Milwaukee-2990
"Milwaukee Tool Kit, 2 pieces",Milwaukee,2996-22,Tool Kit,2 pieces,TOOLS-Milwaukee-2996-22
Milwaukee Tool Kit,Milwaukee,2997-22,Tool Kit,,TOOLS-Milwaukee-2997-22
"Milwaukee Combo Kit, 3 tool",Milwaukee,2997-23,Combo Kit,3 tool,TOOLS-Milwaukee-2997-23
Milwaukee Screwdriver,Milwaukee,2997-24PO,Screwdriver,,TOOLS-Milwaukee-2997-24PO
Milwaukee Tool Kit,Milwaukee,2997-25,Tool Kit,,TOOLS-Milwaukee-2997-25
"Milwaukee Hammer Drill, 12V",Milwaukee,3404-20,Hammer Drill,12V,TOOLS-Milwaukee-3404-20
"Milwaukee Impact Driver, 12V",Milwaukee,3453-20,Impact Driver,12V,TOOLS-Milwaukee-3453-20
"Milwaukee Tool Kit, 2 tools",Milwaukee,3497-22,Tool Kit,2 tools,TOOLS-Milwaukee-3497-22
Milwaukee Laser Level,Milwaukee,3510-21,Laser Level,,TOOLS-Milwaukee-3510-21
Milwaukee Laser Level,Milwaukee,3522-21,Laser Level,,TOOLS-Milwaukee-3522-21
"Milwaukee Hole Saw, 1-1/8 in",Milwaukee,354-204,Hole Saw,1-1/8 in,TOOLS-Milwaukee-354-204
"Milwaukee Reciprocating Saw Blade, 9 in",Milwaukee,361-162,Reciprocating Saw Blade,9 in,TOOLS-Milwaukee-361-162
"Milwaukee Laser Level, 125 ft",Milwaukee,3622-21,Laser Level,125 ft,TOOLS-Milwaukee-3622-21
"Milwaukee Laser Level, 250 ft",Milwaukee,3632-21,Laser Level,250 ft,TOOLS-Milwaukee-3632-21
"Milwaukee Tool Kit, 2 tools",Milwaukee,3697-22,Tool Kit,2 tools,TOOLS-Milwaukee-3697-22
"Milwaukee Tool Kit, 2 tools",Milwaukee,3699-22,Tool Kit,2 tools,TOOLS-Milwaukee-3699-22
Milwaukee Spindle,Milwaukee,38-50-6085,Spindle,,TOOLS-Milwaukee-38-50-6085
"Milwaukee Line Reel, 250 ft",Milwaukee,39201N,Line Reel,250 ft,TOOLS-Milwaukee-39201N
"Milwaukee Line Reel, 250 ft",Milwaukee,39203N,Line Reel,250 ft,TOOLS-Milwaukee-39203N
Milwaukee Drill Chuck,Milwaukee,42-66-1006,Drill Chuck,,TOOLS-Milwaukee-42-66-1006
Milwaukee Tool Box Wheels,Milwaukee,45-94-8426,Tool Box Wheels,,TOOLS-Milwaukee-45-94-8426
"Milwaukee Reciprocating Saw Blade, 6 in",Milwaukee,48-00-4182,Reciprocating Saw Blade,6 in,TOOLS-Milwaukee-48-00-4182
"Milwaukee Reciprocating Saw Blade, 6 in",Milwaukee,48-00-4184,Reciprocating Saw Blade,6 in,TOOLS-Milwaukee-48-00-4184
"Milwaukee Reciprocating Saw Blade, 6 in",Milwaukee,48-00-4186,Reciprocating Saw Blade,6 in,TOOLS-Milwaukee-48-00-4186
"Milwaukee Reciprocating Saw Blade, 9 in",Milwaukee,48-00-4188,Reciprocating Saw Blade,9 in,TOOLS-Milwaukee-48-00-4188
"Milwaukee Reciprocating Saw Blade, 6 in",Milwaukee,48-00-4712,Reciprocating Saw Blade,6 in,TOOLS-Milwaukee-48-00-4712
"Milwaukee Reciprocating Saw Blade, 9 in",Milwaukee,48-00-4713,Reciprocating Saw Blade,9 in,TOOLS-Milwaukee-48-00-4713
"Milwaukee Reciprocating Saw Blade, 6 in",Milwaukee,48-00-4782,Reciprocating Saw Blade,6 in,TOOLS-Milwaukee-48-00-4782
"Milwaukee Reciprocating Saw Blade, 6 in",Milwaukee,48-00-4784,Reciprocating Saw Blade,6 in,TOOLS-Milwaukee-48-00-4784
"Milwaukee Reciprocating Saw Blade, 9 in",Milwaukee,48-00-4787,Reciprocating Saw Blade,9 in,TOOLS-Milwaukee-48-00-4787
"Milwaukee Reciprocating Saw Blade, 9 in",Milwaukee,48-00-4788,Reciprocating Saw Blade,9 in,TOOLS-Milwaukee-48-00-4788
"Milwaukee Reciprocating Saw Blade, 6 in",Milwaukee,48-00-5021,Reciprocating Saw Blade,6 in,TOOLS-Milwaukee-48-00-5021
"Milwaukee Reciprocating Saw Blade, 9 in",Milwaukee,48-00-5026,Reciprocating Saw Blade,9 in,TOOLS-Milwaukee-48-00-5026
"Milwaukee Reciprocating Saw Blade, 12 in x 5 tpi",Milwaukee,48-00-5027,Reciprocating Saw Blade,12 in x 5 tpi,TOOLS-Milwaukee-48-00-5027
"Milwaukee Reciprocating Saw Blade, 6 in",Milwaukee,48-00-5035,Reciprocating Saw Blade,6 in,TOOLS-Milwaukee-48-00-5035
"Milwaukee Reciprocating Saw Blade, 9 in",Milwaukee,48-00-5036,Reciprocating Saw Blade,9 in,TOOLS-Milwaukee-48-00-5036
"Milwaukee Reciprocating Saw Blade, 6t",Milwaukee,48-00-5037,Reciprocating Saw Blade,6t,TOOLS-Milwaukee-48-00-5037
"Milwaukee Reciprocating Saw Blade, 6 in x 8/12 tpi",Milwaukee,48-00-5091,Reciprocating Saw Blade,6 in x 8/12 tpi,TOOLS-Milwaukee-48-00-5091
"Milwaukee Reciprocating Saw Blade, 6 in",Milwaukee,48-00-5092,Reciprocating Saw Blade,6 in,TOOLS-Milwaukee-48-00-5092
"Milwaukee Reciprocating Saw Blade, 8 in",Milwaukee,48-00-5093,Reciprocating Saw Blade,8 in,TOOLS-Milwaukee-48-00-5093
"Milwaukee Reciprocating Saw Blade, 4 in",Milwaukee,48-00-5181,Reciprocating Saw Blade,4 in,TOOLS-Milwaukee-48-00-5181
"Milwaukee Reciprocating Saw Blade, 6 in x 14 tpi",Milwaukee,48-00-5182,Reciprocating Saw Blade,6 in x 14 tpi,TOOLS-Milwaukee-48-00-5182
"Milwaukee Reciprocating Saw Blade, 4 in x 18 pi",Milwaukee,48-00-5183,Reciprocating Saw Blade,4 in x 18 pi,TOOLS-Milwaukee-48-00-5183
"Milwaukee Reciprocating Saw Blade, 6 in",Milwaukee,48-00-5184,Reciprocating Saw Blade,6 in,TOOLS-Milwaukee-48-00-5184
Milwaukee Reciprocating Saw Blade,Milwaukee,48-00-5185,Reciprocating Saw Blade,,TOOLS-Milwaukee-48-00-5185
"Milwaukee Reciprocating Saw Blade, 6 in",Milwaukee,48-00-5186,Reciprocating Saw Blade,6 in,TOOLS-Milwaukee-48-00-5186
"Milwaukee Reciprocating Saw Blade, 9 in",Milwaukee,48-00-5187,Reciprocating Saw Blade,9 in,TOOLS-Milwaukee-48-00-5187
"Milwaukee Reciprocating Saw Blade, 9 in",Milwaukee,48-00-5188,Reciprocating Saw Blade,9 in,TOOLS-Milwaukee-48-00-5188
"Milwaukee Reciprocating Saw Blade, 12 in x 18 tpi",Milwaukee,48-00-5189,Reciprocating Saw Blade,12 in x 18 tpi,TOOLS-Milwaukee-48-00-5189
"Milwaukee Reciprocating Saw Blade, 8 in",Milwaukee,48-00-5193,Reciprocating Saw Blade,8 in,TOOLS-Milwaukee-48-00-5193
"Milwaukee Reciprocating Saw Blade, 12 in x 10 /14 tpi",Milwaukee,48-00-5194,Reciprocating Saw Blade,12 in x 10 /14 tpi,TOOLS-Milwaukee-48-00-5194
Milwaukee Reciprocating Saw Blade,Milwaukee,48-00-5202,Reciprocating Saw Blade,,TOOLS-Milwaukee-48-00-5202
"Milwaukee Reciprocating Saw Blade, 9 in",Milwaukee,48-00-5226,Reciprocating Saw Blade,9 in,TOOLS-Milwaukee-48-00-5226
"Milwaukee Reciprocating Saw Blade, 6 in x 7 tpi",Milwaukee,48-00-5261,Reciprocating Saw Blade,6 in x 7 tpi,TOOLS-Milwaukee-48-00-5261
"Milwaukee Reciprocating Saw Blade, 6 in",Milwaukee,48-00-5301,Reciprocating Saw Blade,6 in,TOOLS-Milwaukee-48-00-5301
Milwaukee Reciprocating Saw Blade,Milwaukee,48-00-5302,Reciprocating Saw Blade,,TOOLS-Milwaukee-48-00-5302
Milwaukee Reciprocating Saw Blade,Milwaukee,48-00-5321,Reciprocating Saw Blade,,TOOLS-Milwaukee-48-00-5321
"Milwaukee Reciprocating Saw Blade, 9 in x 5 tpi",Milwaukee,48-00-5326,Reciprocating Saw Blade,9 in x 5 tpi,TOOLS-Milwaukee-48-00-5326
"Milwaukee Reciprocating Saw Blade, 12 in",Milwaukee,48-00-5327,Reciprocating Saw Blade,12 in,TOOLS-Milwaukee-48-00-5327
"Milwaukee Reciprocating Saw Blade, 6 in",Milwaukee,48-00-5501,Reciprocating Saw Blade,6 in,TOOLS-Milwaukee-48-00-5501
"Milwaukee Reciprocating Saw Blade, 9 in",Milwaukee,48-00-5502,Reciprocating Saw Blade,9 in,TOOLS-Milwaukee-48-00-5502
"Milwaukee Reciprocating Saw Blade, 9 in",Milwaukee,48-00-5706,Reciprocating Saw Blade,9 in,TOOLS-Milwaukee-48-00-5706
"Milwaukee Reciprocating Saw Blade, 6 in x 10 tpi",Milwaukee,48-00-5712,Reciprocating Saw Blade,6 in x 10 tpi,TOOLS-Milwaukee-48-00-5712
"Milwaukee Reciprocating Saw Blade, 9 in x 10 tpi",Milwaukee,48-00-5713,Reciprocating Saw Blade,9 in x 10 tpi,TOOLS-Milwaukee-48-00-5713
"Milwaukee Reciprocating Saw Blade, 6 in",Milwaukee,48-00-5782,Reciprocating Saw Blade,6 in,TOOLS-Milwaukee-48-00-5782
"Milwaukee Reciprocating Saw Blade, 6 in",Milwaukee,48-00-5784,Reciprocating Saw Blade,6 in,TOOLS-Milwaukee-48-00-5784
"Milwaukee Reciprocating Saw Blade, 6 in",Milwaukee,48-00-5786,Reciprocating Saw Blade,6 in,TOOLS-Milwaukee-48-00-5786
"Milwaukee Reciprocating Saw Blade, 9 in",Milwaukee,48-00-5787,Reciprocating Saw Blade,9 in,TOOLS-Milwaukee-48-00-5787
"Milwaukee Reciprocating Saw Blade, 9 in",Milwaukee,48-00-5788,Reciprocating Saw Blade,9 in,TOOLS-Milwaukee-48-00-5788
"Milwaukee Reciprocating Saw Blade, 12 in",Milwaukee,48-00-5789,Reciprocating Saw Blade,12 in,TOOLS-Milwaukee-48-00-5789
"Milwaukee Reciprocating Saw Blade, 9 in",Milwaukee,48-00-5790,Reciprocating Saw Blade,9 in,TOOLS-Milwaukee-48-00-5790
Milwaukee Reciprocating Saw Blade,Milwaukee,48-00-5791,Reciprocating Saw Blade,,TOOLS-Milwaukee-48-00-5791
"Milwaukee Reciprocating Saw Blade, 6 in x 18 tpi",Milwaukee,48-00-8184,Reciprocating Saw Blade,6 in x 18 tpi,TOOLS-Milwaukee-48-00-8184
"Milwaukee Reciprocating Saw Blade, 9 in",Milwaukee,48-00-8788,Reciprocating Saw Blade,9 in,TOOLS-Milwaukee-48-00-8788
"Milwaukee Reciprocating Saw Blade, 9 in",Milwaukee,48-01-7706,Reciprocating Saw Blade,9 in,TOOLS-Milwaukee-48-01-7706
"Milwaukee Reciprocating Saw Blade, 6 in",Milwaukee,48-01-7784,Reciprocating Saw Blade,6 in,TOOLS-Milwaukee-48-01-7784
"Milwaukee Rotary Hammer Extension Bit, 12 in",Milwaukee,48-03-3572,Rotary Hammer Extension Bit,12 in,TOOLS-Milwaukee-48-03-3572
"Milwaukee Rotary Hammer Extension Bit, 18 in",Milwaukee,48-03-3573,Rotary Hammer Extension Bit,18 in,TOOLS-Milwaukee-48-03-3573
"Milwaukee Tool Battery, m18",Milwaukee,48-11-1812,Tool Battery,m18,TOOLS-Milwaukee-48-11-1812
"Milwaukee Tool Battery, 18 v",Milwaukee,48-11-1820,Tool Battery,18 v,TOOLS-Milwaukee-48-11-1820
"Milwaukee Tool Battery, 18v",Milwaukee,48-11-1822,Tool Battery,18v,TOOLS-Milwaukee-48-11-1822
"Milwaukee Tool Battery, 18v",Milwaukee,48-11-1828,Tool Battery,18v,TOOLS-Milwaukee-48-11-1828
Milwaukee Tool Battery,Milwaukee,48-11-1837,Tool Battery,,TOOLS-Milwaukee-48-11-1837
"Milwaukee Tool Battery, 18v",Milwaukee,48-11-1850,Tool Battery,18v,TOOLS-Milwaukee-48-11-1850
"Milwaukee Tool Battery, 18 v",Milwaukee,48-11-1852,Tool Battery,18 v,TOOLS-Milwaukee-48-11-1852
"Milwaukee Tool Battery, 18v",Milwaukee,48-11-1852 PROMO,Tool Battery,18v,TOOLS-Milwaukee-48-11-1852-PROMO
"Milwaukee Tool Battery, 18 v",Milwaukee,48-11-1861,Tool Battery,18 v,TOOLS-Milwaukee-48-11-1861
"Milwaukee Tool Battery, 18v",Milwaukee,48-11-1862,Tool Battery,18v,TOOLS-Milwaukee-48-11-1862
"Milwaukee Tool Battery, 18v",Milwaukee,48-11-1865,Tool Battery,18v,TOOLS-Milwaukee-48-11-1865
"Milwaukee Tool Battery, 18v",Milwaukee,48-11-1880,Tool Battery,18v,TOOLS-Milwaukee-48-11-1880
"Milwaukee Tool Battery, 12V",Milwaukee,48-11-2402,Tool Battery,12V,TOOLS-Milwaukee-48-11-2402
"Milwaukee Tool Battery, 1.5 aH",Milwaukee,48-11-2411,Tool Battery,1.5 aH,TOOLS-Milwaukee-48-11-2411
Milwaukee Tool Battery,Milwaukee,48-11-2412,Tool Battery,,TOOLS-Milwaukee-48-11-2412
Milwaukee Tool Battery,Milwaukee,48-11-2412PROMO0852-20,Tool Battery,,TOOLS-Milwaukee-48-11-2412PROMO0852-20
"Milwaukee Tool Battery, 12V",Milwaukee,48-11-2420,Tool Battery,12V,TOOLS-Milwaukee-48-11-2420
"Milwaukee Tool Battery, 12V",Milwaukee,48-11-2425,Tool Battery,12V,TOOLS-Milwaukee-48-11-2425
"Milwaukee Tool Battery, 12V",Milwaukee,48-11-2440,Tool Battery,12V,TOOLS-Milwaukee-48-11-2440
"Milwaukee Tool Battery, 12V",Milwaukee,48-11-2440-PROMO,Tool Battery,12V,TOOLS-Milwaukee-48-11-2440-PROMO
"Milwaukee Tool Battery, m12",Milwaukee,48-11-2450,Tool Battery,m12,TOOLS-Milwaukee-48-11-2450
"Milwaukee Tool Battery, 12V",Milwaukee,48-11-2460,Tool Battery,12V,TOOLS-Milwaukee-48-11-2460
"Milwaukee Tool Battery, 18 v",Milwaukee,48-1-1835,Tool Battery,18 v,TOOLS-Milwaukee-48-1-1835
"Milwaukee Tool Battery, 18 v",Milwaukee,48-1-1850,Tool Battery,18 v,TOOLS-Milwaukee-48-1-1850
"Milwaukee Milwaukee Electric Tool-49-56-0173, 7/8x6 in",Milwaukee,48-13-0078,Milwaukee Electric Tool-49-56-0173,7/8x6 in,TOOLS-Milwaukee-48-13-0078
"Milwaukee Milwaukee Electric Tool-49-56-0173, 1-1/4x6 in",Milwaukee,48-13-0108,Milwaukee Electric Tool-49-56-0173,1-1/4x6 in,TOOLS-Milwaukee-48-13-0108
"Milwaukee Ship Auger Bit, 7/8 in",Milwaukee,48-13-0873,Ship Auger Bit,7/8 in,TOOLS-Milwaukee-48-13-0873
"Milwaukee Ship Auger Bit, 3/4 in",Milwaukee,48-13-5750,Ship Auger Bit,3/4 in,TOOLS-Milwaukee-48-13-5750
"Milwaukee Ship Auger Bit, 7/8x1/8 in",Milwaukee,48-13-5870,Ship Auger Bit,7/8x1/8 in,TOOLS-Milwaukee-48-13-5870
"Milwaukee Ship Auger Bit, 5/16 in",Milwaukee,48-13-5930,Ship Auger Bit,5/16 in,TOOLS-Milwaukee-48-13-5930
"Milwaukee Ship Auger Bit, 1 in x 18 in",Milwaukee,48-13-6000,Ship Auger Bit,1 in x 18 in,TOOLS-Milwaukee-48-13-6000
"Milwaukee Bell Hanger Bit, 1/4 in x 12 in",Milwaukee,48-13-7125,Bell Hanger Bit,1/4 in x 12 in,TOOLS-Milwaukee-48-13-7125
"Milwaukee Bell Hanger Bit, 1/4x18 in",Milwaukee,48-13-7225,Bell Hanger Bit,1/4x18 in,TOOLS-Milwaukee-48-13-7225
"Milwaukee Bell Hanger Bit, 1/4 in x 24 in",Milwaukee,48-13-7325,Bell Hanger Bit,1/4 in x 24 in,TOOLS-Milwaukee-48-13-7325
"Milwaukee Flexible Fish Bit, 3/4x54 in",Milwaukee,48-13-8275,Flexible Fish Bit,3/4x54 in,TOOLS-Milwaukee-48-13-8275
"Milwaukee Flexible Fish Bit, 3/4 x 72 in",Milwaukee,48-13-8375,Flexible Fish Bit,3/4 x 72 in,TOOLS-Milwaukee-48-13-8375
"Milwaukee Rotary Hammer Drill Bit, 3/4 in x 13 in",Milwaukee,48-20-3930,Rotary Hammer Drill Bit,3/4 in x 13 in,TOOLS-Milwaukee-48-20-3930
"Milwaukee Rotary Hammer Drill Bit, 7/18x21 in",Milwaukee,48-20-3946,Rotary Hammer Drill Bit,7/18x21 in,TOOLS-Milwaukee-48-20-3946
"Milwaukee Rotary Hammer Drill Bit, 1-1/8 in",Milwaukee,48-20-3964,Rotary Hammer Drill Bit,1-1/8 in,TOOLS-Milwaukee-48-20-3964
"Milwaukee Rotary Hammer Drill Bit, 1-1/2x21 in",Milwaukee,48-20-3966,Rotary Hammer Drill Bit,1-1/2x21 in,TOOLS-Milwaukee-48-20-3966
"Milwaukee Rotary Hammer Drill Bit, 1-1/4x23 in",Milwaukee,48-20-3972,Rotary Hammer Drill Bit,1-1/4x23 in,TOOLS-Milwaukee-48-20-3972
"Milwaukee Rotary Hammer Drill Bit, 1-1/4 in",Milwaukee,48-20-3974,Rotary Hammer Drill Bit,1-1/4 in,TOOLS-Milwaukee-48-20-3974
"Milwaukee Rotary Hammer Drill Bit, 1-3/8 in x 17 in",Milwaukee,48-20-3975,Rotary Hammer Drill Bit,1-3/8 in x 17 in,TOOLS-Milwaukee-48-20-3975
"Milwaukee Rotary Hammer Drill Bit, 1-1/2 in",Milwaukee,48-20-3986,Rotary Hammer Drill Bit,1-1/2 in,TOOLS-Milwaukee-48-20-3986
"Milwaukee Rotary Hammer Drill Bit, 1-1/2x23 in",Milwaukee,48-20-3988,Rotary Hammer Drill Bit,1-1/2x23 in,TOOLS-Milwaukee-48-20-3988
"Milwaukee Rotary Hammer Drill Bit, 1-3/4 x 23 in",Milwaukee,48-20-3992,Rotary Hammer Drill Bit,1-3/4 x 23 in,TOOLS-Milwaukee-48-20-3992
"Milwaukee Rotary Hammer Drill Bit, 2x18x23 in",Milwaukee,48-20-3993,Rotary Hammer Drill Bit,2x18x23 in,TOOLS-Milwaukee-48-20-3993
"Milwaukee Core Bit, 1-3/8 in",Milwaukee,48-20-5020,Core Bit,1-3/8 in,TOOLS-Milwaukee-48-20-5020
"Milwaukee Core Bit, 2-1/2 in",Milwaukee,48-20-5040,Core Bit,2-1/2 in,TOOLS-Milwaukee-48-20-5040
"Milwaukee Core Bit, 2-1/2 in",Milwaukee,48-20-5140,Core Bit,2-1/2 in,TOOLS-Milwaukee-48-20-5140
"Milwaukee Core Bit, 4 in",Milwaukee,48-20-5155,Core Bit,4 in,TOOLS-Milwaukee-48-20-5155
"Milwaukee Masonry Drill Bit, 1/4x4 in",Milwaukee,48-20-6810,Masonry Drill Bit,1/4x4 in,TOOLS-Milwaukee-48-20-6810
"Milwaukee Masonry Drill Bit, 3/8x6 in",Milwaukee,48-20-6821,Masonry Drill Bit,3/8x6 in,TOOLS-Milwaukee-48-20-6821
"Milwaukee Rotary Hammer Extension Bit, 12 in",Milwaukee,48-20-6940,Rotary Hammer Extension Bit,12 in,TOOLS-Milwaukee-48-20-6940
"Milwaukee Rotary Hammer Drill Bit, 18 in",Milwaukee,48-20-6945,Rotary Hammer Drill Bit,18 in,TOOLS-Milwaukee-48-20-6945
"Milwaukee Rotary Hammer Drill Bit, 3/4 in x 6 in x 8 in",Milwaukee,48-20-7061,Rotary Hammer Drill Bit,3/4 in x 6 in x 8 in,TOOLS-Milwaukee-48-20-7061
"Milwaukee Rotary Hammer Drill Bit, 3/4 in x 22 in",Milwaukee,48-20-7067,Rotary Hammer Drill Bit,3/4 in x 22 in,TOOLS-Milwaukee-48-20-7067
"Milwaukee Rotary Hammer Drill Bit, 7/8 in x 8 in",Milwaukee,48-20-7071,Rotary Hammer Drill Bit,7/8 in x 8 in,TOOLS-Milwaukee-48-20-7071
"Milwaukee Rotary Hammer Drill Bit, 7/8 in",Milwaukee,48-20-7072,Rotary Hammer Drill Bit,7/8 in,TOOLS-Milwaukee-48-20-7072
"Milwaukee Rotary Hammer Drill Bit, 7/8 in",Milwaukee,48-20-7075,Rotary Hammer Drill Bit,7/8 in,TOOLS-Milwaukee-48-20-7075
"Milwaukee Rotary Hammer Drill Bit, 1x10 in",Milwaukee,48-20-7080,Rotary Hammer Drill Bit,1x10 in,TOOLS-Milwaukee-48-20-7080
"Milwaukee Rotary Hammer Drill Bit, 1x18 in",Milwaukee,48-20-7085,Rotary Hammer Drill Bit,1x18 in,TOOLS-Milwaukee-48-20-7085
"Milwaukee Rotary Hammer Drill Bit, 5/32 in",Milwaukee,48-20-7091,Rotary Hammer Drill Bit,5/32 in,TOOLS-Milwaukee-48-20-7091
"Milwaukee Rotary Hammer Drill Bit, 3/16x7 in",Milwaukee,48-20-7092,Rotary Hammer Drill Bit,3/16x7 in,TOOLS-Milwaukee-48-20-7092
"Milwaukee Rotary Hammer Drill Bit, 1-1/8x10 in",Milwaukee,48-20-7250,Rotary Hammer Drill Bit,1-1/8x10 in,TOOLS-Milwaukee-48-20-7250
"Milwaukee Rotary Hammer Drill Bit, 1-1/8x18 in",Milwaukee,48-20-7256,Rotary Hammer Drill Bit,1-1/8x18 in,TOOLS-Milwaukee-48-20-7256
"Milwaukee Rotary Hammer Drill Bit, 1-1/4x16x18 in",Milwaukee,48-20-7266,Rotary Hammer Drill Bit,1-1/4x16x18 in,TOOLS-Milwaukee-48-20-7266
"Milwaukee Rotary Hammer Drill Bit, 3/16 in x 8 in",Milwaukee,48-20-7312,Rotary Hammer Drill Bit,3/16 in x 8 in,TOOLS-Milwaukee-48-20-7312
"Milwaukee Rotary Hammer Drill Bit, 1/4x6 in",Milwaukee,48-20-7331,Rotary Hammer Drill Bit,1/4x6 in,TOOLS-Milwaukee-48-20-7331
"Milwaukee Rotary Hammer Drill Bit, 5/32x4x6",Milwaukee,48-20-7401,Rotary Hammer Drill Bit,5/32x4x6,TOOLS-Milwaukee-48-20-7401
"Milwaukee Rotary Hammer Drill Bit, 3/16x4-1/2 in",Milwaukee,48-20-7410,Rotary Hammer Drill Bit,3/16x4-1/2 in,TOOLS-Milwaukee-48-20-7410
"Milwaukee Rotary Hammer Drill Bit, 3/16 in x 6 in",Milwaukee,48-20-7411,Rotary Hammer Drill Bit,3/16 in x 6 in,TOOLS-Milwaukee-48-20-7411
"Milwaukee Rotary Hammer Drill Bit, 3/16 in x 8 in",Milwaukee,48-20-7412,Rotary Hammer Drill Bit,3/16 in x 8 in,TOOLS-Milwaukee-48-20-7412
"Milwaukee Rotary Hammer Drill Bit, 3/16x8x10 in",Milwaukee,48-20-7413,Rotary Hammer Drill Bit,3/16x8x10 in,TOOLS-Milwaukee-48-20-7413
"Milwaukee Rotary Hammer Drill Bit, 3/16 in x 12 in",Milwaukee,48-20-7414,Rotary Hammer Drill Bit,3/16 in x 12 in,TOOLS-Milwaukee-48-20-7414
"Milwaukee Rotary Hammer Drill Bit, 7/32x6x8 in",Milwaukee,48-20-7422,Rotary Hammer Drill Bit,7/32x6x8 in,TOOLS-Milwaukee-48-20-7422
"Milwaukee Rotary Hammer Drill Bit, 7/32 in x 14 in",Milwaukee,48-20-7425,Rotary Hammer Drill Bit,7/32 in x 14 in,TOOLS-Milwaukee-48-20-7425
"Milwaukee Rotary Hammer Drill Bit, 1/4x4x6 in",Milwaukee,48-20-7431,Rotary Hammer Drill Bit,1/4x4x6 in,TOOLS-Milwaukee-48-20-7431
"Milwaukee Rotary Hammer Drill Bit, 1/4x6x8 in",Milwaukee,48-20-7432,Rotary Hammer Drill Bit,1/4x6x8 in,TOOLS-Milwaukee-48-20-7432
"Milwaukee Rotary Hammer Drill Bit, 1/4 in x 12 in",Milwaukee,48-20-7434,Rotary Hammer Drill Bit,1/4 in x 12 in,TOOLS-Milwaukee-48-20-7434
"Milwaukee Rotary Hammer Drill Bit, 1/4x12x14 in",Milwaukee,48-20-7435,Rotary Hammer Drill Bit,1/4x12x14 in,TOOLS-Milwaukee-48-20-7435
"Milwaukee Rotary Hammer Drill Bit, 1/4 in x 16 in",Milwaukee,48-20-7436,Rotary Hammer Drill Bit,1/4 in x 16 in,TOOLS-Milwaukee-48-20-7436
"Milwaukee Rotary Hammer Drill Bit, 5/16x10x12",Milwaukee,48-20-7444,Rotary Hammer Drill Bit,5/16x10x12,TOOLS-Milwaukee-48-20-7444
"Milwaukee Rotary Hammer Drill Bit, 3/8 in x 12 in",Milwaukee,48-20-7454,Rotary Hammer Drill Bit,3/8 in x 12 in,TOOLS-Milwaukee-48-20-7454
"Milwaukee Rotary Hammer Drill Bit, 3/8x16x18 in",Milwaukee,48-20-7457,Rotary Hammer Drill Bit,3/8x16x18 in,TOOLS-Milwaukee-48-20-7457
"Milwaukee Rotary Hammer Drill Bit, 3/8 in x 22 in",Milwaukee,48-20-7459,Rotary Hammer Drill Bit,3/8 in x 22 in,TOOLS-Milwaukee-48-20-7459
"Milwaukee Rotary Hammer Drill Bit, 1/2 x 4 x 6 in",Milwaukee,48-20-7471,Rotary Hammer Drill Bit,1/2 x 4 x 6 in,TOOLS-Milwaukee-48-20-7471
"Milwaukee Rotary Hammer Drill Bit, 1/2 in x 12 in",Milwaukee,48-20-7474,Rotary Hammer Drill Bit,1/2 in x 12 in,TOOLS-Milwaukee-48-20-7474
"Milwaukee Rotary Hammer Drill Bit, 1/2 x 16 x 18",Milwaukee,48-20-7477,Rotary Hammer Drill Bit,1/2 x 16 x 18,TOOLS-Milwaukee-48-20-7477
"Milwaukee Rotary Hammer Drill Bit, 1/2 x 22 x 24",Milwaukee,48-20-7479,Rotary Hammer Drill Bit,1/2 x 22 x 24,TOOLS-Milwaukee-48-20-7479
"Milwaukee Rotary Hammer Drill Bit, 5 piece",Milwaukee,48-20-7490,Rotary Hammer Drill Bit,5 piece,TOOLS-Milwaukee-48-20-7490
"Milwaukee Concrete Screw Installation Kit, 7 piece",Milwaukee,48-20-7497,Concrete Screw Installation Kit,7 piece,TOOLS-Milwaukee-48-20-7497
"Milwaukee Rotary Hammer Drill Bit, 3/16 x 4 x 6 in",Milwaukee,48-20-7511,Rotary Hammer Drill Bit,3/16 x 4 x 6 in,TOOLS-Milwaukee-48-20-7511
"Milwaukee Rotary Hammer Drill Bit, 5/8 in x 8 in",Milwaukee,48-20-7602,Rotary Hammer Drill Bit,5/8 in x 8 in,TOOLS-Milwaukee-48-20-7602
"Milwaukee Rotary Hammer Drill Bit, 3/16 in x 6 in",Milwaukee,48-20-7811,Rotary Hammer Drill Bit,3/16 in x 6 in,TOOLS-Milwaukee-48-20-7811
"Milwaukee Rotary Hammer Drill Bit, 1/4x4x6",Milwaukee,48-20-7831,Rotary Hammer Drill Bit,1/4x4x6,TOOLS-Milwaukee-48-20-7831
Milwaukee Masonry Drill Bit,Milwaukee,48-20-8801,Masonry Drill Bit,,TOOLS-Milwaukee-48-20-8801
"Milwaukee Masonry Drill Bit, 3/16x2x4 in",Milwaukee,48-20-8805,Masonry Drill Bit,3/16x2x4 in,TOOLS-Milwaukee-48-20-8805
"Milwaukee Masonry Drill Bit, 3/16x4x6 in",Milwaukee,48-20-8806,Masonry Drill Bit,3/16x4x6 in,TOOLS-Milwaukee-48-20-8806
"Milwaukee Rotary Hammer Drill Bit, 1/4x4x6 in",Milwaukee,48-20-8811,Rotary Hammer Drill Bit,1/4x4x6 in,TOOLS-Milwaukee-48-20-8811
"Milwaukee Rotary Hammer Drill Bit, 3/8x4x6 in",Milwaukee,48-20-8821,Rotary Hammer Drill Bit,3/8x4x6 in,TOOLS-Milwaukee-48-20-8821
"Milwaukee Masonry Drill Bit, 3/8 in",Milwaukee,48-20-8823,Masonry Drill Bit,3/8 in,TOOLS-Milwaukee-48-20-8823
"Milwaukee Rotary Hammer Drill Bit, 1/2 x 4 x 6 in",Milwaukee,48-20-8830,Rotary Hammer Drill Bit,1/2 x 4 x 6 in,TOOLS-Milwaukee-48-20-8830
"Milwaukee Masonry Drill Bit, 5/32 in x 6 in",Milwaukee,48-20-9001,Masonry Drill Bit,5/32 in x 6 in,TOOLS-Milwaukee-48-20-9001
"Milwaukee Masonry Drill Bit, 3/16 in x 4 in",Milwaukee,48-20-9005,Masonry Drill Bit,3/16 in x 4 in,TOOLS-Milwaukee-48-20-9005
"Milwaukee Masonry Drill Bit, 3/16x4x6 in",Milwaukee,48-20-9006,Masonry Drill Bit,3/16x4x6 in,TOOLS-Milwaukee-48-20-9006
"Milwaukee Masonry Drill Bit, 1/4 in x 6 in",Milwaukee,48-20-9011,Masonry Drill Bit,1/4 in x 6 in,TOOLS-Milwaukee-48-20-9011
"Milwaukee Masonry Drill Bit, 3/8x4x6 in",Milwaukee,48-20-9021,Masonry Drill Bit,3/8x4x6 in,TOOLS-Milwaukee-48-20-9021
"Milwaukee Drill Bit, 3/8 x 16 x 18 in",Milwaukee,48-20-9023,Drill Bit,3/8 x 16 x 18 in,TOOLS-Milwaukee-48-20-9023
"Milwaukee Masonry Drill Bit Set, 5 bits: 5/32 in to 3/8 in",Milwaukee,48-20-9051,Masonry Drill Bit Set,5 bits: 5/32 in to 3/8 in,TOOLS-Milwaukee-48-20-9051
"Milwaukee Hack Saw, 10 in",Milwaukee,48-22-0012,Hack Saw,10 in,TOOLS-Milwaukee-48-22-0012
"Milwaukee Jab Saw, 6 in",Milwaukee,48-22-0104,Jab Saw,6 in,TOOLS-Milwaukee-48-22-0104
"Milwaukee Tape Measure, 16 ft",Milwaukee,48-22-0116,Tape Measure,16 ft,TOOLS-Milwaukee-48-22-0116
"Milwaukee Tape Measure, 16 ft",Milwaukee,48-22-0216M,Tape Measure,16 ft,TOOLS-Milwaukee-48-22-0216M
"Milwaukee Tape Measure, 25 ft",Milwaukee,48-22-0225,Tape Measure,25 ft,TOOLS-Milwaukee-48-22-0225
"Milwaukee Tape Measure, 25 ft",Milwaukee,48-22-0225M,Tape Measure,25 ft,TOOLS-Milwaukee-48-22-0225M
"Milwaukee Tape Measure, 25ft",Milwaukee,48-22-0325,Tape Measure,25ft,TOOLS-Milwaukee-48-22-0325
"Milwaukee Tape Measure, 25 ft",Milwaukee,48-22-0325G,Tape Measure,25 ft,TOOLS-Milwaukee-48-22-0325G
"Milwaukee Tape Measure, 25 ft",Milwaukee,48-22-0327,Tape Measure,25 ft,TOOLS-Milwaukee-48-22-0327
Milwaukee Tape Measure,Milwaukee,48-22-0335,Tape Measure,,TOOLS-Milwaukee-48-22-0335
Milwaukee Utility Knife,Milwaukee,48-22-1500,Utility Knife,,TOOLS-Milwaukee-48-22-1500
Milwaukee Utility Knife,Milwaukee,48-22-1501,Utility Knife,,TOOLS-Milwaukee-48-22-1501
Milwaukee Utility Knife,Milwaukee,48-22-1502,Utility Knife,,TOOLS-Milwaukee-48-22-1502
Milwaukee Utility Knife,Milwaukee,48-22-1503,Utility Knife,,TOOLS-Milwaukee-48-22-1503
Milwaukee Utility Knife,Milwaukee,48-22-1503-48-22-1950,Utility Knife,,TOOLS-Milwaukee-48-22-1503-48-22-1950
Milwaukee Utility Knife,Milwaukee,48-22-1504,Utility Knife,,TOOLS-Milwaukee-48-22-1504
Milwaukee Utility Knife,Milwaukee,48-22-1505,Utility Knife,,TOOLS-Milwaukee-48-22-1505
Milwaukee Utility Knife,Milwaukee,48-22-1512,Utility Knife,,TOOLS-Milwaukee-48-22-1512
"Milwaukee Pocket Knife, 2.95 in",Milwaukee,48-22-1530,Pocket Knife,2.95 in,TOOLS-Milwaukee-48-22-1530
"Milwaukee Pocket Knife, 2.95 in",Milwaukee,48-22-1535,Pocket Knife,2.95 in,TOOLS-Milwaukee-48-22-1535
"Milwaukee Pocket Knife, 3 in",Milwaukee,48-22-1540,Pocket Knife,3 in,TOOLS-Milwaukee-48-22-1540
"Milwaukee Utility Knife Blade, 100 count",Milwaukee,48-22-1900,Utility Knife Blade,100 count,TOOLS-Milwaukee-48-22-1900
Milwaukee Utility Knife,Milwaukee,48-22-1901,Utility Knife,,TOOLS-Milwaukee-48-22-1901
"Milwaukee Utility Knife Blade, 5 piece",Milwaukee,48-22-1905,Utility Knife Blade,5 piece,TOOLS-Milwaukee-48-22-1905
Milwaukee Utility Knife,Milwaukee,48-22-1906,Utility Knife,,TOOLS-Milwaukee-48-22-1906
Milwaukee Utility Knife,Milwaukee,48-22-1909,Utility Knife,,TOOLS-Milwaukee-48-22-1909
Milwaukee Utility Knife,Milwaukee,48-22-1910,Utility Knife,,TOOLS-Milwaukee-48-22-1910
"Milwaukee Pocket Knife, 5 in",Milwaukee,48-22-1928,Pocket Knife,5 in,TOOLS-Milwaukee-48-22-1928
Milwaukee Utility Knife Blade,Milwaukee,48-22-1950,Utility Knife Blade,,TOOLS-Milwaukee-48-22-1950
Milwaukee Pocket Knife,Milwaukee,48-22-1990,Pocket Knife,,TOOLS-Milwaukee-48-22-1990
"Milwaukee Pocket Knife, 2.5 in",Milwaukee,48-22-1997,Pocket Knife,2.5 in,TOOLS-Milwaukee-48-22-1997
Milwaukee Multi-Bit Driver,Milwaukee,48-22-2101,Multi-Bit Driver,,TOOLS-Milwaukee-48-22-2101
"Milwaukee Hex Key Set, 3/32 in to 1/2 in",Milwaukee,48-22-2180,Hex Key Set,3/32 in to 1/2 in,TOOLS-Milwaukee-48-22-2180
"Milwaukee Hex Key Set, 1.5 mm to 8 mm",Milwaukee,48-22-2182,Hex Key Set,1.5 mm to 8 mm,TOOLS-Milwaukee-48-22-2182
"Milwaukee Screwdriver Set, 3 pieces",Milwaukee,48-22-2202,Screwdriver Set,3 pieces,TOOLS-Milwaukee-48-22-2202
"Milwaukee Nut Driver, 7 piece",Milwaukee,48-22-2507,Nut Driver,7 piece,TOOLS-Milwaukee-48-22-2507
Milwaukee Screwdriver Set,Milwaukee,48-22-2706,Screwdriver Set,,TOOLS-Milwaukee-48-22-2706
Milwaukee Reamer Screwdriver,Milwaukee,48-22-2870,Reamer Screwdriver,,TOOLS-Milwaukee-48-22-2870
Milwaukee Screwdriver,Milwaukee,48-22-2880,Screwdriver,,TOOLS-Milwaukee-48-22-2880
Milwaukee Screwdriver,Milwaukee,48-22-2880P,Screwdriver,,TOOLS-Milwaukee-48-22-2880P
Milwaukee Multi-Purpose Pliers,Milwaukee,48-22-3078,Multi-Purpose Pliers,,TOOLS-Milwaukee-48-22-3078
"Milwaukee Multi-Purpose Pliers, 7-3/4 in",Milwaukee,48-22-3079,Multi-Purpose Pliers,7-3/4 in,TOOLS-Milwaukee-48-22-3079
"Milwaukee Conduit Bender, 3/4 in",Milwaukee,48-22-4071,Conduit Bender,3/4 in,TOOLS-Milwaukee-48-22-4071
"Milwaukee Conduit Bender, 3/4 in",Milwaukee,48-22-4081,Conduit Bender,3/4 in,TOOLS-Milwaukee-48-22-4081
"Milwaukee Conduit Bender, 1 in",Milwaukee,48-22-4082,Conduit Bender,1 in,TOOLS-Milwaukee-48-22-4082
Milwaukee Fish Rod Set,Milwaukee,48-22-4152,Fish Rod Set,,TOOLS-Milwaukee-48-22-4152
"Milwaukee Fish Rod Set, 60 ft",Milwaukee,48-22-4156,Fish Rod Set,60 ft,TOOLS-Milwaukee-48-22-4156
"Milwaukee Fish Rod Set, 25ft",Milwaukee,48-22-4160,Fish Rod Set,25ft,TOOLS-Milwaukee-48-22-4160
"Milwaukee Fish Tape, 50 ft",Milwaukee,48-22-4162,Fish Tape,50 ft,TOOLS-Milwaukee-48-22-4162
"Milwaukee Fish Tape, 100 ft",Milwaukee,48-22-4165,Fish Tape,100 ft,TOOLS-Milwaukee-48-22-4165
"Milwaukee Fish Tape, 200 ft",Milwaukee,48-22-4167,Fish Tape,200 ft,TOOLS-Milwaukee-48-22-4167
"Milwaukee Fish Tape, 240 ft",Milwaukee,48-22-4178,Fish Tape,240 ft,TOOLS-Milwaukee-48-22-4178
Milwaukee Fish Tape,Milwaukee,48-22-4181,Fish Tape,,TOOLS-Milwaukee-48-22-4181
Milwaukee Fish Tape,Milwaukee,48-22-4185,Fish Tape,,TOOLS-Milwaukee-48-22-4185
"Milwaukee Fish Tape, 50 ft",Milwaukee,48-22-4192,Fish Tape,50 ft,TOOLS-Milwaukee-48-22-4192
"Milwaukee Fish Tape, 102 ft",Milwaukee,48-22-4195,Fish Tape,102 ft,TOOLS-Milwaukee-48-22-4195
Milwaukee Fish Tape,Milwaukee,48-22-4197,Fish Tape,,TOOLS-Milwaukee-48-22-4197
"Milwaukee Aviation Snips, 22 g",Milwaukee,48-22-4520,Aviation Snips,22 g,TOOLS-Milwaukee-48-22-4520
Milwaukee Aviation Snips,Milwaukee,48-22-4530,Aviation Snips,,TOOLS-Milwaukee-48-22-4530
Milwaukee Level,Milwaukee,48-22-5107,Level,,TOOLS-Milwaukee-48-22-5107
Milwaukee Lineman Pliers,Milwaukee,48-22-6100,Lineman Pliers,,TOOLS-Milwaukee-48-22-6100
"Milwaukee Needle Nose Pliers, 8 in",Milwaukee,48-22-6101,Needle Nose Pliers,8 in,TOOLS-Milwaukee-48-22-6101
Milwaukee Diagonal Cutting Pliers,Milwaukee,48-22-6106,Diagonal Cutting Pliers,,TOOLS-Milwaukee-48-22-6106
"Milwaukee Diagonal Cutting Pliers, 8 in",Milwaukee,48-22-6108,Diagonal Cutting Pliers,8 in,TOOLS-Milwaukee-48-22-6108
"Milwaukee Wire Stripper, 20 AWG to 10 AWG",Milwaukee,48-22-6109,Wire Stripper,20 AWG to 10 AWG,TOOLS-Milwaukee-48-22-6109
Milwaukee Tongue And Groove Pliers,Milwaukee,48-22-6306,Tongue And Groove Pliers,,TOOLS-Milwaukee-48-22-6306
"Milwaukee Tongue And Groove Pliers, 10 in",Milwaukee,48-22-6310,Tongue And Groove Pliers,10 in,TOOLS-Milwaukee-48-22-6310
"Milwaukee Tongue And Groove Pliers Set, 2 pliers: 6 in to 10 in",Milwaukee,48-22-6330,Tongue And Groove Pliers Set,2 pliers: 6 in to 10 in,TOOLS-Milwaukee-48-22-6330
"Milwaukee Pliers Set, 3 count",Milwaukee,48-22-6331,Pliers Set,3 count,TOOLS-Milwaukee-48-22-6331
"Milwaukee Tape Measure, 25 ft",Milwaukee,48-22-6625,Tape Measure,25 ft,TOOLS-Milwaukee-48-22-6625
Milwaukee Tape Measure,Milwaukee,48-22-6630,Tape Measure,,TOOLS-Milwaukee-48-22-6630
"Milwaukee Tape Measure, 25 ft",Milwaukee,48-22-6825,Tape Measure,25 ft,TOOLS-Milwaukee-48-22-6825
Milwaukee Tape Measure,Milwaukee,48-22-7125,Tape Measure,,TOOLS-Milwaukee-48-22-7125
Milwaukee Tool Box,Milwaukee,48-22-8030,Tool Box,,TOOLS-Milwaukee-48-22-8030
Milwaukee Tool Belt,Milwaukee,48-22-8110,Tool Belt,,TOOLS-Milwaukee-48-22-8110
Milwaukee Tool Pouch,Milwaukee,48-22-8112,Tool Pouch,,TOOLS-Milwaukee-48-22-8112
Milwaukee Padded Suspenders,Milwaukee,48-22-8145,Padded Suspenders,,TOOLS-Milwaukee-48-22-8145
Milwaukee Tool Bag,Milwaukee,48-22-8180,Tool Bag,,TOOLS-Milwaukee-48-22-8180
"Milwaukee Tool Backpack, 10 in",Milwaukee,48-22-8200,Tool Backpack,10 in,TOOLS-Milwaukee-48-22-8200
"Milwaukee Tool Backpack, 15 in, PACKOUT",Milwaukee,48-22-8301,Tool Backpack,"15 in, PACKOUT",TOOLS-Milwaukee-48-22-8301
"Milwaukee Tool Box, 10 in",Milwaukee,48-22-8310,Tool Box,10 in,TOOLS-Milwaukee-48-22-8310
"Milwaukee Tool Box, 15 in",Milwaukee,48-22-8315,Tool Box,15 in,TOOLS-Milwaukee-48-22-8315
"Milwaukee Tool Box, 20 in",Milwaukee,48-22-8320,Tool Box,20 in,TOOLS-Milwaukee-48-22-8320
Milwaukee Tool Rack,Milwaukee,48-22-8343,Tool Rack,,TOOLS-Milwaukee-48-22-8343
"Milwaukee Hand Truck, PACKOUT",Milwaukee,48-22-8415,Hand Truck,PACKOUT,TOOLS-Milwaukee-48-22-8415
"Milwaukee Tool Box, 16.2 in x 9.8 in x 13 in",Milwaukee,48-22-8422,Tool Box,16.2 in x 9.8 in x 13 in,TOOLS-Milwaukee-48-22-8422
"Milwaukee Tool Box, 22.1 in x 16.2 in x 6.5 in",Milwaukee,48-22-8424,Tool Box,22.1 in x 16.2 in x 6.5 in,TOOLS-Milwaukee-48-22-8424
Milwaukee Tool Box,Milwaukee,48-22-8425,Tool Box,,TOOLS-Milwaukee-48-22-8425
"Milwaukee Tool Box, 18.6 in x 25.6 in x 22.1 in",Milwaukee,48-22-8426,Tool Box,18.6 in x 25.6 in x 22.1 in,TOOLS-Milwaukee-48-22-8426
Milwaukee Tool Box,Milwaukee,48-22-8429,Tool Box,,TOOLS-Milwaukee-48-22-8429
Milwaukee Hardware Organizer,Milwaukee,48-22-8430,Hardware Organizer,,TOOLS-Milwaukee-48-22-8430
"Milwaukee Hardware Organizer, 23 compartments",Milwaukee,48-22-8431,Hardware Organizer,23 compartments,TOOLS-Milwaukee-48-22-8431
"Milwaukee Hardware Organizer, 6 compartments",Milwaukee,48-22-8432,Hardware Organizer,6 compartments,TOOLS-Milwaukee-48-22-8432
"Milwaukee Hardware Organizer, 5 compartments",Milwaukee,48-22-8435,Hardware Organizer,5 compartments,TOOLS-Milwaukee-48-22-8435
Milwaukee Tool Box,Milwaukee,48-22-8436,Tool Box,,TOOLS-Milwaukee-48-22-8436
"Milwaukee Tool Box, 16.3 in x 14.3 in x 22.2 in",Milwaukee,48-22-8442,Tool Box,16.3 in x 14.3 in x 22.2 in,TOOLS-Milwaukee-48-22-8442
"Milwaukee Tool Box, 22 in",Milwaukee,48-22-8443,Tool Box,22 in,TOOLS-Milwaukee-48-22-8443
"Milwaukee Drawer Dividers, PACKOUT",Milwaukee,48-22-8473,Drawer Dividers,PACKOUT,TOOLS-Milwaukee-48-22-8473
Milwaukee Ratchet/Socket Kit,Milwaukee,48-22-9008,Ratchet/Socket Kit,,TOOLS-Milwaukee-48-22-9008
Milwaukee Hammer,Milwaukee,48-22-9016,Hammer,,TOOLS-Milwaukee-48-22-9016
"Milwaukee Hammer, 16 oz",Milwaukee,48-22-9018,Hammer,16 oz,TOOLS-Milwaukee-48-22-9018
Milwaukee Box Wrench,Milwaukee,48-22-9212,Box Wrench,,TOOLS-Milwaukee-48-22-9212
"Milwaukee Combination Wrench Set, 15 pieces: 1/4 in to 1 in",Milwaukee,48-22-9416,Combination Wrench Set,15 pieces: 1/4 in to 1 in,TOOLS-Milwaukee-48-22-9416
"Milwaukee Ratchet/Socket Kit, 24 sockets: 3/8 in to 9/16 in",Milwaukee,48-22-9481,Ratchet/Socket Kit,24 sockets: 3/8 in to 9/16 in,TOOLS-Milwaukee-48-22-9481
"Milwaukee Ratchet/Socket Kit, 106 piece",Milwaukee,48-22-9486,Ratchet/Socket Kit,106 piece,TOOLS-Milwaukee-48-22-9486
"Milwaukee Tape Measure, 25 ft",Milwaukee,48-22-9725M,Tape Measure,25 ft,TOOLS-Milwaukee-48-22-9725M
"Milwaukee Self-Feed Bit, 1-1/8 in",Milwaukee,48-25-1122,Self-Feed Bit,1-1/8 in,TOOLS-Milwaukee-48-25-1122
"Milwaukee Self-Feed Bit, 1-1/2 in",Milwaukee,48-25-1502,Self-Feed Bit,1-1/2 in,TOOLS-Milwaukee-48-25-1502
"Milwaukee Self-Feed Bit, 1-3/4 in",Milwaukee,48-25-1752,Self-Feed Bit,1-3/4 in,TOOLS-Milwaukee-48-25-1752
"Milwaukee Self-Feed Bit, 2 in",Milwaukee,48-25-2002,Self-Feed Bit,2 in,TOOLS-Milwaukee-48-25-2002
"Milwaukee Spade Bit, 1 in x 4-1/2 in",Milwaukee,48-27-0013,Spade Bit,1 in x 4-1/2 in,TOOLS-Milwaukee-48-27-0013
Milwaukee Spade Bit,Milwaukee,48-27-0621,Spade Bit,,TOOLS-Milwaukee-48-27-0621
"Milwaukee Spade Bit, 3/4 in",Milwaukee,48-27-0751,Spade Bit,3/4 in,TOOLS-Milwaukee-48-27-0751
"Milwaukee Spade Bit, 13/16 in",Milwaukee,48-27-0811,Spade Bit,13/16 in,TOOLS-Milwaukee-48-27-0811
"Milwaukee Spade Bit, 7/8 in",Milwaukee,48-27-0871,Spade Bit,7/8 in,TOOLS-Milwaukee-48-27-0871
"Milwaukee Spade Bit, 1 in x 6 in",Milwaukee,48-27-1001,Spade Bit,1 in x 6 in,TOOLS-Milwaukee-48-27-1001
"Milwaukee Spade Bit, 1-1/8 in x 6 in",Milwaukee,48-27-1121,Spade Bit,1-1/8 in x 6 in,TOOLS-Milwaukee-48-27-1121
"Milwaukee Spade Bit, 1-1/4 in x 6 in",Milwaukee,48-27-1251,Spade Bit,1-1/4 in x 6 in,TOOLS-Milwaukee-48-27-1251
"Milwaukee Spade Bit, 1-3/8 in x 6 in",Milwaukee,48-27-1371,Spade Bit,1-3/8 in x 6 in,TOOLS-Milwaukee-48-27-1371
"Milwaukee Spade Bit, 1-1/2 in x 6 in",Milwaukee,48-27-1501,Spade Bit,1-1/2 in x 6 in,TOOLS-Milwaukee-48-27-1501
"Milwaukee Bit Holder/Extender, 6 in",Milwaukee,48-28-1010,Bit Holder/Extender,6 in,TOOLS-Milwaukee-48-28-1010
"Milwaukee Bit Holder/Extender, 12x1/4 in",Milwaukee,48-28-1020,Bit Holder/Extender,12x1/4 in,TOOLS-Milwaukee-48-28-1020
"Milwaukee Bit Holder/Extender, 5-1/2 in x 7/16 in",Milwaukee,48-28-1030,Bit Holder/Extender,5-1/2 in x 7/16 in,TOOLS-Milwaukee-48-28-1030
Milwaukee Bit Holder/Extender,Milwaukee,48-28-1040,Bit Holder/Extender,,TOOLS-Milwaukee-48-28-1040
"Milwaukee Bit Holder/Extender, 18 x 7/16 in",Milwaukee,48-28-1050,Bit Holder/Extender,18 x 7/16 in,TOOLS-Milwaukee-48-28-1050
"Milwaukee Bit Holder/Extender, 24 in",Milwaukee,48-28-1060,Bit Holder/Extender,24 in,TOOLS-Milwaukee-48-28-1060
"Milwaukee Bit Holder/Extender, 12 in",Milwaukee,48-28-2020,Bit Holder/Extender,12 in,TOOLS-Milwaukee-48-28-2020
"Milwaukee Bit Holder/Extender, 5-1/2 in",Milwaukee,48-28-4001,Bit Holder/Extender,5-1/2 in,TOOLS-Milwaukee-48-28-4001
"Milwaukee Bit Holder/Extender, 12 in",Milwaukee,48-28-4006,Bit Holder/Extender,12 in,TOOLS-Milwaukee-48-28-4006
"Milwaukee Bit Holder/Extender, 3/8 in",Milwaukee,48-28-4008,Bit Holder/Extender,3/8 in,TOOLS-Milwaukee-48-28-4008
"Milwaukee Bit Holder/Extender, 5-1/2 in",Milwaukee,48-289-1030,Bit Holder/Extender,5-1/2 in,TOOLS-Milwaukee-48-289-1030
"Milwaukee Bit Holder/Extender, 5 piece",Milwaukee,48-32-2350,Bit Holder/Extender,5 piece,TOOLS-Milwaukee-48-32-2350
Milwaukee Right Angle Adapter,Milwaukee,48-32-2390,Right Angle Adapter,,TOOLS-Milwaukee-48-32-2390
"Milwaukee Bit Holder/Extender, 3 in",Milwaukee,48-32-3065,Bit Holder/Extender,3 in,TOOLS-Milwaukee-48-32-3065
"Milwaukee Drill/Driver Bit Set, 32 pieces",Milwaukee,48-32-4004,Drill/Driver Bit Set,32 pieces,TOOLS-Milwaukee-48-32-4004
Milwaukee Driver Bit Set,Milwaukee,48-32-4005,Driver Bit Set,,TOOLS-Milwaukee-48-32-4005
"Milwaukee Drill/Driver Bit Set, 40 piece",Milwaukee,48-32-4006,Drill/Driver Bit Set,40 piece,TOOLS-Milwaukee-48-32-4006
"Milwaukee Driver Bit Set, 54 bits",Milwaukee,48-32-4010,Driver Bit Set,54 bits,TOOLS-Milwaukee-48-32-4010
"Milwaukee Screwdriver Bit Set, 74 piece",Milwaukee,48-32-4062,Screwdriver Bit Set,74 piece,TOOLS-Milwaukee-48-32-4062
"Milwaukee Driver Bit Set, 100 bits",Milwaukee,48-32-4082,Driver Bit Set,100 bits,TOOLS-Milwaukee-48-32-4082
"Milwaukee Driver Bit Set, 80 piece",Milwaukee,48-32-4094,Driver Bit Set,80 piece,TOOLS-Milwaukee-48-32-4094
"Milwaukee Screwdriver Bit Set, 18 piece",Milwaukee,48-32-4403,Screwdriver Bit Set,18 piece,TOOLS-Milwaukee-48-32-4403
"Milwaukee Driver Bit Set, 26 piece",Milwaukee,48-32-4408,Driver Bit Set,26 piece,TOOLS-Milwaukee-48-32-4408
"Milwaukee Screwdriver Bit, #1 Phillips",Milwaukee,48-32-4411,Screwdriver Bit,#1 Phillips,TOOLS-Milwaukee-48-32-4411
"Milwaukee Screwdriver Bit, 1 in",Milwaukee,48-32-4412,Screwdriver Bit,1 in,TOOLS-Milwaukee-48-32-4412
Milwaukee Screwdriver Bit,Milwaukee,48-32-4422,Screwdriver Bit,,TOOLS-Milwaukee-48-32-4422
"Milwaukee Driver Bit Set, 2 pieces",Milwaukee,48-32-444,Driver Bit Set,2 pieces,TOOLS-Milwaukee-48-32-444
"Milwaukee Screwdriver Bit, 2 in",Milwaukee,48-32-4462,Screwdriver Bit,2 in,TOOLS-Milwaukee-48-32-4462
"Milwaukee Screwdriver Bit, #2 Square",Milwaukee,48-32-4472,Screwdriver Bit,#2 Square,TOOLS-Milwaukee-48-32-4472
"Milwaukee Screwdriver Bit, 2 in",Milwaukee,48-32-4485,Screwdriver Bit,2 in,TOOLS-Milwaukee-48-32-4485
"Milwaukee Screwdriver Bit, 2 in",Milwaukee,48-32-4487,Screwdriver Bit,2 in,TOOLS-Milwaukee-48-32-4487
"Milwaukee Bit Holder/Extender, 2.36 in",Milwaukee,48-32-4502,Bit Holder/Extender,2.36 in,TOOLS-Milwaukee-48-32-4502
"Milwaukee Bit Holder/Extender, 3 in",Milwaukee,48-32-4503,Bit Holder/Extender,3 in,TOOLS-Milwaukee-48-32-4503
"Milwaukee Bit Holder/Extender, 3 in",Milwaukee,48-32-4505,Bit Holder/Extender,3 in,TOOLS-Milwaukee-48-32-4505
"Milwaukee Bit Holder/Extender, 3 in",Milwaukee,48-32-4508,Bit Holder/Extender,3 in,TOOLS-Milwaukee-48-32-4508
"Milwaukee Bit Holder/Extender, 6 in",Milwaukee,48-32-4511,Bit Holder/Extender,6 in,TOOLS-Milwaukee-48-32-4511
"Milwaukee Bit Holder/Extender, 12 in",Milwaukee,48-32-4512,Bit Holder/Extender,12 in,TOOLS-Milwaukee-48-32-4512
"Milwaukee Bit Holder/Extender, 2.875 in",Milwaukee,48-32-4531,Bit Holder/Extender,2.875 in,TOOLS-Milwaukee-48-32-4531
Milwaukee Bit Holder/Extender,Milwaukee,48-32-4532,Bit Holder/Extender,,TOOLS-Milwaukee-48-32-4532
"Milwaukee Bit Holder/Extender, 12 in",Milwaukee,48-32-4533,Bit Holder/Extender,12 in,TOOLS-Milwaukee-48-32-4533
"Milwaukee Screwdriver Bit, #2 Phillips",Milwaukee,48-32-4562,Screwdriver Bit,#2 Phillips,TOOLS-Milwaukee-48-32-4562
"Milwaukee Screwdriver Bit, #2 x 3-1/2 in",Milwaukee,48-32-4564,Screwdriver Bit,#2 x 3-1/2 in,TOOLS-Milwaukee-48-32-4564
"Milwaukee Screwdriver Bit, #2 x 3-1/2 in",Milwaukee,48-32-4572,Screwdriver Bit,#2 x 3-1/2 in,TOOLS-Milwaukee-48-32-4572
"Milwaukee Screwdriver Bit, 1/4 in",Milwaukee,48-32-4601,Screwdriver Bit,1/4 in,TOOLS-Milwaukee-48-32-4601
"Milwaukee Screwdriver Bit, 2 in",Milwaukee,48-32-4602,Screwdriver Bit,2 in,TOOLS-Milwaukee-48-32-4602
"Milwaukee Screwdriver Bit, 1 in",Milwaukee,48-32-4604,Screwdriver Bit,1 in,TOOLS-Milwaukee-48-32-4604
Milwaukee Screwdriver Bit,Milwaukee,48-32-4605,Screwdriver Bit,,TOOLS-Milwaukee-48-32-4605
"Milwaukee Screwdriver Bit, #2",Milwaukee,48-32-4606,Screwdriver Bit,#2,TOOLS-Milwaukee-48-32-4606
"Milwaukee Driver Bit Set, 7 pieces",Milwaukee,48-32-4615,Driver Bit Set,7 pieces,TOOLS-Milwaukee-48-32-4615
"Milwaukee Screwdriver Bit, #2 Phillips",Milwaukee,48-32-4662,Screwdriver Bit,#2 Phillips,TOOLS-Milwaukee-48-32-4662
Milwaukee Screwdriver,Milwaukee,48-32-4663,Screwdriver,,TOOLS-Milwaukee-48-32-4663
"Milwaukee Screwdriver Bit, #2 Phillips",Milwaukee,48-32-4712,Screwdriver Bit,#2 Phillips,TOOLS-Milwaukee-48-32-4712
Milwaukee Screwdriver Bit,Milwaukee,48-32-4722,Screwdriver Bit,,TOOLS-Milwaukee-48-32-4722
Milwaukee Screwdriver Bit,Milwaukee,48-32-4742,Screwdriver Bit,,TOOLS-Milwaukee-48-32-4742
"Milwaukee Screwdriver Bit, 2 in",Milwaukee,48-32-4762,Screwdriver Bit,2 in,TOOLS-Milwaukee-48-32-4762
"Milwaukee Screwdriver Bit, #2 x 3-1/2 in",Milwaukee,48-32-4791,Screwdriver Bit,#2 x 3-1/2 in,TOOLS-Milwaukee-48-32-4791
"Milwaukee Screwdriver Bit, #2 Phillips",Milwaukee,48-32-4802,Screwdriver Bit,#2 Phillips,TOOLS-Milwaukee-48-32-4802
Milwaukee Bit Holder/Extender,Milwaukee,48-32-4803,Bit Holder/Extender,,TOOLS-Milwaukee-48-32-4803
"Milwaukee Screwdriver Bit, #2 x 6 in",Milwaukee,48-32-4805,Screwdriver Bit,#2 x 6 in,TOOLS-Milwaukee-48-32-4805
Milwaukee Screwdriver Bit,Milwaukee,48-32-4807,Screwdriver Bit,,TOOLS-Milwaukee-48-32-4807
"Milwaukee Screwdriver Bit, #2 Square",Milwaukee,48-32-4815,Screwdriver Bit,#2 Square,TOOLS-Milwaukee-48-32-4815
Milwaukee Screwdriver Bit,Milwaukee,48-32-4881,Screwdriver Bit,,TOOLS-Milwaukee-48-32-4881
"Milwaukee Driver Bit, 2 in",Milwaukee,48-32-4916,Driver Bit,2 in,TOOLS-Milwaukee-48-32-4916
"Milwaukee Screwdriver Bit, 1/4 in #10",Milwaukee,48-32-4918,Screwdriver Bit,1/4 in #10,TOOLS-Milwaukee-48-32-4918
"Milwaukee Screwdriver Bit, 2 in",Milwaukee,48-32-4919,Screwdriver Bit,2 in,TOOLS-Milwaukee-48-32-4919
"Milwaukee Screwdriver Bit, 15 piece",Milwaukee,48-32-5003,Screwdriver Bit,15 piece,TOOLS-Milwaukee-48-32-5003
"Milwaukee Driver Bit Set, 15 pieces",Milwaukee,48-32-5004,Driver Bit Set,15 pieces,TOOLS-Milwaukee-48-32-5004
"Milwaukee Socket Adapter Bit, 1/4 in",Milwaukee,48-32-5030,Socket Adapter Bit,1/4 in,TOOLS-Milwaukee-48-32-5030
"Milwaukee Socket Adapter Bit, 3/8 in",Milwaukee,48-32-5031,Socket Adapter Bit,3/8 in,TOOLS-Milwaukee-48-32-5031
"Milwaukee Socket Adapter Bit, 1/2 in",Milwaukee,48-32-5032,Socket Adapter Bit,1/2 in,TOOLS-Milwaukee-48-32-5032
"Milwaukee Socket Adapter Bit Set, 3 bits, 1/2 in to 3/8 in",Milwaukee,48-32-5033,Socket Adapter Bit Set,"3 bits, 1/2 in to 3/8 in",TOOLS-Milwaukee-48-32-5033
"Milwaukee Socket Adapter Bit, 1/2 in",Milwaukee,48-32-5034,Socket Adapter Bit,1/2 in,TOOLS-Milwaukee-48-32-5034
"Milwaukee Band Saw Blade, 35-3/8 in x 10 tpi",Milwaukee,48-39-0509,Band Saw Blade,35-3/8 in x 10 tpi,TOOLS-Milwaukee-48-39-0509
"Milwaukee Band Saw Blade, 18tpi",Milwaukee,48-39-0520,Band Saw Blade,18tpi,TOOLS-Milwaukee-48-39-0520
"Milwaukee Band Saw Blade, 44-7/8 in",Milwaukee,48-39-0521,Band Saw Blade,44-7/8 in,TOOLS-Milwaukee-48-39-0521
"Milwaukee Band Saw Blade, 18tpi",Milwaukee,48-39-0524,Band Saw Blade,18tpi,TOOLS-Milwaukee-48-39-0524
"Milwaukee Band Saw Blade, 35-3/8 in x 18 tpi",Milwaukee,48-39-0528,Band Saw Blade,35-3/8 in x 18 tpi,TOOLS-Milwaukee-48-39-0528
"Milwaukee Band Saw Blade, 35-3/8 in x 18 tpi",Milwaukee,48-39-0529,Band Saw Blade,35-3/8 in x 18 tpi,TOOLS-Milwaukee-48-39-0529
"Milwaukee Band Saw Blade, 44-7/8 in x 24 tpi",Milwaukee,48-39-0530,Band Saw Blade,44-7/8 in x 24 tpi,TOOLS-Milwaukee-48-39-0530
"Milwaukee Band Saw Blade, 44-7/8 in x 24 tpi",Milwaukee,48-39-0531,Band Saw Blade,44-7/8 in x 24 tpi,TOOLS-Milwaukee-48-39-0531
"Milwaukee Band Saw Blade, 35-3/8 in x 24 tpi",Milwaukee,48-39-0539,Band Saw Blade,35-3/8 in x 24 tpi,TOOLS-Milwaukee-48-39-0539
"Milwaukee Band Saw Blade, 27 in x 18 tpi",Milwaukee,48-39-0572,Band Saw Blade,27 in x 18 tpi,TOOLS-Milwaukee-48-39-0572
"Milwaukee Band Saw Blade, 32-7/8 in x 18 tpi",Milwaukee,48-39-0579,Band Saw Blade,32-7/8 in x 18 tpi,TOOLS-Milwaukee-48-39-0579
"Milwaukee Band Saw Blade, 35-3/8 in x 8/10 tpi",Milwaukee,48-39-0609,Band Saw Blade,35-3/8 in x 8/10 tpi,TOOLS-Milwaukee-48-39-0609
"Milwaukee Band Saw Blade, 35-3/8 in x 14 tpi",Milwaukee,48-39-0619,Band Saw Blade,35-3/8 in x 14 tpi,TOOLS-Milwaukee-48-39-0619
"Milwaukee Band Saw Blade, 30-9/16 in x 12/14 tpi",Milwaukee,48-39-0631,Band Saw Blade,30-9/16 in x 12/14 tpi,TOOLS-Milwaukee-48-39-0631
"Milwaukee Band Saw Blade, 30-9/16 in x 8/10 tpi",Milwaukee,48-39-0635,Band Saw Blade,30-9/16 in x 8/10 tpi,TOOLS-Milwaukee-48-39-0635
"Milwaukee Band Saw Blade, 3 piece",Milwaukee,48-39-0711,Band Saw Blade,3 piece,TOOLS-Milwaukee-48-39-0711
Milwaukee Fish Tape,Milwaukee,48-44-5195,Fish Tape,,TOOLS-Milwaukee-48-44-5195
Milwaukee Tool Bag,Milwaukee,48-55-3500,Tool Bag,,TOOLS-Milwaukee-48-55-3500
Milwaukee Tool Bag,Milwaukee,48-55-3530,Tool Bag,,TOOLS-Milwaukee-48-55-3530
"Milwaukee Tool Battery, 12.0ah",Milwaukee,48-59-1200,Tool Battery,12.0ah,TOOLS-Milwaukee-48-59-1200
Milwaukee Tool Battery Charger,Milwaukee,48-59-1802,Tool Battery Charger,,TOOLS-Milwaukee-48-59-1802
Milwaukee Tool Battery Charger,Milwaukee,48-59-1806,Tool Battery Charger,,TOOLS-Milwaukee-48-59-1806
Milwaukee Tool Battery Charger,Milwaukee,48-59-1807,Tool Battery Charger,,TOOLS-Milwaukee-48-59-1807
"Milwaukee Tool Battery Charger, 12v to 18v",Milwaukee,48-59-1808,Tool Battery Charger,12v to 18v,TOOLS-Milwaukee-48-59-1808
"Milwaukee Tool Battery Charger, 18v",Milwaukee,48-59-1809,Tool Battery Charger,18v,TOOLS-Milwaukee-48-59-1809
Milwaukee Tool Battery Charger,Milwaukee,48-59-1812,Tool Battery Charger,,TOOLS-Milwaukee-48-59-1812
Milwaukee Tool Battery Charger,Milwaukee,48-59-1850,Tool Battery Charger,,TOOLS-Milwaukee-48-59-1850
Milwaukee Ground Rod Driver,Milwaukee,48-62-2046,Ground Rod Driver,,TOOLS-Milwaukee-48-62-2046
"Milwaukee Rotary Hammer Chisel, 18 in",Milwaukee,48-62-4077,Rotary Hammer Chisel,18 in,TOOLS-Milwaukee-48-62-4077
"Milwaukee Rotary Hammer Drill Bit, 11 in",Milwaukee,48-62-4079,Rotary Hammer Drill Bit,11 in,TOOLS-Milwaukee-48-62-4079
"Milwaukee Ground Rod Driver, 10-1/2 in",Milwaukee,48-62-4091,Ground Rod Driver,10-1/2 in,TOOLS-Milwaukee-48-62-4091
"Milwaukee Rotary Hammer Chisel, 3/4 x 10 in",Milwaukee,48-62-6015,Rotary Hammer Chisel,3/4 x 10 in,TOOLS-Milwaukee-48-62-6015
Milwaukee Rotary Hammer Drill Bit,Milwaukee,48-62-6020,Rotary Hammer Drill Bit,,TOOLS-Milwaukee-48-62-6020
"Milwaukee Ground Rod Driver, 1/2 in to 5/8 in",Milwaukee,48-62-6031,Ground Rod Driver,1/2 in to 5/8 in,TOOLS-Milwaukee-48-62-6031
"Milwaukee Ground Rod Driver, 1/2 to 5/8 in",Milwaukee,48-62-6031,Ground Rod Driver,1/2 to 5/8 in,TOOLS-Milwaukee-48-62-6031
"Milwaukee Knee Pads, One Size",Milwaukee,48-73-6010,Knee Pads,One Size,TOOLS-Milwaukee-48-73-6010
"Milwaukee Split Point Drill Bit, 3/16 in",Milwaukee,48-89-2309,Split Point Drill Bit,3/16 in,TOOLS-Milwaukee-48-89-2309
"Milwaukee Split Point Drill Bit, 1/4 in",Milwaukee,48-89-2313,Split Point Drill Bit,1/4 in,TOOLS-Milwaukee-48-89-2313
"Milwaukee Split Point Drill Bit, 5/16 in",Milwaukee,48-89-2317,Split Point Drill Bit,5/16 in,TOOLS-Milwaukee-48-89-2317
"Milwaukee Split Point Drill Bit, 1/8 in",Milwaukee,48-89-2714,Split Point Drill Bit,1/8 in,TOOLS-Milwaukee-48-89-2714
"Milwaukee Split Point Drill Bit, 5/32 in",Milwaukee,48-89-2716,Split Point Drill Bit,5/32 in,TOOLS-Milwaukee-48-89-2716
"Milwaukee Split Point Drill Bit, 3/16 in",Milwaukee,48-89-2718,Split Point Drill Bit,3/16 in,TOOLS-Milwaukee-48-89-2718
"Milwaukee Split Point Drill Bit, 7/32 in",Milwaukee,48-89-2720,Split Point Drill Bit,7/32 in,TOOLS-Milwaukee-48-89-2720
"Milwaukee Split Point Drill Bit, 1/4 in",Milwaukee,48-89-2722,Split Point Drill Bit,1/4 in,TOOLS-Milwaukee-48-89-2722
"Milwaukee Split Point Drill Bit, 5/16 in",Milwaukee,48-89-2726,Split Point Drill Bit,5/16 in,TOOLS-Milwaukee-48-89-2726
"Milwaukee Split Point Drill Bit, 3/8 in",Milwaukee,48-89-2730,Split Point Drill Bit,3/8 in,TOOLS-Milwaukee-48-89-2730
"Milwaukee Split Point Drill Bit, 3/16 x 12 in",Milwaukee,48-89-2771,Split Point Drill Bit,3/16 x 12 in,TOOLS-Milwaukee-48-89-2771
"Milwaukee Split Point Drill Bit, 1/4 in",Milwaukee,48-89-2772,Split Point Drill Bit,1/4 in,TOOLS-Milwaukee-48-89-2772
"Milwaukee Split Point Drill Bit, 5/16 in x 12 in",Milwaukee,48-89-2773,Split Point Drill Bit,5/16 in x 12 in,TOOLS-Milwaukee-48-89-2773
"Milwaukee Split Point Drill Bit, 3/8 in",Milwaukee,48-89-2774,Split Point Drill Bit,3/8 in,TOOLS-Milwaukee-48-89-2774
"Milwaukee Split Point Drill Bit Set, 15 piece",Milwaukee,48-89-2803,Split Point Drill Bit Set,15 piece,TOOLS-Milwaukee-48-89-2803
"Milwaukee Drill Bit Set, 5/64 in",Milwaukee,48-89-2821,Drill Bit Set,5/64 in,TOOLS-Milwaukee-48-89-2821
"Milwaukee Split Point Drill Bit, 1/8 in",Milwaukee,48-89-2824,Split Point Drill Bit,1/8 in,TOOLS-Milwaukee-48-89-2824
"Milwaukee Split Point Drill Bit, 5/32 in",Milwaukee,48-89-2826,Split Point Drill Bit,5/32 in,TOOLS-Milwaukee-48-89-2826
"Milwaukee Split Point Drill Bit, 3/16 in",Milwaukee,48-89-2828,Split Point Drill Bit,3/16 in,TOOLS-Milwaukee-48-89-2828
"Milwaukee Drill Bit Set, 3/16 in",Milwaukee,48-89-2829,Drill Bit Set,3/16 in,TOOLS-Milwaukee-48-89-2829
"Milwaukee Split Point Drill Bit, 7/32 in",Milwaukee,48-89-2830,Split Point Drill Bit,7/32 in,TOOLS-Milwaukee-48-89-2830
"Milwaukee Split Point Drill Bit, 1/4 in",Milwaukee,48-89-2832,Split Point Drill Bit,1/4 in,TOOLS-Milwaukee-48-89-2832
"Milwaukee Split Point Drill Bit, 5/16 in",Milwaukee,48-89-2836,Split Point Drill Bit,5/16 in,TOOLS-Milwaukee-48-89-2836
"Milwaukee Split Point Drill Bit, 3/8 in",Milwaukee,48-89-2840,Split Point Drill Bit,3/8 in,TOOLS-Milwaukee-48-89-2840
"Milwaukee Split Point Drill Bit, 7/32 in x 4 in",Milwaukee,48-89-4611,Split Point Drill Bit,7/32 in x 4 in,TOOLS-Milwaukee-48-89-4611
Milwaukee Split Point Drill Bit Set,Milwaukee,48-89-4630,Split Point Drill Bit Set,,TOOLS-Milwaukee-48-89-4630
"Milwaukee Split Point Drill Bit Set, 23 piece: 1/16 in to 3/8 in",Milwaukee,48-89-4631,Split Point Drill Bit Set,23 piece: 1/16 in to 3/8 in,TOOLS-Milwaukee-48-89-4631
"Milwaukee Drill Bit Set, 4 piece",Milwaukee,48-89-4644,Drill Bit Set,4 piece,TOOLS-Milwaukee-48-89-4644
"Milwaukee Split Point Drill Bit Set, 15 piece",Milwaukee,48-89-4670,Split Point Drill Bit Set,15 piece,TOOLS-Milwaukee-48-89-4670
"Milwaukee Step Drill Bit, 1/8-1/2 in",Milwaukee,48-89-9201,Step Drill Bit,1/8-1/2 in,TOOLS-Milwaukee-48-89-9201
"Milwaukee Step Drill Bit, 3/16 in to 7/8 in",Milwaukee,48-89-9204,Step Drill Bit,3/16 in to 7/8 in,TOOLS-Milwaukee-48-89-9204
"Milwaukee Step Drill Bit, 1/4-1-3/8 in",Milwaukee,48-89-9205,Step Drill Bit,1/4-1-3/8 in,TOOLS-Milwaukee-48-89-9205
"Milwaukee Step Drill Bit, 1/2-1 in",Milwaukee,48-89-9208,Step Drill Bit,1/2-1 in,TOOLS-Milwaukee-48-89-9208
"Milwaukee Step Drill Bit, 7/8-1-1/8 in",Milwaukee,48-89-9209,Step Drill Bit,7/8-1-1/8 in,TOOLS-Milwaukee-48-89-9209
"Milwaukee Step Drill Bit, 7/8 in to 1-7/32 in",Milwaukee,48-89-9211,Step Drill Bit,7/8 in to 1-7/32 in,TOOLS-Milwaukee-48-89-9211
"Milwaukee Step Drill Bit, 7/8-1-3/8 in",Milwaukee,48-89-9212,Step Drill Bit,7/8-1-3/8 in,TOOLS-Milwaukee-48-89-9212
"Milwaukee Step Drill Bit, 1/8-1-3/8 in",Milwaukee,48-89-9223,Step Drill Bit,1/8-1-3/8 in,TOOLS-Milwaukee-48-89-9223
"Milwaukee Step Drill Bit, 1/8 in to 1/2 in",Milwaukee,48-89-9241,Step Drill Bit,1/8 in to 1/2 in,TOOLS-Milwaukee-48-89-9241
"Milwaukee Step Drill Bit, 3/16-7/8 in",Milwaukee,48-89-9244,Step Drill Bit,3/16-7/8 in,TOOLS-Milwaukee-48-89-9244
"Milwaukee Step Drill Bit,  7/8x1-1/8x1/4 in",Milwaukee,48-89-9249,Step Drill Bit, 7/8x1-1/8x1/4 in,TOOLS-Milwaukee-48-89-9249
"Milwaukee Step Drill Bit Set, 3 bits: 1/8 in to 1-1/8 in",Milwaukee,48-89-9257,Step Drill Bit Set,3 bits: 1/8 in to 1-1/8 in,TOOLS-Milwaukee-48-89-9257
"Milwaukee Multi-Tool Blade Set, 3 piece",Milwaukee,48-90-1000,Multi-Tool Blade Set,3 piece,TOOLS-Milwaukee-48-90-1000
"Milwaukee Rotary Hammer Extension Bit, 7-1/2 in",Milwaukee,48-95-6070,Rotary Hammer Extension Bit,7-1/2 in,TOOLS-Milwaukee-48-95-6070
"Milwaukee Reciprocating Saw Blade, 4 in",Milwaukee,49-00-5418,Reciprocating Saw Blade,4 in,TOOLS-Milwaukee-49-00-5418
Milwaukee Multi-Tool Blade,Milwaukee,49-10-9005,Multi-Tool Blade,,TOOLS-Milwaukee-49-10-9005
Milwaukee Multi-Tool Blade Set,Milwaukee,49-10-9112,Multi-Tool Blade Set,,TOOLS-Milwaukee-49-10-9112
"Milwaukee Multi-Tool Blade Set, 9 blades",Milwaukee,49-10-9113,Multi-Tool Blade Set,9 blades,TOOLS-Milwaukee-49-10-9113
"Milwaukee Hole Saw, 2 in",Milwaukee,49-16-2671,Hole Saw,2 in,TOOLS-Milwaukee-49-16-2671
"Milwaukee Knockout Kit, 1/2 in to 2 in",Milwaukee,49-16-2694,Knockout Kit,1/2 in to 2 in,TOOLS-Milwaukee-49-16-2694
"Milwaukee Spade Bit, 6 piece",Milwaukee,49-22-0071,Spade Bit,6 piece,TOOLS-Milwaukee-49-22-0071
"Milwaukee Spade Bit Set, 6 bits: 3/8 in to 1 in",Milwaukee,49-22-0175,Spade Bit Set,6 bits: 3/8 in to 1 in,TOOLS-Milwaukee-49-22-0175
Milwaukee Reciprocating Saw Blade,Milwaukee,49-22-1105,Reciprocating Saw Blade,,TOOLS-Milwaukee-49-22-1105
"Milwaukee Reciprocating Saw Blade Set, 10 piece",Milwaukee,49-22-1110,Reciprocating Saw Blade Set,10 piece,TOOLS-Milwaukee-49-22-1110
"Milwaukee Reciprocating Saw Blade, 12 piece",Milwaukee,49-22-1129,Reciprocating Saw Blade,12 piece,TOOLS-Milwaukee-49-22-1129
"Milwaukee Hole Saw, 9 piece",Milwaukee,49-22-3079,Hole Saw,9 piece,TOOLS-Milwaukee-49-22-3079
Milwaukee Hole Saw Set,Milwaukee,49-22-4006,Hole Saw Set,,TOOLS-Milwaukee-49-22-4006
"Milwaukee Hole Saw, 7 piece",Milwaukee,49-22-4088,Hole Saw,7 piece,TOOLS-Milwaukee-49-22-4088
"Milwaukee Hole Saw, 10 piece",Milwaukee,49-22-4095,Hole Saw,10 piece,TOOLS-Milwaukee-49-22-4095
"Milwaukee Hole Saw, 19 piece",Milwaukee,49-22-4105,Hole Saw,19 piece,TOOLS-Milwaukee-49-22-4105
"Milwaukee Hole Saw, 15 piece",Milwaukee,49-22-4175,Hole Saw,15 piece,TOOLS-Milwaukee-49-22-4175
"Milwaukee Hole Saw Set, 3 bits: 7/8 in to 1-3/8 in",Milwaukee,49-22-4800,Hole Saw Set,3 bits: 7/8 in to 1-3/8 in,TOOLS-Milwaukee-49-22-4800
"Milwaukee Hole Saw Set, 10 piece",Milwaukee,49-22-5606,Hole Saw Set,10 piece,TOOLS-Milwaukee-49-22-5606
Milwaukee Right Angle Adapter,Milwaukee,49-22-8510,Right Angle Adapter,,TOOLS-Milwaukee-49-22-8510
"Milwaukee Hole Saw Set, 7 /8 in to 1-3/8 in",Milwaukee,49-22-8610,Hole Saw Set,7 /8 in to 1-3/8 in,TOOLS-Milwaukee-49-22-8610
Milwaukee Carbide Hole Cutter Set,Milwaukee,49-22-8620,Carbide Hole Cutter Set,,TOOLS-Milwaukee-49-22-8620
"Milwaukee Tool Battery, 18v",Milwaukee,49-24-2371,Tool Battery,18v,TOOLS-Milwaukee-49-24-2371
"Milwaukee Multi-Tool Blade Set, 3 blades: 1-3/8 in",Milwaukee,49-25-1103,Multi-Tool Blade Set,3 blades: 1-3/8 in,TOOLS-Milwaukee-49-25-1103
Milwaukee Multi-Tool Blade,Milwaukee,49-25-1233,Multi-Tool Blade,,TOOLS-Milwaukee-49-25-1233
"Milwaukee Multi-Tool Blade, 1-1/8 in",Milwaukee,49-25-1253,Multi-Tool Blade,1-1/8 in,TOOLS-Milwaukee-49-25-1253
"Milwaukee Multi-Tool Blade, 1-3/8 in",Milwaukee,49-25-1522,Multi-Tool Blade,1-3/8 in,TOOLS-Milwaukee-49-25-1522
"Milwaukee Hole Saw, 3/4 in",Milwaukee,49-56-0023,Hole Saw,3/4 in,TOOLS-Milwaukee-49-56-0023
"Milwaukee Hole Saw, 7/8 in",Milwaukee,49-56-0032,Hole Saw,7/8 in,TOOLS-Milwaukee-49-56-0032
"Milwaukee Hole Saw, 1 in",Milwaukee,49-56-0043,Hole Saw,1 in,TOOLS-Milwaukee-49-56-0043
"Milwaukee Hole Saw, 1-1/16 in",Milwaukee,49-56-0047,Hole Saw,1-1/16 in,TOOLS-Milwaukee-49-56-0047
"Milwaukee Hole Saw, 1-1/8 in",Milwaukee,49-56-0052,Hole Saw,1-1/8 in,TOOLS-Milwaukee-49-56-0052
"Milwaukee Hole Saw, 1-1/4 in",Milwaukee,49-56-0062,Hole Saw,1-1/4 in,TOOLS-Milwaukee-49-56-0062
"Milwaukee Hole Saw, 1-3/8 in",Milwaukee,49-56-0072,Hole Saw,1-3/8 in,TOOLS-Milwaukee-49-56-0072
"Milwaukee Hole Saw, 1-7/16 in",Milwaukee,49-56-0077,Hole Saw,1-7/16 in,TOOLS-Milwaukee-49-56-0077
"Milwaukee Hole Saw, 1-1/2 in",Milwaukee,49-56-0082,Hole Saw,1-1/2 in,TOOLS-Milwaukee-49-56-0082
"Milwaukee Hole Saw, 1-5/8 in",Milwaukee,49-56-0092,Hole Saw,1-5/8 in,TOOLS-Milwaukee-49-56-0092
"Milwaukee Hole Saw, 1-3/4 in",Milwaukee,49-56-0102,Hole Saw,1-3/4 in,TOOLS-Milwaukee-49-56-0102
"Milwaukee Hole Saw, 2 in",Milwaukee,49-56-0117,Hole Saw,2 in,TOOLS-Milwaukee-49-56-0117
"Milwaukee Hole Saw, 2-1/8 in",Milwaukee,49-56-0127,Hole Saw,2-1/8 in,TOOLS-Milwaukee-49-56-0127
"Milwaukee Hole Saw, 2-1/4 in",Milwaukee,49-56-0132,Hole Saw,2-1/4 in,TOOLS-Milwaukee-49-56-0132
"Milwaukee Hole Saw, 2-3/8 in",Milwaukee,49-56-0142,Hole Saw,2-3/8 in,TOOLS-Milwaukee-49-56-0142
"Milwaukee Hole Saw, 2-1/2 in",Milwaukee,49-56-0147,Hole Saw,2-1/2 in,TOOLS-Milwaukee-49-56-0147
"Milwaukee Hole Saw, 2-3/4 in",Milwaukee,49-56-0163,Hole Saw,2-3/4 in,TOOLS-Milwaukee-49-56-0163
"Milwaukee Hole Saw, 3 in",Milwaukee,49-56-0173,Hole Saw,3 in,TOOLS-Milwaukee-49-56-0173
"Milwaukee Hole Saw, 3-1/2 in",Milwaukee,49-56-0193,Hole Saw,3-1/2 in,TOOLS-Milwaukee-49-56-0193
"Milwaukee Hole Saw, 3-5/8 in",Milwaukee,49-56-0197,Hole Saw,3-5/8 in,TOOLS-Milwaukee-49-56-0197
"Milwaukee Hole Saw, 4 in",Milwaukee,49-56-0213,Hole Saw,4 in,TOOLS-Milwaukee-49-56-0213
"Milwaukee Hole Saw, 1 in",Milwaukee,49-56-0707,Hole Saw,1 in,TOOLS-Milwaukee-49-56-0707
"Milwaukee Hole Saw, 1-1/8 in",Milwaukee,49-56-0708,Hole Saw,1-1/8 in,TOOLS-Milwaukee-49-56-0708
"Milwaukee Hole Saw, 1-3/8 in",Milwaukee,49-56-0712,Hole Saw,1-3/8 in,TOOLS-Milwaukee-49-56-0712
"Milwaukee Hole Saw, 1-1/2 in",Milwaukee,49-56-0713,Hole Saw,1-1/2 in,TOOLS-Milwaukee-49-56-0713
"Milwaukee Hole Saw, 2 in",Milwaukee,49-56-0720,Hole Saw,2 in,TOOLS-Milwaukee-49-56-0720
"Milwaukee Hole Saw, 2-3/8 in",Milwaukee,49-56-0726,Hole Saw,2-3/8 in,TOOLS-Milwaukee-49-56-0726
"Milwaukee Hole Saw, 2-1/2 in",Milwaukee,49-56-0727,Hole Saw,2-1/2 in,TOOLS-Milwaukee-49-56-0727
"Milwaukee Hole Saw, 2-5/8 in",Milwaukee,49-56-0729,Hole Saw,2-5/8 in,TOOLS-Milwaukee-49-56-0729
Milwaukee Reciprocating Saw Blade,Milwaukee,49-56-0731,Reciprocating Saw Blade,,TOOLS-Milwaukee-49-56-0731
"Milwaukee Hole Saw, 3 in",Milwaukee,49-56-0734,Hole Saw,3 in,TOOLS-Milwaukee-49-56-0734
"Milwaukee Hole Saw, 3-1/2 in",Milwaukee,49-56-0738,Hole Saw,3-1/2 in,TOOLS-Milwaukee-49-56-0738
"Milwaukee Hole Saw, 1-1/8 in",Milwaukee,49-56-1123,Hole Saw,1-1/8 in,TOOLS-Milwaukee-49-56-1123
"Milwaukee Hole Saw, 3/4 in",Milwaukee,49-56-5090,Hole Saw,3/4 in,TOOLS-Milwaukee-49-56-5090
"Milwaukee Hole Saw, 1-1/8 in",Milwaukee,49-56-5120,Hole Saw,1-1/8 in,TOOLS-Milwaukee-49-56-5120
"Milwaukee Hole Saw, 1-3/8 in",Milwaukee,49-56-5140,Hole Saw,1-3/8 in,TOOLS-Milwaukee-49-56-5140
"Milwaukee Hole Saw, 1-1/2 in",Milwaukee,49-56-5150,Hole Saw,1-1/2 in,TOOLS-Milwaukee-49-56-5150
Milwaukee Hole Saw,Milwaukee,49-56-5155,Hole Saw,,TOOLS-Milwaukee-49-56-5155
"Milwaukee Hole Saw, 2 in",Milwaukee,49-56-5160,Hole Saw,2 in,TOOLS-Milwaukee-49-56-5160
"Milwaukee Hole Saw, 2-1/2 in",Milwaukee,49-56-5170,Hole Saw,2-1/2 in,TOOLS-Milwaukee-49-56-5170
"Milwaukee Hole Saw, 1-1/8 in",Milwaukee,49-56-5615,Hole Saw,1-1/8 in,TOOLS-Milwaukee-49-56-5615
"Milwaukee Hole Saw, 1/4 in",Milwaukee,49-56-6950,Hole Saw,1/4 in,TOOLS-Milwaukee-49-56-6950
"Milwaukee Hole Saw, 7/16 in",Milwaukee,49-56-7000,Hole Saw,7/16 in,TOOLS-Milwaukee-49-56-7000
"Milwaukee Hole Saw, 3/8 in",Milwaukee,49-56-7010,Hole Saw,3/8 in,TOOLS-Milwaukee-49-56-7010
"Milwaukee Hole Saw, 7/16 in",Milwaukee,49-56-7055,Hole Saw,7/16 in,TOOLS-Milwaukee-49-56-7055
"Milwaukee Hole Saw, 7/16 in",Milwaukee,49-56-7240,Hole Saw,7/16 in,TOOLS-Milwaukee-49-56-7240
"Milwaukee Hole Saw, 3/8 in",Milwaukee,49-56-7250,Hole Saw,3/8 in,TOOLS-Milwaukee-49-56-7250
"Milwaukee Pilot Bit, 1/4 x 4 in",Milwaukee,49-56-8000,Pilot Bit,1/4 x 4 in,TOOLS-Milwaukee-49-56-8000
"Milwaukee Pilot Bit, 1/4 x 3-1/2 in",Milwaukee,49-56-8010,Pilot Bit,1/4 x 3-1/2 in,TOOLS-Milwaukee-49-56-8010
"Milwaukee Hole Saw, 1-1/4 in",Milwaukee,49-56-9100,Hole Saw,1-1/4 in,TOOLS-Milwaukee-49-56-9100
"Milwaukee Carbide Hole Cutter, 1-3/8 in",Milwaukee,49-56-9200,Carbide Hole Cutter,1-3/8 in,TOOLS-Milwaukee-49-56-9200
Milwaukee Hole Saw Set,Milwaukee,49-56-9290,Hole Saw Set,,TOOLS-Milwaukee-49-56-9290
"Milwaukee Hole Saw, 1-1/2 in",Milwaukee,49-56-9617,Hole Saw,1-1/2 in,TOOLS-Milwaukee-49-56-9617
"Milwaukee Hole Saw, 1-3/4 in",Milwaukee,49-56-9621,Hole Saw,1-3/4 in,TOOLS-Milwaukee-49-56-9621
"Milwaukee Hole Saw, 2 in",Milwaukee,49-56-9624,Hole Saw,2 in,TOOLS-Milwaukee-49-56-9624
"Milwaukee Hole Saw, 2-1/8 in",Milwaukee,49-56-9626,Hole Saw,2-1/8 in,TOOLS-Milwaukee-49-56-9626
"Milwaukee Hole Saw, 1-1/4 in",Milwaukee,49-56-9664,Hole Saw,1-1/4 in,TOOLS-Milwaukee-49-56-9664
"Milwaukee Hole Saw, 1-1/2 in",Milwaukee,49-56-9665,Hole Saw,1-1/2 in,TOOLS-Milwaukee-49-56-9665
"Milwaukee Hole Saw, 1-3/4 in",Milwaukee,49-56-9666,Hole Saw,1-3/4 in,TOOLS-Milwaukee-49-56-9666
"Milwaukee Hole Saw, 7/8 in",Milwaukee,49-56-9810,Hole Saw,7/8 in,TOOLS-Milwaukee-49-56-9810
"Milwaukee Hole Saw, 1 in",Milwaukee,49-56-9815,Hole Saw,1 in,TOOLS-Milwaukee-49-56-9815
"Milwaukee Hole Saw, 1-1/8 in",Milwaukee,49-56-9820,Hole Saw,1-1/8 in,TOOLS-Milwaukee-49-56-9820
"Milwaukee Hole Saw, 1-1/4 in",Milwaukee,49-56-9825,Hole Saw,1-1/4 in,TOOLS-Milwaukee-49-56-9825
"Milwaukee Hole Saw, 1-3/8 in",Milwaukee,49-56-9830,Hole Saw,1-3/8 in,TOOLS-Milwaukee-49-56-9830
"Milwaukee Hole Saw, 1-1/2 in",Milwaukee,49-56-9835,Hole Saw,1-1/2 in,TOOLS-Milwaukee-49-56-9835
Milwaukee Carbide Hole Cutter,Milwaukee,49-57-8605,Carbide Hole Cutter,,TOOLS-Milwaukee-49-57-8605
"Milwaukee Carbide Hole Cutter, 1-1/8 in",Milwaukee,49-57-8615,Carbide Hole Cutter,1-1/8 in,TOOLS-Milwaukee-49-57-8615
"Milwaukee Carbide Hole Cutter, 1-3/4 in",Milwaukee,49-57-8629,Carbide Hole Cutter,1-3/4 in,TOOLS-Milwaukee-49-57-8629
"Milwaukee Carbide Hole Cutter, 2-1/2 in",Milwaukee,49-57-8639,Carbide Hole Cutter,2-1/2 in,TOOLS-Milwaukee-49-57-8639
"Milwaukee Socket Set, 8 piece",Milwaukee,49-66-4419,Socket Set,8 piece,TOOLS-Milwaukee-49-66-4419
"Milwaukee Socket, 5/16 in",Milwaukee,49-66-4422,Socket,5/16 in,TOOLS-Milwaukee-49-66-4422
"Milwaukee Socket, 7/16 in",Milwaukee,49-66-4425,Socket,7/16 in,TOOLS-Milwaukee-49-66-4425
"Milwaukee Nut Driver Bit, 5/16 in",Milwaukee,49-66-4503,Nut Driver Bit,5/16 in,TOOLS-Milwaukee-49-66-4503
"Milwaukee Nut Driver Bit, 3/8 in",Milwaukee,49-66-4505,Nut Driver Bit,3/8 in,TOOLS-Milwaukee-49-66-4505
"Milwaukee Nut Driver Bit, 7/16 in",Milwaukee,49-66-4506,Nut Driver Bit,7/16 in,TOOLS-Milwaukee-49-66-4506
"Milwaukee Nut Driver Bit, 3/8 in",Milwaukee,49-66-4515,Nut Driver Bit,3/8 in,TOOLS-Milwaukee-49-66-4515
"Milwaukee Nut Driver Bit, 5/16 in",Milwaukee,49-66-4523,Nut Driver Bit,5/16 in,TOOLS-Milwaukee-49-66-4523
"Milwaukee Nut Driver Bit, 1/4 in",Milwaukee,49-66-4532,Nut Driver Bit,1/4 in,TOOLS-Milwaukee-49-66-4532
"Milwaukee Nut Driver Bit, 5/16 in",Milwaukee,49-66-4533,Nut Driver Bit,5/16 in,TOOLS-Milwaukee-49-66-4533
"Milwaukee Nut Driver Bit, 3/8 in",Milwaukee,49-66-4535,Nut Driver Bit,3/8 in,TOOLS-Milwaukee-49-66-4535
"Milwaukee Nut Driver Bit, 7/16 in",Milwaukee,49-66-4536,Nut Driver Bit,7/16 in,TOOLS-Milwaukee-49-66-4536
"Milwaukee Nut Driver Bit, 1/2 in x 2-9/16 in",Milwaukee,49-66-4537,Nut Driver Bit,1/2 in x 2-9/16 in,TOOLS-Milwaukee-49-66-4537
Milwaukee Nut Driver Bit Set,Milwaukee,49-66-4561,Nut Driver Bit Set,,TOOLS-Milwaukee-49-66-4561
"Milwaukee Nut Driver Bit, 1-7/8 in",Milwaukee,49-66-4562,Nut Driver Bit,1-7/8 in,TOOLS-Milwaukee-49-66-4562
"Milwaukee Nut Driver Bit Set, 5 piece",Milwaukee,49-66-4563,Nut Driver Bit Set,5 piece,TOOLS-Milwaukee-49-66-4563
"Milwaukee Nut Driver Bit, 1/2 in",Milwaukee,49-66-4587,Nut Driver Bit,1/2 in,TOOLS-Milwaukee-49-66-4587
"Milwaukee Nut Driver Bit, 1/4 in",Milwaukee,49-66-4702,Nut Driver Bit,1/4 in,TOOLS-Milwaukee-49-66-4702
"Milwaukee Nut Driver Bit, 5/16 in",Milwaukee,49-66-4703,Nut Driver Bit,5/16 in,TOOLS-Milwaukee-49-66-4703
"Milwaukee Nut Driver Bit, 1/4 in",Milwaukee,49-66-4732,Nut Driver Bit,1/4 in,TOOLS-Milwaukee-49-66-4732
"Milwaukee Nut Driver Bit, 5/16 in",Milwaukee,49-66-4733,Nut Driver Bit,5/16 in,TOOLS-Milwaukee-49-66-4733
"Milwaukee Nut Driver Bit, 3/8 in",Milwaukee,49-66-4735,Nut Driver Bit,3/8 in,TOOLS-Milwaukee-49-66-4735
"Milwaukee Nut Driver Bit, 7/16 in",Milwaukee,49-66-4736,Nut Driver Bit,7/16 in,TOOLS-Milwaukee-49-66-4736
"Milwaukee Nut Driver Bit, 1/2 x 2-9/16 in",Milwaukee,49-66-4737,Nut Driver Bit,1/2 x 2-9/16 in,TOOLS-Milwaukee-49-66-4737
Milwaukee Nut Driver Bit,Milwaukee,49-66-4833,Nut Driver Bit,,TOOLS-Milwaukee-49-66-4833
"Milwaukee Socket Set, 15 sockets: 3/8 in to 1-1/2 in",Milwaukee,49-66-6802,Socket Set,15 sockets: 3/8 in to 1-1/2 in,TOOLS-Milwaukee-49-66-6802
"Milwaukee Socket Kit, 27 sockets: 10 mm to 1-1/8 in",Milwaukee,49-66-6804,Socket Kit,27 sockets: 10 mm to 1-1/8 in,TOOLS-Milwaukee-49-66-6804
"Milwaukee Socket Set, 12 piece",Milwaukee,49-66-7006,Socket Set,12 piece,TOOLS-Milwaukee-49-66-7006
"Milwaukee Socket Set, 12 piece",Milwaukee,49-66-7010,Socket Set,12 piece,TOOLS-Milwaukee-49-66-7010
"Milwaukee Socket Set, 1/2 in",Milwaukee,49-66-7011,Socket Set,1/2 in,TOOLS-Milwaukee-49-66-7011
Milwaukee Socket Set,Milwaukee,49-66-7024,Socket Set,,TOOLS-Milwaukee-49-66-7024
"Milwaukee Socket Set, 5 sockets: 3/8 in to 5/8 in",Milwaukee,49-66-7035,Socket Set,5 sockets: 3/8 in to 5/8 in,TOOLS-Milwaukee-49-66-7035
Milwaukee Reamer Attachment,Milwaukee,49-90-2029,Reamer Attachment,,TOOLS-Milwaukee-49-90-2029
Milwaukee Tool Box,Milwaukee,50-55-3560,Tool Box,,TOOLS-Milwaukee-50-55-3560
Milwaukee Rotary Hammer,Milwaukee,5263-21,Rotary Hammer,,TOOLS-Milwaukee-5263-21
Milwaukee Rotary Hammer,Milwaukee,5317-21,Rotary Hammer,,TOOLS-Milwaukee-5317-21
Milwaukee Level,Milwaukee,587-24,Level,,TOOLS-Milwaukee-587-24
"Milwaukee Nut Driver Bit, 3/8 in",Milwaukee,592-422,Nut Driver Bit,3/8 in,TOOLS-Milwaukee-592-422
Milwaukee Angle Grinder,Milwaukee,6141-30,Angle Grinder,,TOOLS-Milwaukee-6141-30
Milwaukee Band Saw,Milwaukee,6232-21,Band Saw,,TOOLS-Milwaukee-6232-21
"Milwaukee Test Leads, 1000V",Milwaukee,77-1004,Test Leads,1000V,TOOLS-Milwaukee-77-1004
"Milwaukee Heat Gun, 1000 degree",Milwaukee,8975-6,Heat Gun,1000 degree,TOOLS-Milwaukee-8975-6
Milwaukee Level,Milwaukee,EM81.9,Level,,TOOLS-Milwaukee-EM81.9
"Milwaukee Level, 9 in",Milwaukee,EM81.9G,Level,9 in,TOOLS-Milwaukee-EM81.9G
"Milwaukee Tool Battery, m18",Milwaukee,M18XC-PROMOBATT,Tool Battery,m18,TOOLS-Milwaukee-M18XC-PROMOBATT
"Milwaukee Rafter Square, 4-1/2 in",Milwaukee,MLSQ040,Rafter Square,4-1/2 in,TOOLS-Milwaukee-MLSQ040
"Milwaukee Rafter Square, 7 in",Milwaukee,MLSQM070,Rafter Square,7 in,TOOLS-Milwaukee-MLSQM070
"Milwaukee Screwdriver Set, 4 pieces",Milwaukee,MT200-4,Screwdriver Set,4 pieces,TOOLS-Milwaukee-MT200-4
"Milwaukee Screwdriver, flat: 3/16 in",Milwaukee,MT212,Screwdriver,flat: 3/16 in,TOOLS-Milwaukee-MT212
"Milwaukee Screwdriver, #2 ECX",Milwaukee,MT216,Screwdriver,#2 ECX,TOOLS-Milwaukee-MT216
"Milwaukee Screwdriver, 4 in",Milwaukee,MT218,Screwdriver,4 in,TOOLS-Milwaukee-MT218
"Milwaukee Lineman Pliers, 9 in",Milwaukee,MT500,Lineman Pliers,9 in,TOOLS-Milwaukee-MT500
"Milwaukee Lineman Pliers, 9 in",Milwaukee,MT500C,Lineman Pliers,9 in,TOOLS-Milwaukee-MT500C
"Milwaukee Needle Nose Pliers, 8 in",Milwaukee,MT505,Needle Nose Pliers,8 in,TOOLS-Milwaukee-MT505
"Minerallac Step Drill Bit,  7/8x1-1/8x1/4 in",Minerallac,68044,Step Drill Bit, 7/8x1-1/8x1/4 in,TOOLS-Minerallac-68044
"Minerallac Bell Hanger Bit, 1/4 in x 18 in",Minerallac,82304,Bell Hanger Bit,1/4 in x 18 in,TOOLS-Minerallac-82304
"Morris Fish Rod Set, 12 ft",Morris,31611,Fish Rod Set,12 ft,TOOLS-Morris-31611
Morris Label Printer,Morris,D1756589,Label Printer,,TOOLS-Morris-D1756589
"Multi-Contact Crimp Tool, MC4",Multi-Contact,32.6020-22100,Crimp Tool,MC4,TOOLS-Multi-Contact-32.6020-22100
Nebo Headlamp,Nebo,7001,Headlamp,,TOOLS-Nebo-7001
Nebo Utility Knife,Nebo,5517,Utility Knife,,TOOLS-Nebo-5517
Nebo Tool Holster,Nebo,6274,Tool Holster,,TOOLS-Nebo-6274
"Nebo Flashlight, 300 lumens",Nebo,6868,Flashlight,300 lumens,TOOLS-Nebo-6868
Nebo Headlamp,Nebo,NEB-HLP-0002,Headlamp,,TOOLS-Nebo-NEB-HLP-0002
Nebo Headlamp,Nebo,NEB-HLP-0011,Headlamp,,TOOLS-Nebo-NEB-HLP-0011
Nebo Lighter,Nebo,TRU-ACC-1000,Lighter,,TOOLS-Nebo-TRU-ACC-1000
Newborn Caulk Gun,Newborn,300,Caulk Gun,,TOOLS-Newborn-300
"Newborn Caulk Gun, 10 oz",Newborn,MODEL 77,Caulk Gun,10 oz,TOOLS-Newborn-MODEL-77
"Norseman Drill & Tool Split Point Drill Bit, 7/32 in",Norseman Drill & Tool,5680,Split Point Drill Bit,7/32 in,TOOLS-Norseman-Drill-&-Tool-5680
"Norseman Drill & Tool Split Point Drill Bit, 17/64 ines",Norseman Drill & Tool,87050,Split Point Drill Bit,17/64 ines,TOOLS-Norseman-Drill-&-Tool-87050
Norseman Drill & Tool Step Drill Bit,Norseman Drill & Tool,1/4BG,Step Drill Bit,,TOOLS-Norseman-Drill-&-Tool-1/4BG
"Norseman Drill & Tool Split Point Drill Bit Set, 29 bits: 1/16 in to 1/2 in",Norseman Drill & Tool,SP29P,Split Point Drill Bit Set,29 bits: 1/16 in to 1/2 in,TOOLS-Norseman-Drill-&-Tool-SP29P
"Performance Tool Screwdriver Set, 7 screwdrivers",Performance Tool,W80007,Screwdriver Set,7 screwdrivers,TOOLS-Performance-Tool-W80007
"Plaskolite Utility Jug, 1 gal",Plaskolite,S-10746B,Utility Jug,1 gal,TOOLS-Plaskolite-S-10746B
Platinum Tools Side Cutting Pliers,Platinum Tools,10531C,Side Cutting Pliers,,TOOLS-Platinum-Tools-10531C
Rack-A-Tiers Wire Spool Holder,Rack-A-Tiers,11455,Wire Spool Holder,,TOOLS-Rack-A-Tiers-11455
Rack-A-Tiers Wire Spool Holder,Rack-A-Tiers,11655,Wire Spool Holder,,TOOLS-Rack-A-Tiers-11655
"Rack-A-Tiers Solar Connector Tool, 5-in-1",Rack-A-Tiers,30200,Solar Connector Tool,5-in-1,TOOLS-Rack-A-Tiers-30200
"Rack-A-Tiers Tool Belt, 19 pockets",Rack-A-Tiers,46242,Tool Belt,19 pockets,TOOLS-Rack-A-Tiers-46242
"Rack-A-Tiers Wire Spool Holder, 330 lb",Rack-A-Tiers,11455,Wire Spool Holder,330 lb,TOOLS-Rack-A-Tiers-11455
Rack-A-Tiers Wire Spool Holder,Rack-A-Tiers,11700,Wire Spool Holder,,TOOLS-Rack-A-Tiers-11700
"Rack-A-Tiers Wire Spool Holder, 1 spool",Rack-A-Tiers,18455,Wire Spool Holder,1 spool,TOOLS-Rack-A-Tiers-18455
Rack-A-Tiers Wire Spool Holder,Rack-A-Tiers,19455,Wire Spool Holder,,TOOLS-Rack-A-Tiers-19455
Rack-A-Tiers Wire Stripper,Rack-A-Tiers,47000,Wire Stripper,,TOOLS-Rack-A-Tiers-47000
"Rack-A-Tiers Stud Finder, magnetic",Rack-A-Tiers,52300,Stud Finder,magnetic,TOOLS-Rack-A-Tiers-52300
"Rack-A-Tiers Screwdriver Bit, #1 Phillips",Rack-A-Tiers,70141LB,Screwdriver Bit,#1 Phillips,TOOLS-Rack-A-Tiers-70141LB
"Rack-A-Tiers Screwdriver Bit Set, 3 bits",Rack-A-Tiers,70160G,Screwdriver Bit Set,3 bits,TOOLS-Rack-A-Tiers-70160G
"Rack-A-Tiers Screwdriver Bit, #2 Square",Rack-A-Tiers,70160GP2,Screwdriver Bit,#2 Square,TOOLS-Rack-A-Tiers-70160GP2
"Rack-A-Tiers Screwdriver Bit, #2 Phillips, #2 Square",Rack-A-Tiers,70226BR,Screwdriver Bit,"#2 Phillips, #2 Square",TOOLS-Rack-A-Tiers-70226BR
"Rack-A-Tiers Screwdriver Bit, #2 Phillips",Rack-A-Tiers,70241BL,Screwdriver Bit,#2 Phillips,TOOLS-Rack-A-Tiers-70241BL
"Rack-A-Tiers Driver Bit Set, 5 pieces",Rack-A-Tiers,70244B,Driver Bit Set,5 pieces,TOOLS-Rack-A-Tiers-70244B
"Rack-A-Tiers Screwdriver Bit Set, 4 in",Rack-A-Tiers,70244R,Screwdriver Bit Set,4 in,TOOLS-Rack-A-Tiers-70244R
"Rack-A-Tiers Screwdriver Bit, #2 Square",Rack-A-Tiers,70260R,Screwdriver Bit,#2 Square,TOOLS-Rack-A-Tiers-70260R
"Rack-A-Tiers Screwdriver Bit, #2 Square",Rack-A-Tiers,70260RP2,Screwdriver Bit,#2 Square,TOOLS-Rack-A-Tiers-70260RP2
"Rack-A-Tiers Screwdriver Bit, #2 Phillips",Rack-A-Tiers,70261BL,Screwdriver Bit,#2 Phillips,TOOLS-Rack-A-Tiers-70261BL
"Rack-A-Tiers Screwdriver Bit, #2 Phillips",Rack-A-Tiers,70261BLP2,Screwdriver Bit,#2 Phillips,TOOLS-Rack-A-Tiers-70261BLP2
"Rack-A-Tiers Socket Kit, 3 piece",Rack-A-Tiers,70466RY,Socket Kit,3 piece,TOOLS-Rack-A-Tiers-70466RY
"Rack-A-Tiers Nut Driver Bit, 1/4 in",Rack-A-Tiers,70531RP1,Nut Driver Bit,1/4 in,TOOLS-Rack-A-Tiers-70531RP1
"Rack-A-Tiers Nut Driver Bit, 1/4 in",Rack-A-Tiers,70561R,Nut Driver Bit,1/4 in,TOOLS-Rack-A-Tiers-70561R
"Rack-A-Tiers Screwdriver Bit, 1/4 in",Rack-A-Tiers,70561RP1,Screwdriver Bit,1/4 in,TOOLS-Rack-A-Tiers-70561RP1
"Rack-A-Tiers Nut Driver Bit, 5/16 x 2-1/2 in",Rack-A-Tiers,70631Y,Nut Driver Bit,5/16 x 2-1/2 in,TOOLS-Rack-A-Tiers-70631Y
"Rack-A-Tiers Nut Driver Bit, 5/16 in",Rack-A-Tiers,70631YP1,Nut Driver Bit,5/16 in,TOOLS-Rack-A-Tiers-70631YP1
"Rack-A-Tiers Rotary Hammer Extension Bit, 6 in",Rack-A-Tiers,70661Y,Rotary Hammer Extension Bit,6 in,TOOLS-Rack-A-Tiers-70661Y
"Rack-A-Tiers Nut Driver Bit, 5/16 in",Rack-A-Tiers,70661YP1,Nut Driver Bit,5/16 in,TOOLS-Rack-A-Tiers-70661YP1
"Rack-A-Tiers Nut Driver Bit, 3/8 in",Rack-A-Tiers,70761BL,Nut Driver Bit,3/8 in,TOOLS-Rack-A-Tiers-70761BL
"Rack-A-Tiers Nut Driver Bit, 3/8 in",Rack-A-Tiers,70761BLP1,Nut Driver Bit,3/8 in,TOOLS-Rack-A-Tiers-70761BLP1
"Rack-A-Tiers Nut Driver Bit, 7/16 in",Rack-A-Tiers,70861BR,Nut Driver Bit,7/16 in,TOOLS-Rack-A-Tiers-70861BR
"Rack-A-Tiers Nut Driver Bit, 7/16 in",Rack-A-Tiers,70861BRP1,Nut Driver Bit,7/16 in,TOOLS-Rack-A-Tiers-70861BRP1
"Rack-A-Tiers Nut Driver Bit, 1/2 in",Rack-A-Tiers,70931BK,Nut Driver Bit,1/2 in,TOOLS-Rack-A-Tiers-70931BK
"Rack-A-Tiers Nut Driver Bit, 1/2 in",Rack-A-Tiers,70961BKP1,Nut Driver Bit,1/2 in,TOOLS-Rack-A-Tiers-70961BKP1
"Rack-A-Tiers Screwdriver Bit, #2 Phillips, #2 Square",Rack-A-Tiers,72422RB,Screwdriver Bit,"#2 Phillips, #2 Square",TOOLS-Rack-A-Tiers-72422RB
"Rack-A-Tiers Wire Spool Holder, undefined",Rack-A-Tiers,C11455,Wire Spool Holder,undefined,TOOLS-Rack-A-Tiers-C11455
Rack-A-Tiers Wire Spool Holder,Rack-A-Tiers,RACKATIERS,Wire Spool Holder,,TOOLS-Rack-A-Tiers-RACKATIERS
Rectorseal Caulk Gun,Rectorseal,66116,Caulk Gun,,TOOLS-Rectorseal-66116
Red Devil Caulk Gun,Red Devil,3985,Caulk Gun,,TOOLS-Red-Devil-3985
Red Devil Caulk Gun,Red Devil,3985,Caulk Gun,,TOOLS-Red-Devil-3985
"Rennsteig Crimp Tool, 12 AWG to 8 AWG",Rennsteig,624 1301 3 1 RT,Crimp Tool,12 AWG to 8 AWG,TOOLS-Rennsteig-624-1301-3-1-RT
Rennsteig Crimp Tool,Rennsteig,R624-570-3-1,Crimp Tool,,TOOLS-Rennsteig-R624-570-3-1
Rhino Label Printer,Rhino,1756589,Label Printer,,TOOLS-Rhino-1756589
"Ridgid Tube Cutter, 1/4 in to 1-1/8 in",Ridgid,40617,Tube Cutter,1/4 in to 1-1/8 in,TOOLS-Ridgid-40617
S-5! Gauge Tool,S-5!,GAUGE TOOL - CLAMP TO SEAM,Gauge Tool,,TOOLS-S-5!-GAUGE-TOOL---CLAMP-TO-SEAM
"Santronics Voltage Tester, 1000V",Santronics,3115,Voltage Tester,1000V,TOOLS-Santronics-3115
Sea Wire Spool Holder,Sea,2028F,Wire Spool Holder,,TOOLS-Sea-2028F
Seatek Cable Cutter,Seatek,8081,Cable Cutter,,TOOLS-Seatek-8081
"Seatek Co Armored Cable Cutter, 7-1/2 in",Seatek Co,RS-101A,Armored Cable Cutter,7-1/2 in,TOOLS-Seatek-Co-RS-101A
"Soraa Work Light, 50 mm",Soraa,325,Work Light,50 mm,TOOLS-Soraa-325
"Southwire Extension Cord, 50 ft",Southwire,2588SW0002,Extension Cord,50 ft,TOOLS-Southwire-2588SW0002
"Southwire Extension Cord, 100 ft",Southwire,2589SW0002,Extension Cord,100 ft,TOOLS-Southwire-2589SW0002
Southwire Cable Pulling Tool,Southwire,IG-KIT,Cable Pulling Tool,,TOOLS-Southwire-IG-KIT
Southwire PVC Heating Blanket,Southwire,PVCHB-13,PVC Heating Blanket,,TOOLS-Southwire-PVCHB-13
Southwire PVC Heating Blanket,Southwire,PVCHB-30,PVC Heating Blanket,,TOOLS-Southwire-PVCHB-30
Specified Technologies Caulk Gun,Specified Technologies,SSACG,Caulk Gun,,TOOLS-Specified-Technologies-SSACG
Stanley Utility Knife Blade,Stanley,11-921A,Utility Knife Blade,,TOOLS-Stanley-11-921A
"Stanley Tape Measure, 30 ft",Stanley,30-464,Tape Measure,30 ft,TOOLS-Stanley-30-464
Stanley Tape Measure,Stanley,33-716,Tape Measure,,TOOLS-Stanley-33-716
"Stanley Tape Measure, 25 ft",Stanley,33-725,Tape Measure,25 ft,TOOLS-Stanley-33-725
Stanley Pry Bar,Stanley,55-515,Pry Bar,,TOOLS-Stanley-55-515
Stanley Tool Box,Stanley,DWST20880,Tool Box,,TOOLS-Stanley-DWST20880
"Stanley Tape Measure, 25 ft",Stanley,FMHT33865,Tape Measure,25 ft,TOOLS-Stanley-FMHT33865
Stanley Hammer,Stanley,STHT51511,Hammer,,TOOLS-Stanley-STHT51511
Stanley Screwdriver,Stanley,STHT60083,Screwdriver,,TOOLS-Stanley-STHT60083
Star Crimp Tool,Star,LS-2546B,Crimp Tool,,TOOLS-Star-LS-2546B
Staubli Crimp Tool,Staubli,32.6025,Crimp Tool,,TOOLS-Staubli-32.6025
"Stewart Ship Auger Bit, 7/8x6-1/2 in",Stewart,14SSA,Ship Auger Bit,7/8x6-1/2 in,TOOLS-Stewart-14SSA
Sulzer Caulk Gun,Sulzer,41001-B,Caulk Gun,,TOOLS-Sulzer-41001-B
"Tacoma Screw Hole Saw, 1-1/8 in",Tacoma Screw,354-310,Hole Saw,1-1/8 in,TOOLS-Tacoma-Screw-354-310
"Tacoma Screw Hole Saw, 1-3/4 in",Tacoma Screw,354-320,Hole Saw,1-3/4 in,TOOLS-Tacoma-Screw-354-320
"Tacoma Screw Screwdriver Bit, 1/4 in",Tacoma Screw,590-522,Screwdriver Bit,1/4 in,TOOLS-Tacoma-Screw-590-522
"TDI Solar Panel Caddy, TranzVolt",TDI,40651,Solar Panel Caddy,TranzVolt,TOOLS-TDI-40651
"Telesteps Ladder, 16 ft",Telesteps,1600ET,Ladder,16 ft,TOOLS-Telesteps-1600ET
"The Pitch Hopper Pitch Hopper, 24 in",The Pitch Hopper,000001,Pitch Hopper,24 in,TOOLS-The-Pitch-Hopper-000001
"The Pitch Hopper Pitch Hopper, 32 in",The Pitch Hopper,000005,Pitch Hopper,32 in,TOOLS-The-Pitch-Hopper-000005
Thomas & Betts Crimp Tool,Thomas & Betts,TBM45S,Crimp Tool,,TOOLS-Thomas-&-Betts-TBM45S
Thomas & Betts Multi-Purpose Pliers,Thomas & Betts,WT112M,Multi-Purpose Pliers,,TOOLS-Thomas-&-Betts-WT112M
"True Utility Pocket Knife, 3-1/2 in",True Utility,TRU-FMK-1003,Pocket Knife,3-1/2 in,TOOLS-True-Utility-TRU-FMK-1003
True Utility Utility Knife,True Utility,TRU-KNF-0001,Utility Knife,,TOOLS-True-Utility-TRU-KNF-0001
Turbotorch Hand Torch,Turbotorch,STK9,Hand Torch,,TOOLS-Turbotorch-STK9
"Uline Utility Knife Blade, 100 piece",Uline,H-64B,Utility Knife Blade,100 piece,TOOLS-Uline-H-64B
"Unbranded Extension Cord, 25 ft",Unbranded,03328.63.04,Extension Cord,25 ft,TOOLS-Unbranded-03328.63.04
"Unbranded Drill Tap Bit, 10/32",Unbranded,10-32 DRILL TAP BIT,Drill Tap Bit,Oct-32,TOOLS-Unbranded-10-32-DRILL-TAP-BIT
"Unbranded Utility Jug, 1 gal",Unbranded,1UTILITYJUG,Utility Jug,1 gal,TOOLS-Unbranded-1UTILITYJUG
"Unbranded Hole Saw, 1-1/2 in",Unbranded,24L,Hole Saw,1-1/2 in,TOOLS-Unbranded-24L
Unbranded Step Drill Bit,Unbranded,30888VB11,Step Drill Bit,,TOOLS-Unbranded-30888VB11
"Unbranded Drill Tap Bit, 8/32",Unbranded,8-32 DRILL TAP BIT,Drill Tap Bit,Aug-32,TOOLS-Unbranded-8-32-DRILL-TAP-BIT
Unbranded Flashlight,Unbranded,B606,Flashlight,,TOOLS-Unbranded-B606
Unbranded Caulk Gun,Unbranded,CAULKGUN,Caulk Gun,,TOOLS-Unbranded-CAULKGUN
Unbranded Ladder Hoist,Unbranded,LADDER LIFT,Ladder Hoist,,TOOLS-Unbranded-LADDER-LIFT
"Unbranded Crimp Tool, 26 AWG to 10 AWG",Unbranded,MC4 CRIMPING TOOL,Crimp Tool,26 AWG to 10 AWG,TOOLS-Unbranded-MC4-CRIMPING-TOOL
Unbranded Utility Knife Blade,Unbranded,RAZER BLADE PACK,Utility Knife Blade,,TOOLS-Unbranded-RAZER-BLADE-PACK
"Unbranded Wire Spool, Wood",Unbranded,WIRE SPOOL,Wire Spool,Wood,TOOLS-Unbranded-WIRE-SPOOL
Unbranded Solar Panel Caddy,Unbranded,27505,Solar Panel Caddy,,TOOLS-Unbranded-27505
"Unirac Screwdriver Bit, 1/4 in, Hex",Unirac,009030S,Screwdriver Bit,"1/4 in, Hex",TOOLS-Unirac-009030S
"Urrea Professional Tools Shovel, 47 in",Urrea Professional Tools,130628,Shovel,47 in,TOOLS-Urrea-Professional-Tools-130628
"Voltec Extension Cord, 14AWG",Voltec,05-00343,Extension Cord,14AWG,TOOLS-Voltec-05-00343
"Voltec Extension Cord, 25ft",Voltec,05-00364,Extension Cord,25ft,TOOLS-Voltec-05-00364
Voltec Headlamp,Voltec,08-00606,Headlamp,,TOOLS-Voltec-08-00606
Voltec Headlamp,Voltec,08-00692,Headlamp,,TOOLS-Voltec-08-00692
Weiler Broom,Weiler,44009,Broom,,TOOLS-Weiler-44009
"Werner Ladder, 8 ft",Werner,6108,Ladder,8 ft,TOOLS-Werner-6108
"Werner Ladder, 5 ft",Werner,6205,Ladder,5 ft,TOOLS-Werner-6205
"Werner Ladder, 4 ft",Werner,6104,Ladder,4 ft,TOOLS-Werner-6104
"Werner Ladder, 4 ft",Werner,6304,Ladder,4 ft,TOOLS-Werner-6304
"Werner Ladder, 16 ft",Werner,D6216-2,Ladder,16 ft,TOOLS-Werner-D6216-2
"Werner Ladder, 24 ft",Werner,D6224-2,Ladder,24 ft,TOOLS-Werner-D6224-2
"Werner Ladder, 28 ft",Werner,D6228-2,Ladder,28 ft,TOOLS-Werner-D6228-2
"Werner Ladder, 32 ft",Werner,D6232-2,Ladder,32 ft,TOOLS-Werner-D6232-2
"Werner Ladder, 36 ft",Werner,D6236-2,Ladder,36 ft,TOOLS-Werner-D6236-2
"Werner Ladder, 40 ft",Werner,D6240-2,Ladder,40 ft,TOOLS-Werner-D6240-2
"Werner Ladder, 22 ft, Multi-Position",Werner,FMT22,Ladder,"22 ft, Multi-Position",TOOLS-Werner-FMT22
"Woodowl Bit Holder/Extender, 8 to 12 in",Woodowl,5317,Bit Holder/Extender,8 to 12 in,TOOLS-Woodowl-5317
